freastal: UV_TCP_REUSEPORT available – SO_REUSEPORT ENABLED
freastal: OpenSSL found – TLS 1.3 ENABLED (vendored picotls)
/Users/joseph.bylund/scratch/freastal/.venv/lib/python3.10/site-packages/setuptools/config/_apply_pyprojecttoml.py:82: SetuptoolsDeprecationWarning: `project.license` as a TOML table is deprecated
!!

        ********************************************************************************
        Please use a simple string containing a SPDX expression for `project.license`. You can also use `project.license-files`. (Both options available on setuptools>=77.0.0).

        By 2027-Feb-18, you need to update your project and remove deprecated calls
        or your builds will no longer be supported.

        See https://packaging.python.org/en/latest/guides/writing-pyproject-toml/#license for details.
        ********************************************************************************

!!
  corresp(dist, value, root_dir)
running build_ext
building 'freastal._freastal' extension
clang -I/opt/homebrew/opt/bzip2/include -I/opt/homebrew/opt/graphviz/include -I/opt/homebrew/opt/lbzip2/include -I/opt/homebrew/opt/libmemcached/include -I/opt/homebrew/opt/mysql/include -I/opt/homebrew/opt/openssl@3/include -I/opt/homebrew/opt/readline/include -I/opt/homebrew/opt/snappy/include -I/opt/homebrew/opt/sqlite/include -I/opt/homebrew/opt/zlib/include -I/Library/Developer/CommandLineTools/SDKs/MacOSX.sdk/usr/include -I/opt/homebrew/opt/bzip2/include -I/opt/homebrew/opt/graphviz/include -I/opt/homebrew/opt/lbzip2/include -I/opt/homebrew/opt/libmemcached/include -I/opt/homebrew/opt/mysql/include -I/opt/homebrew/opt/openssl@3/include -I/opt/homebrew/opt/readline/include -I/opt/homebrew/opt/snappy/include -I/opt/homebrew/opt/sqlite/include -I/opt/homebrew/opt/zlib/include -I/Library/Developer/CommandLineTools/SDKs/MacOSX.sdk/usr/include -I/Library/Developer/CommandLineTools/SDKs/MacOSX.sdk/usr/include -arch arm64 -DFREASTAL_REUSEPORT=1 -DFREASTAL_TLS=1 -Ifreastal/src -Ivendor/picohttpparser -Ivendor/picotls/include -Ivendor/picotls/lib -I/opt/homebrew/Cellar/libuv/1.52.1/include -I/opt/homebrew/Cellar/openssl@3/3.6.3/include -I/Users/joseph.bylund/scratch/freastal/.venv/include -I/Users/joseph.bylund/.pyenv/versions/3.10.12/include/python3.10 -c freastal/src/asgi.c -o build/temp.macosx-15.1-arm64-cpython-310/freastal/src/asgi.o -O3 -march=native -fvisibility=hidden -Wall -Wextra -Wno-unused-parameter
clang -I/opt/homebrew/opt/bzip2/include -I/opt/homebrew/opt/graphviz/include -I/opt/homebrew/opt/lbzip2/include -I/opt/homebrew/opt/libmemcached/include -I/opt/homebrew/opt/mysql/include -I/opt/homebrew/opt/openssl@3/include -I/opt/homebrew/opt/readline/include -I/opt/homebrew/opt/snappy/include -I/opt/homebrew/opt/sqlite/include -I/opt/homebrew/opt/zlib/include -I/Library/Developer/CommandLineTools/SDKs/MacOSX.sdk/usr/include -I/opt/homebrew/opt/bzip2/include -I/opt/homebrew/opt/graphviz/include -I/opt/homebrew/opt/lbzip2/include -I/opt/homebrew/opt/libmemcached/include -I/opt/homebrew/opt/mysql/include -I/opt/homebrew/opt/openssl@3/include -I/opt/homebrew/opt/readline/include -I/opt/homebrew/opt/snappy/include -I/opt/homebrew/opt/sqlite/include -I/opt/homebrew/opt/zlib/include -I/Library/Developer/CommandLineTools/SDKs/MacOSX.sdk/usr/include -I/Library/Developer/CommandLineTools/SDKs/MacOSX.sdk/usr/include -arch arm64 -DFREASTAL_REUSEPORT=1 -DFREASTAL_TLS=1 -Ifreastal/src -Ivendor/picohttpparser -Ivendor/picotls/include -Ivendor/picotls/lib -I/opt/homebrew/Cellar/libuv/1.52.1/include -I/opt/homebrew/Cellar/openssl@3/3.6.3/include -I/Users/joseph.bylund/scratch/freastal/.venv/include -I/Users/joseph.bylund/.pyenv/versions/3.10.12/include/python3.10 -c freastal/src/freastalmodule.c -o build/temp.macosx-15.1-arm64-cpython-310/freastal/src/freastalmodule.o -O3 -march=native -fvisibility=hidden -Wall -Wextra -Wno-unused-parameter
clang -I/opt/homebrew/opt/bzip2/include -I/opt/homebrew/opt/graphviz/include -I/opt/homebrew/opt/lbzip2/include -I/opt/homebrew/opt/libmemcached/include -I/opt/homebrew/opt/mysql/include -I/opt/homebrew/opt/openssl@3/include -I/opt/homebrew/opt/readline/include -I/opt/homebrew/opt/snappy/include -I/opt/homebrew/opt/sqlite/include -I/opt/homebrew/opt/zlib/include -I/Library/Developer/CommandLineTools/SDKs/MacOSX.sdk/usr/include -I/opt/homebrew/opt/bzip2/include -I/opt/homebrew/opt/graphviz/include -I/opt/homebrew/opt/lbzip2/include -I/opt/homebrew/opt/libmemcached/include -I/opt/homebrew/opt/mysql/include -I/opt/homebrew/opt/openssl@3/include -I/opt/homebrew/opt/readline/include -I/opt/homebrew/opt/snappy/include -I/opt/homebrew/opt/sqlite/include -I/opt/homebrew/opt/zlib/include -I/Library/Developer/CommandLineTools/SDKs/MacOSX.sdk/usr/include -I/Library/Developer/CommandLineTools/SDKs/MacOSX.sdk/usr/include -arch arm64 -DFREASTAL_REUSEPORT=1 -DFREASTAL_TLS=1 -Ifreastal/src -Ivendor/picohttpparser -Ivendor/picotls/include -Ivendor/picotls/lib -I/opt/homebrew/Cellar/libuv/1.52.1/include -I/opt/homebrew/Cellar/openssl@3/3.6.3/include -I/Users/joseph.bylund/scratch/freastal/.venv/include -I/Users/joseph.bylund/.pyenv/versions/3.10.12/include/python3.10 -c freastal/src/server.c -o build/temp.macosx-15.1-arm64-cpython-310/freastal/src/server.o -O3 -march=native -fvisibility=hidden -Wall -Wextra -Wno-unused-parameter
clang -I/opt/homebrew/opt/bzip2/include -I/opt/homebrew/opt/graphviz/include -I/opt/homebrew/opt/lbzip2/include -I/opt/homebrew/opt/libmemcached/include -I/opt/homebrew/opt/mysql/include -I/opt/homebrew/opt/openssl@3/include -I/opt/homebrew/opt/readline/include -I/opt/homebrew/opt/snappy/include -I/opt/homebrew/opt/sqlite/include -I/opt/homebrew/opt/zlib/include -I/Library/Developer/CommandLineTools/SDKs/MacOSX.sdk/usr/include -I/opt/homebrew/opt/bzip2/include -I/opt/homebrew/opt/graphviz/include -I/opt/homebrew/opt/lbzip2/include -I/opt/homebrew/opt/libmemcached/include -I/opt/homebrew/opt/mysql/include -I/opt/homebrew/opt/openssl@3/include -I/opt/homebrew/opt/readline/include -I/opt/homebrew/opt/snappy/include -I/opt/homebrew/opt/sqlite/include -I/opt/homebrew/opt/zlib/include -I/Library/Developer/CommandLineTools/SDKs/MacOSX.sdk/usr/include -I/Library/Developer/CommandLineTools/SDKs/MacOSX.sdk/usr/include -arch arm64 -DFREASTAL_REUSEPORT=1 -DFREASTAL_TLS=1 -Ifreastal/src -Ivendor/picohttpparser -Ivendor/picotls/include -Ivendor/picotls/lib -I/opt/homebrew/Cellar/libuv/1.52.1/include -I/opt/homebrew/Cellar/openssl@3/3.6.3/include -I/Users/joseph.bylund/scratch/freastal/.venv/include -I/Users/joseph.bylund/.pyenv/versions/3.10.12/include/python3.10 -c freastal/src/tls.c -o build/temp.macosx-15.1-arm64-cpython-310/freastal/src/tls.o -O3 -march=native -fvisibility=hidden -Wall -Wextra -Wno-unused-parameter
clang -I/opt/homebrew/opt/bzip2/include -I/opt/homebrew/opt/graphviz/include -I/opt/homebrew/opt/lbzip2/include -I/opt/homebrew/opt/libmemcached/include -I/opt/homebrew/opt/mysql/include -I/opt/homebrew/opt/openssl@3/include -I/opt/homebrew/opt/readline/include -I/opt/homebrew/opt/snappy/include -I/opt/homebrew/opt/sqlite/include -I/opt/homebrew/opt/zlib/include -I/Library/Developer/CommandLineTools/SDKs/MacOSX.sdk/usr/include -I/opt/homebrew/opt/bzip2/include -I/opt/homebrew/opt/graphviz/include -I/opt/homebrew/opt/lbzip2/include -I/opt/homebrew/opt/libmemcached/include -I/opt/homebrew/opt/mysql/include -I/opt/homebrew/opt/openssl@3/include -I/opt/homebrew/opt/readline/include -I/opt/homebrew/opt/snappy/include -I/opt/homebrew/opt/sqlite/include -I/opt/homebrew/opt/zlib/include -I/Library/Developer/CommandLineTools/SDKs/MacOSX.sdk/usr/include -I/Library/Developer/CommandLineTools/SDKs/MacOSX.sdk/usr/include -arch arm64 -DFREASTAL_REUSEPORT=1 -DFREASTAL_TLS=1 -Ifreastal/src -Ivendor/picohttpparser -Ivendor/picotls/include -Ivendor/picotls/lib -I/opt/homebrew/Cellar/libuv/1.52.1/include -I/opt/homebrew/Cellar/openssl@3/3.6.3/include -I/Users/joseph.bylund/scratch/freastal/.venv/include -I/Users/joseph.bylund/.pyenv/versions/3.10.12/include/python3.10 -c freastal/src/wsgi.c -o build/temp.macosx-15.1-arm64-cpython-310/freastal/src/wsgi.o -O3 -march=native -fvisibility=hidden -Wall -Wextra -Wno-unused-parameter
clang -I/opt/homebrew/opt/bzip2/include -I/opt/homebrew/opt/graphviz/include -I/opt/homebrew/opt/lbzip2/include -I/opt/homebrew/opt/libmemcached/include -I/opt/homebrew/opt/mysql/include -I/opt/homebrew/opt/openssl@3/include -I/opt/homebrew/opt/readline/include -I/opt/homebrew/opt/snappy/include -I/opt/homebrew/opt/sqlite/include -I/opt/homebrew/opt/zlib/include -I/Library/Developer/CommandLineTools/SDKs/MacOSX.sdk/usr/include -I/opt/homebrew/opt/bzip2/include -I/opt/homebrew/opt/graphviz/include -I/opt/homebrew/opt/lbzip2/include -I/opt/homebrew/opt/libmemcached/include -I/opt/homebrew/opt/mysql/include -I/opt/homebrew/opt/openssl@3/include -I/opt/homebrew/opt/readline/include -I/opt/homebrew/opt/snappy/include -I/opt/homebrew/opt/sqlite/include -I/opt/homebrew/opt/zlib/include -I/Library/Developer/CommandLineTools/SDKs/MacOSX.sdk/usr/include -I/Library/Developer/CommandLineTools/SDKs/MacOSX.sdk/usr/include -arch arm64 -DFREASTAL_REUSEPORT=1 -DFREASTAL_TLS=1 -Ifreastal/src -Ivendor/picohttpparser -Ivendor/picotls/include -Ivendor/picotls/lib -I/opt/homebrew/Cellar/libuv/1.52.1/include -I/opt/homebrew/Cellar/openssl@3/3.6.3/include -I/Users/joseph.bylund/scratch/freastal/.venv/include -I/Users/joseph.bylund/.pyenv/versions/3.10.12/include/python3.10 -c vendor/picohttpparser/picohttpparser.c -o build/temp.macosx-15.1-arm64-cpython-310/vendor/picohttpparser/picohttpparser.o -O3 -march=native -fvisibility=hidden -Wall -Wextra -Wno-unused-parameter
clang -I/opt/homebrew/opt/bzip2/include -I/opt/homebrew/opt/graphviz/include -I/opt/homebrew/opt/lbzip2/include -I/opt/homebrew/opt/libmemcached/include -I/opt/homebrew/opt/mysql/include -I/opt/homebrew/opt/openssl@3/include -I/opt/homebrew/opt/readline/include -I/opt/homebrew/opt/snappy/include -I/opt/homebrew/opt/sqlite/include -I/opt/homebrew/opt/zlib/include -I/Library/Developer/CommandLineTools/SDKs/MacOSX.sdk/usr/include -I/opt/homebrew/opt/bzip2/include -I/opt/homebrew/opt/graphviz/include -I/opt/homebrew/opt/lbzip2/include -I/opt/homebrew/opt/libmemcached/include -I/opt/homebrew/opt/mysql/include -I/opt/homebrew/opt/openssl@3/include -I/opt/homebrew/opt/readline/include -I/opt/homebrew/opt/snappy/include -I/opt/homebrew/opt/sqlite/include -I/opt/homebrew/opt/zlib/include -I/Library/Developer/CommandLineTools/SDKs/MacOSX.sdk/usr/include -I/Library/Developer/CommandLineTools/SDKs/MacOSX.sdk/usr/include -arch arm64 -DFREASTAL_REUSEPORT=1 -DFREASTAL_TLS=1 -Ifreastal/src -Ivendor/picohttpparser -Ivendor/picotls/include -Ivendor/picotls/lib -I/opt/homebrew/Cellar/libuv/1.52.1/include -I/opt/homebrew/Cellar/openssl@3/3.6.3/include -I/Users/joseph.bylund/scratch/freastal/.venv/include -I/Users/joseph.bylund/.pyenv/versions/3.10.12/include/python3.10 -c vendor/picotls/lib/asn1.c -o build/temp.macosx-15.1-arm64-cpython-310/vendor/picotls/lib/asn1.o -O3 -march=native -fvisibility=hidden -Wall -Wextra -Wno-unused-parameter
clang -I/opt/homebrew/opt/bzip2/include -I/opt/homebrew/opt/graphviz/include -I/opt/homebrew/opt/lbzip2/include -I/opt/homebrew/opt/libmemcached/include -I/opt/homebrew/opt/mysql/include -I/opt/homebrew/opt/openssl@3/include -I/opt/homebrew/opt/readline/include -I/opt/homebrew/opt/snappy/include -I/opt/homebrew/opt/sqlite/include -I/opt/homebrew/opt/zlib/include -I/Library/Developer/CommandLineTools/SDKs/MacOSX.sdk/usr/include -I/opt/homebrew/opt/bzip2/include -I/opt/homebrew/opt/graphviz/include -I/opt/homebrew/opt/lbzip2/include -I/opt/homebrew/opt/libmemcached/include -I/opt/homebrew/opt/mysql/include -I/opt/homebrew/opt/openssl@3/include -I/opt/homebrew/opt/readline/include -I/opt/homebrew/opt/snappy/include -I/opt/homebrew/opt/sqlite/include -I/opt/homebrew/opt/zlib/include -I/Library/Developer/CommandLineTools/SDKs/MacOSX.sdk/usr/include -I/Library/Developer/CommandLineTools/SDKs/MacOSX.sdk/usr/include -arch arm64 -DFREASTAL_REUSEPORT=1 -DFREASTAL_TLS=1 -Ifreastal/src -Ivendor/picohttpparser -Ivendor/picotls/include -Ivendor/picotls/lib -I/opt/homebrew/Cellar/libuv/1.52.1/include -I/opt/homebrew/Cellar/openssl@3/3.6.3/include -I/Users/joseph.bylund/scratch/freastal/.venv/include -I/Users/joseph.bylund/.pyenv/versions/3.10.12/include/python3.10 -c vendor/picotls/lib/hpke.c -o build/temp.macosx-15.1-arm64-cpython-310/vendor/picotls/lib/hpke.o -O3 -march=native -fvisibility=hidden -Wall -Wextra -Wno-unused-parameter
vendor/picotls/lib/hpke.c:127:28: warning: missing field 'len' initializer [-Wmissing-field-initializers]
  127 |     ptls_iovec_t dh = {NULL};
      |                            ^
vendor/picotls/lib/hpke.c:155:28: warning: missing field 'len' initializer [-Wmissing-field-initializers]
  155 |     ptls_iovec_t dh = {NULL};
      |                            ^
2 warnings generated.
clang -I/opt/homebrew/opt/bzip2/include -I/opt/homebrew/opt/graphviz/include -I/opt/homebrew/opt/lbzip2/include -I/opt/homebrew/opt/libmemcached/include -I/opt/homebrew/opt/mysql/include -I/opt/homebrew/opt/openssl@3/include -I/opt/homebrew/opt/readline/include -I/opt/homebrew/opt/snappy/include -I/opt/homebrew/opt/sqlite/include -I/opt/homebrew/opt/zlib/include -I/Library/Developer/CommandLineTools/SDKs/MacOSX.sdk/usr/include -I/opt/homebrew/opt/bzip2/include -I/opt/homebrew/opt/graphviz/include -I/opt/homebrew/opt/lbzip2/include -I/opt/homebrew/opt/libmemcached/include -I/opt/homebrew/opt/mysql/include -I/opt/homebrew/opt/openssl@3/include -I/opt/homebrew/opt/readline/include -I/opt/homebrew/opt/snappy/include -I/opt/homebrew/opt/sqlite/include -I/opt/homebrew/opt/zlib/include -I/Library/Developer/CommandLineTools/SDKs/MacOSX.sdk/usr/include -I/Library/Developer/CommandLineTools/SDKs/MacOSX.sdk/usr/include -arch arm64 -DFREASTAL_REUSEPORT=1 -DFREASTAL_TLS=1 -Ifreastal/src -Ivendor/picohttpparser -Ivendor/picotls/include -Ivendor/picotls/lib -I/opt/homebrew/Cellar/libuv/1.52.1/include -I/opt/homebrew/Cellar/openssl@3/3.6.3/include -I/Users/joseph.bylund/scratch/freastal/.venv/include -I/Users/joseph.bylund/.pyenv/versions/3.10.12/include/python3.10 -c vendor/picotls/lib/openssl.c -o build/temp.macosx-15.1-arm64-cpython-310/vendor/picotls/lib/openssl.o -O3 -march=native -fvisibility=hidden -Wall -Wextra -Wno-unused-parameter
vendor/picotls/lib/openssl.c:243:35: warning: missing field 'len' initializer [-Wmissing-field-initializers]
  243 |         *out = (ptls_iovec_t){NULL};
      |                                   ^
vendor/picotls/lib/openssl.c:267:35: warning: missing field 'len' initializer [-Wmissing-field-initializers]
  267 |         return (ptls_iovec_t){NULL};
      |                                   ^
vendor/picotls/lib/openssl.c:269:35: warning: missing field 'len' initializer [-Wmissing-field-initializers]
  269 |         return (ptls_iovec_t){NULL};
      |                                   ^
vendor/picotls/lib/openssl.c:272:35: warning: missing field 'len' initializer [-Wmissing-field-initializers]
  272 |         return (ptls_iovec_t){NULL};
      |                                   ^
vendor/picotls/lib/openssl.c:331:59: warning: missing field 'len' initializer [-Wmissing-field-initializers]
  331 |     **ctx = (struct st_x9_62_keyex_context_t){{algo, {NULL}, x9_62_on_exchange}};
      |                                                           ^
vendor/picotls/lib/openssl.c:331:80: warning: missing field 'bn_ctx' initializer [-Wmissing-field-initializers]
  331 |     **ctx = (struct st_x9_62_keyex_context_t){{algo, {NULL}, x9_62_on_exchange}};
      |                                                                                ^
vendor/picotls/lib/openssl.c:420:34: warning: missing field 'len' initializer [-Wmissing-field-initializers]
  420 |     *pubkey = (ptls_iovec_t){NULL};
      |                                  ^
vendor/picotls/lib/openssl.c:421:34: warning: missing field 'len' initializer [-Wmissing-field-initializers]
  421 |     *secret = (ptls_iovec_t){NULL};
      |                                  ^
vendor/picotls/lib/openssl.c:463:38: warning: missing field 'len' initializer [-Wmissing-field-initializers]
  463 |         *pubkey = (ptls_iovec_t){NULL};
      |                                      ^
vendor/picotls/lib/openssl.c:465:38: warning: missing field 'len' initializer [-Wmissing-field-initializers]
  465 |         *secret = (ptls_iovec_t){NULL};
      |                                      ^
vendor/picotls/lib/openssl.c:629:56: warning: missing field 'len' initializer [-Wmissing-field-initializers]
  629 |     *ctx = (struct st_evp_keyex_context_t){{algo, {NULL}, evp_keyex_on_exchange}, pkey};
      |                                                        ^
vendor/picotls/lib/openssl.c:904:56: warning: missing field 'len' initializer [-Wmissing-field-initializers]
  904 |     *ctx = (struct st_evp_keyex_context_t){{algo, {NULL}, evp_kem_on_exchange}, NULL};
      |                                                        ^
vendor/picotls/lib/openssl.c:1110:80: warning: missing field 'set_completion_callback' initializer [-Wmissing-field-initializers]
 1110 |     self->super = (ptls_async_job_t){async_sign_ctx_free, async_sign_ctx_get_fd};
      |                                                                                ^
vendor/picotls/lib/openssl.c:1835:16: warning: comparison of integers of different signs: 'int' and 'size_t' (aka 'unsigned long') [-Wsign-compare]
 1835 |     assert(len == dst->len);
      |            ~~~ ^  ~~~~~~~~
/Library/Developer/CommandLineTools/SDKs/MacOSX.sdk/usr/include/assert.h:72:25: note: expanded from macro 'assert'
   72 |     (__builtin_expect(!(e), 0) ? __assert_rtn(__func__, __ASSERT_FILE_NAME, __LINE__, #e) : (void)0)
      |                         ^
vendor/picotls/lib/openssl.c:2011:95: warning: missing field 'override_callback' initializer [-Wmissing-field-initializers]
 2011 |     *self = (ptls_openssl_verify_certificate_t){{verify_cert, default_signature_schemes}, NULL};
      |                                                                                               ^
15 warnings generated.
clang -I/opt/homebrew/opt/bzip2/include -I/opt/homebrew/opt/graphviz/include -I/opt/homebrew/opt/lbzip2/include -I/opt/homebrew/opt/libmemcached/include -I/opt/homebrew/opt/mysql/include -I/opt/homebrew/opt/openssl@3/include -I/opt/homebrew/opt/readline/include -I/opt/homebrew/opt/snappy/include -I/opt/homebrew/opt/sqlite/include -I/opt/homebrew/opt/zlib/include -I/Library/Developer/CommandLineTools/SDKs/MacOSX.sdk/usr/include -I/opt/homebrew/opt/bzip2/include -I/opt/homebrew/opt/graphviz/include -I/opt/homebrew/opt/lbzip2/include -I/opt/homebrew/opt/libmemcached/include -I/opt/homebrew/opt/mysql/include -I/opt/homebrew/opt/openssl@3/include -I/opt/homebrew/opt/readline/include -I/opt/homebrew/opt/snappy/include -I/opt/homebrew/opt/sqlite/include -I/opt/homebrew/opt/zlib/include -I/Library/Developer/CommandLineTools/SDKs/MacOSX.sdk/usr/include -I/Library/Developer/CommandLineTools/SDKs/MacOSX.sdk/usr/include -arch arm64 -DFREASTAL_REUSEPORT=1 -DFREASTAL_TLS=1 -Ifreastal/src -Ivendor/picohttpparser -Ivendor/picotls/include -Ivendor/picotls/lib -I/opt/homebrew/Cellar/libuv/1.52.1/include -I/opt/homebrew/Cellar/openssl@3/3.6.3/include -I/Users/joseph.bylund/scratch/freastal/.venv/include -I/Users/joseph.bylund/.pyenv/versions/3.10.12/include/python3.10 -c vendor/picotls/lib/pembase64.c -o build/temp.macosx-15.1-arm64-cpython-310/vendor/picotls/lib/pembase64.o -O3 -march=native -fvisibility=hidden -Wall -Wextra -Wno-unused-parameter
clang -I/opt/homebrew/opt/bzip2/include -I/opt/homebrew/opt/graphviz/include -I/opt/homebrew/opt/lbzip2/include -I/opt/homebrew/opt/libmemcached/include -I/opt/homebrew/opt/mysql/include -I/opt/homebrew/opt/openssl@3/include -I/opt/homebrew/opt/readline/include -I/opt/homebrew/opt/snappy/include -I/opt/homebrew/opt/sqlite/include -I/opt/homebrew/opt/zlib/include -I/Library/Developer/CommandLineTools/SDKs/MacOSX.sdk/usr/include -I/opt/homebrew/opt/bzip2/include -I/opt/homebrew/opt/graphviz/include -I/opt/homebrew/opt/lbzip2/include -I/opt/homebrew/opt/libmemcached/include -I/opt/homebrew/opt/mysql/include -I/opt/homebrew/opt/openssl@3/include -I/opt/homebrew/opt/readline/include -I/opt/homebrew/opt/snappy/include -I/opt/homebrew/opt/sqlite/include -I/opt/homebrew/opt/zlib/include -I/Library/Developer/CommandLineTools/SDKs/MacOSX.sdk/usr/include -I/Library/Developer/CommandLineTools/SDKs/MacOSX.sdk/usr/include -arch arm64 -DFREASTAL_REUSEPORT=1 -DFREASTAL_TLS=1 -Ifreastal/src -Ivendor/picohttpparser -Ivendor/picotls/include -Ivendor/picotls/lib -I/opt/homebrew/Cellar/libuv/1.52.1/include -I/opt/homebrew/Cellar/openssl@3/3.6.3/include -I/Users/joseph.bylund/scratch/freastal/.venv/include -I/Users/joseph.bylund/.pyenv/versions/3.10.12/include/python3.10 -c vendor/picotls/lib/picotls.c -o build/temp.macosx-15.1-arm64-cpython-310/vendor/picotls/lib/picotls.o -O3 -march=native -fvisibility=hidden -Wall -Wextra -Wno-unused-parameter
vendor/picotls/lib/picotls.c:780:13: warning: comparison of integers of different signs: 'size_t' (aka 'unsigned long') and 'int' [-Wsign-compare]
  780 |             buffer_push_record(buf, type, {
      |             ^~~~~~~~~~~~~~~~~~~~~~~~~~~~~~~
  781 |                 /* reserve memory */
      |                 ~~~~~~~~~~~~~~~~~~~~
  782 |                 if ((ret = ptls_buffer_reserve_aligned(
      |                 ~~~~~~~~~~~~~~~~~~~~~~~~~~~~~~~~~~~~~~~
  783 |                          buf, enc->aead->algo->tls12.record_iv_size + chunk_size + enc->aead->algo->tag_size,
      |                          ~~~~~~~~~~~~~~~~~~~~~~~~~~~~~~~~~~~~~~~~~~~~~~~~~~~~~~~~~~~~~~~~~~~~~~~~~~~~~~~~~~~~
  784 |                          enc->aead->algo->align_bits)) != 0)
      |                          ~~~~~~~~~~~~~~~~~~~~~~~~~~~~~~~~~~~
  785 |                     goto Exit;
      |                     ~~~~~~~~~~
  786 |                 /* determine nonce, as well as prepending that walue as the record IV (AES-GCM) */
      |                 ~~~~~~~~~~~~~~~~~~~~~~~~~~~~~~~~~~~~~~~~~~~~~~~~~~~~~~~~~~~~~~~~~~~~~~~~~~~~~~~~~~
  787 |                 uint64_t nonce;
      |                 ~~~~~~~~~~~~~~~
  788 |                 if (enc->aead->algo->tls12.record_iv_size != 0) {
      |                 ~~~~~~~~~~~~~~~~~~~~~~~~~~~~~~~~~~~~~~~~~~~~~~~~~
  789 |                     assert(enc->aead->algo->tls12.record_iv_size == 8);
      |                     ~~~~~~~~~~~~~~~~~~~~~~~~~~~~~~~~~~~~~~~~~~~~~~~~~~~
  790 |                     nonce = enc->tls12_enc_record_iv++;
      |                     ~~~~~~~~~~~~~~~~~~~~~~~~~~~~~~~~~~~
  791 |                     encode64(buf->base + buf->off, nonce);
      |                     ~~~~~~~~~~~~~~~~~~~~~~~~~~~~~~~~~~~~~~
  792 |                     buf->off += 8;
      |                     ~~~~~~~~~~~~~~
  793 |                 } else {
      |                 ~~~~~~~~
  794 |                     nonce = enc->seq;
      |                     ~~~~~~~~~~~~~~~~~
  795 |                 }
      |                 ~
vendor/picotls/lib/picotls.c:767:9: note: expanded from macro 'buffer_push_record'
  767 |         ptls_buffer_push_block((buf), 2, block);                                                                                   \
      |         ^~~~~~~~~~~~~~~~~~~~~~~~~~~~~~~~~~~~~~~
vendor/picotls/include/picotls.h:1287:72: note: expanded from macro 'ptls_buffer_push_block'
 1287 |         ptls_buffer_pushv((buf), (uint8_t *)"\0\0\0\0\0\0\0", capacity != -1 ? capacity : 1);                                      \
      |                                                               ~~~~~~~~ ^  ~~
vendor/picotls/include/picotls.h:1241:57: note: expanded from macro 'ptls_buffer_pushv'
 1241 |         if ((ret = ptls_buffer__do_pushv((buf), (src), (len))) != 0)                                                               \
      |                                                         ^~~
vendor/picotls/lib/picotls.c:780:13: warning: comparison of integers of different signs: 'size_t' (aka 'unsigned long') and 'int' [-Wsign-compare]
  780 |             buffer_push_record(buf, type, {
      |             ^~~~~~~~~~~~~~~~~~~~~~~~~~~~~~~
  781 |                 /* reserve memory */
      |                 ~~~~~~~~~~~~~~~~~~~~
  782 |                 if ((ret = ptls_buffer_reserve_aligned(
      |                 ~~~~~~~~~~~~~~~~~~~~~~~~~~~~~~~~~~~~~~~
  783 |                          buf, enc->aead->algo->tls12.record_iv_size + chunk_size + enc->aead->algo->tag_size,
      |                          ~~~~~~~~~~~~~~~~~~~~~~~~~~~~~~~~~~~~~~~~~~~~~~~~~~~~~~~~~~~~~~~~~~~~~~~~~~~~~~~~~~~~
  784 |                          enc->aead->algo->align_bits)) != 0)
      |                          ~~~~~~~~~~~~~~~~~~~~~~~~~~~~~~~~~~~
  785 |                     goto Exit;
      |                     ~~~~~~~~~~
  786 |                 /* determine nonce, as well as prepending that walue as the record IV (AES-GCM) */
      |                 ~~~~~~~~~~~~~~~~~~~~~~~~~~~~~~~~~~~~~~~~~~~~~~~~~~~~~~~~~~~~~~~~~~~~~~~~~~~~~~~~~~
  787 |                 uint64_t nonce;
      |                 ~~~~~~~~~~~~~~~
  788 |                 if (enc->aead->algo->tls12.record_iv_size != 0) {
      |                 ~~~~~~~~~~~~~~~~~~~~~~~~~~~~~~~~~~~~~~~~~~~~~~~~~
  789 |                     assert(enc->aead->algo->tls12.record_iv_size == 8);
      |                     ~~~~~~~~~~~~~~~~~~~~~~~~~~~~~~~~~~~~~~~~~~~~~~~~~~~
  790 |                     nonce = enc->tls12_enc_record_iv++;
      |                     ~~~~~~~~~~~~~~~~~~~~~~~~~~~~~~~~~~~
  791 |                     encode64(buf->base + buf->off, nonce);
      |                     ~~~~~~~~~~~~~~~~~~~~~~~~~~~~~~~~~~~~~~
  792 |                     buf->off += 8;
      |                     ~~~~~~~~~~~~~~
  793 |                 } else {
      |                 ~~~~~~~~
  794 |                     nonce = enc->seq;
      |                     ~~~~~~~~~~~~~~~~~
  795 |                 }
      |                 ~
vendor/picotls/lib/picotls.c:767:9: note: expanded from macro 'buffer_push_record'
  767 |         ptls_buffer_push_block((buf), 2, block);                                                                                   \
      |         ^~~~~~~~~~~~~~~~~~~~~~~~~~~~~~~~~~~~~~~
vendor/picotls/include/picotls.h:1293:22: note: expanded from macro 'ptls_buffer_push_block'
 1293 |         if (capacity != -1) {                                                                                                      \
      |             ~~~~~~~~ ^  ~~
vendor/picotls/lib/picotls.c:804:13: warning: comparison of integers of different signs: 'size_t' (aka 'unsigned long') and 'int' [-Wsign-compare]
  804 |             buffer_push_record(buf, PTLS_CONTENT_TYPE_APPDATA, {
      |             ^~~~~~~~~~~~~~~~~~~~~~~~~~~~~~~~~~~~~~~~~~~~~~~~~~~~
  805 |                 if ((ret = ptls_buffer_reserve_aligned(buf, chunk_size + enc->aead->algo->tag_size + 1,
      |                 ~~~~~~~~~~~~~~~~~~~~~~~~~~~~~~~~~~~~~~~~~~~~~~~~~~~~~~~~~~~~~~~~~~~~~~~~~~~~~~~~~~~~~~~
  806 |                                                        enc->aead->algo->align_bits)) != 0)
      |                                                        ~~~~~~~~~~~~~~~~~~~~~~~~~~~~~~~~~~~
  807 |                     goto Exit;
      |                     ~~~~~~~~~~
  808 |                 buf->off += aead_encrypt(enc, buf->base + buf->off, src, chunk_size, type);
      |                 ~~~~~~~~~~~~~~~~~~~~~~~~~~~~~~~~~~~~~~~~~~~~~~~~~~~~~~~~~~~~~~~~~~~~~~~~~~~
  809 |             });
      |             ~~
vendor/picotls/lib/picotls.c:767:9: note: expanded from macro 'buffer_push_record'
  767 |         ptls_buffer_push_block((buf), 2, block);                                                                                   \
      |         ^~~~~~~~~~~~~~~~~~~~~~~~~~~~~~~~~~~~~~~
vendor/picotls/include/picotls.h:1287:72: note: expanded from macro 'ptls_buffer_push_block'
 1287 |         ptls_buffer_pushv((buf), (uint8_t *)"\0\0\0\0\0\0\0", capacity != -1 ? capacity : 1);                                      \
      |                                                               ~~~~~~~~ ^  ~~
vendor/picotls/include/picotls.h:1241:57: note: expanded from macro 'ptls_buffer_pushv'
 1241 |         if ((ret = ptls_buffer__do_pushv((buf), (src), (len))) != 0)                                                               \
      |                                                         ^~~
vendor/picotls/lib/picotls.c:804:13: warning: comparison of integers of different signs: 'size_t' (aka 'unsigned long') and 'int' [-Wsign-compare]
  804 |             buffer_push_record(buf, PTLS_CONTENT_TYPE_APPDATA, {
      |             ^~~~~~~~~~~~~~~~~~~~~~~~~~~~~~~~~~~~~~~~~~~~~~~~~~~~
  805 |                 if ((ret = ptls_buffer_reserve_aligned(buf, chunk_size + enc->aead->algo->tag_size + 1,
      |                 ~~~~~~~~~~~~~~~~~~~~~~~~~~~~~~~~~~~~~~~~~~~~~~~~~~~~~~~~~~~~~~~~~~~~~~~~~~~~~~~~~~~~~~~
  806 |                                                        enc->aead->algo->align_bits)) != 0)
      |                                                        ~~~~~~~~~~~~~~~~~~~~~~~~~~~~~~~~~~~
  807 |                     goto Exit;
      |                     ~~~~~~~~~~
  808 |                 buf->off += aead_encrypt(enc, buf->base + buf->off, src, chunk_size, type);
      |                 ~~~~~~~~~~~~~~~~~~~~~~~~~~~~~~~~~~~~~~~~~~~~~~~~~~~~~~~~~~~~~~~~~~~~~~~~~~~
  809 |             });
      |             ~~
vendor/picotls/lib/picotls.c:767:9: note: expanded from macro 'buffer_push_record'
  767 |         ptls_buffer_push_block((buf), 2, block);                                                                                   \
      |         ^~~~~~~~~~~~~~~~~~~~~~~~~~~~~~~~~~~~~~~
vendor/picotls/include/picotls.h:1293:22: note: expanded from macro 'ptls_buffer_push_block'
 1293 |         if (capacity != -1) {                                                                                                      \
      |             ~~~~~~~~ ^  ~~
vendor/picotls/lib/picotls.c:1039:5: warning: comparison of integers of different signs: 'size_t' (aka 'unsigned long') and 'int' [-Wsign-compare]
 1039 |     ptls_decode_open_block(*src, end, 2, {
      |     ^~~~~~~~~~~~~~~~~~~~~~~~~~~~~~~~~~~~~~
 1040 |         if (*src == end) {
      |         ~~~~~~~~~~~~~~~~~~
 1041 |             ret = PTLS_ALERT_DECODE_ERROR;
      |             ~~~~~~~~~~~~~~~~~~~~~~~~~~~~~~
 1042 |             goto Exit;
      |             ~~~~~~~~~~
 1043 |         }
      |         ~
 1044 |         decoded->public_key = ptls_iovec_init(*src, end - *src);
      |         ~~~~~~~~~~~~~~~~~~~~~~~~~~~~~~~~~~~~~~~~~~~~~~~~~~~~~~~~
 1045 |         *src = end;
      |         ~~~~~~~~~~~
 1046 |     });
      |     ~~
vendor/picotls/include/picotls.h:1360:23: note: expanded from macro 'ptls_decode_open_block'
 1360 |         if (_capacity == -1) {                                                                                                     \
      |             ~~~~~~~~~ ^  ~~
vendor/picotls/lib/picotls.c:1047:5: warning: comparison of integers of different signs: 'size_t' (aka 'unsigned long') and 'int' [-Wsign-compare]
 1047 |     ptls_decode_open_block(*src, end, 2, {
      |     ^~~~~~~~~~~~~~~~~~~~~~~~~~~~~~~~~~~~~~
 1048 |         do {
      |         ~~~~
 1049 |             uint16_t kdf_id;
      |             ~~~~~~~~~~~~~~~~
 1050 |             uint16_t aead_id;
      |             ~~~~~~~~~~~~~~~~~
 1051 |             if ((ret = ptls_decode16(&kdf_id, src, end)) != 0)
      |             ~~~~~~~~~~~~~~~~~~~~~~~~~~~~~~~~~~~~~~~~~~~~~~~~~~
 1052 |                 goto Exit;
      |                 ~~~~~~~~~~
 1053 |             if ((ret = ptls_decode16(&aead_id, src, end)) != 0)
      |             ~~~~~~~~~~~~~~~~~~~~~~~~~~~~~~~~~~~~~~~~~~~~~~~~~~~
 1054 |                 goto Exit;
      |                 ~~~~~~~~~~
 1055 |             if (decoded->cipher == NULL) {
      |             ~~~~~~~~~~~~~~~~~~~~~~~~~~~~~~
 1056 |                 for (size_t i = 0; ciphers[i] != NULL; ++i) {
      |                 ~~~~~~~~~~~~~~~~~~~~~~~~~~~~~~~~~~~~~~~~~~~~~
 1057 |                     if (ciphers[i]->id.kdf == kdf_id && ciphers[i]->id.aead == aead_id) {
      |                     ~~~~~~~~~~~~~~~~~~~~~~~~~~~~~~~~~~~~~~~~~~~~~~~~~~~~~~~~~~~~~~~~~~~~~
 1058 |                         decoded->cipher = ciphers[i];
      |                         ~~~~~~~~~~~~~~~~~~~~~~~~~~~~~
 1059 |                         break;
      |                         ~~~~~~
 1060 |                     }
      |                     ~
 1061 |                 }
      |                 ~
 1062 |             }
      |             ~
vendor/picotls/include/picotls.h:1360:23: note: expanded from macro 'ptls_decode_open_block'
 1360 |         if (_capacity == -1) {                                                                                                     \
      |             ~~~~~~~~~ ^  ~~
vendor/picotls/lib/picotls.c:1077:5: warning: comparison of integers of different signs: 'size_t' (aka 'unsigned long') and 'int' [-Wsign-compare]
 1077 |     ptls_decode_open_block(*src, end, 1, {
      |     ^~~~~~~~~~~~~~~~~~~~~~~~~~~~~~~~~~~~~~
 1078 |         if (*src == end) {
      |         ~~~~~~~~~~~~~~~~~~
 1079 |             ret = PTLS_ALERT_DECODE_ERROR;
      |             ~~~~~~~~~~~~~~~~~~~~~~~~~~~~~~
 1080 |             goto Exit;
      |             ~~~~~~~~~~
 1081 |         }
      |         ~
 1082 |         if ((public_name_buf = duplicate_as_str(*src, end - *src)) == NULL) {
      |         ~~~~~~~~~~~~~~~~~~~~~~~~~~~~~~~~~~~~~~~~~~~~~~~~~~~~~~~~~~~~~~~~~~~~~
 1083 |             ret = PTLS_ERROR_NO_MEMORY;
      |             ~~~~~~~~~~~~~~~~~~~~~~~~~~~
 1084 |             goto Exit;
      |             ~~~~~~~~~~
 1085 |         }
      |         ~
 1086 |         if (ptls_server_name_is_ipaddr(public_name_buf)) {
      |         ~~~~~~~~~~~~~~~~~~~~~~~~~~~~~~~~~~~~~~~~~~~~~~~~~~
 1087 |             SKIP_DECODED();
      |             ~~~~~~~~~~~~~~~
 1088 |         } else {
      |         ~~~~~~~~
 1089 |             decoded->public_name = ptls_iovec_init(*src, end - *src);
      |             ~~~~~~~~~~~~~~~~~~~~~~~~~~~~~~~~~~~~~~~~~~~~~~~~~~~~~~~~~
 1090 |         }
      |         ~
 1091 |         *src = end;
      |         ~~~~~~~~~~~
 1092 |     });
      |     ~~
vendor/picotls/include/picotls.h:1360:23: note: expanded from macro 'ptls_decode_open_block'
 1360 |         if (_capacity == -1) {                                                                                                     \
      |             ~~~~~~~~~ ^  ~~
vendor/picotls/lib/picotls.c:1094:5: warning: comparison of integers of different signs: 'size_t' (aka 'unsigned long') and 'int' [-Wsign-compare]
 1094 |     ptls_decode_block(*src, end, 2, {
      |     ^~~~~~~~~~~~~~~~~~~~~~~~~~~~~~~~~
 1095 |         while (*src < end) {
      |         ~~~~~~~~~~~~~~~~~~~~
 1096 |             uint16_t type;
      |             ~~~~~~~~~~~~~~
 1097 |             if ((ret = ptls_decode16(&type, src, end)) != 0)
      |             ~~~~~~~~~~~~~~~~~~~~~~~~~~~~~~~~~~~~~~~~~~~~~~~~
 1098 |                 goto Exit;
      |                 ~~~~~~~~~~
 1099 |             ptls_decode_open_block(*src, end, 2, { *src = end; });
      |             ~~~~~~~~~~~~~~~~~~~~~~~~~~~~~~~~~~~~~~~~~~~~~~~~~~~~~~
 1100 |             /* if a critital extension is found, indicate that the config cannot be used */
      |             ~~~~~~~~~~~~~~~~~~~~~~~~~~~~~~~~~~~~~~~~~~~~~~~~~~~~~~~~~~~~~~~~~~~~~~~~~~~~~~~
 1101 |             if ((type & 0x8000) != 0)
      |             ~~~~~~~~~~~~~~~~~~~~~~~~~
 1102 |                 SKIP_DECODED();
      |                 ~~~~~~~~~~~~~~~
 1103 |         }
      |         ~
 1104 |     });
      |     ~~
vendor/picotls/include/picotls.h:1406:9: note: expanded from macro 'ptls_decode_block'
 1406 |         ptls_decode_open_block((src), end, capacity, block);                                                                       \
      |         ^~~~~~~~~~~~~~~~~~~~~~~~~~~~~~~~~~~~~~~~~~~~~~~~~~~
vendor/picotls/include/picotls.h:1360:23: note: expanded from macro 'ptls_decode_open_block'
 1360 |         if (_capacity == -1) {                                                                                                     \
      |             ~~~~~~~~~ ^  ~~
vendor/picotls/lib/picotls.c:1099:13: warning: comparison of integers of different signs: 'size_t' (aka 'unsigned long') and 'int' [-Wsign-compare]
 1099 |             ptls_decode_open_block(*src, end, 2, { *src = end; });
      |             ^~~~~~~~~~~~~~~~~~~~~~~~~~~~~~~~~~~~~~~~~~~~~~~~~~~~~
vendor/picotls/include/picotls.h:1360:23: note: expanded from macro 'ptls_decode_open_block'
 1360 |         if (_capacity == -1) {                                                                                                     \
      |             ~~~~~~~~~ ^  ~~
vendor/picotls/include/picotls.h:1406:54: note: expanded from macro 'ptls_decode_block'
 1406 |         ptls_decode_open_block((src), end, capacity, block);                                                                       \
      |                                                      ^~~~~
vendor/picotls/include/picotls.h:1387:17: note: expanded from macro 'ptls_decode_open_block'
 1387 |                 block                                                                                                              \
      |                 ^~~~~
vendor/picotls/lib/picotls.c:1120:5: warning: comparison of integers of different signs: 'size_t' (aka 'unsigned long') and 'int' [-Wsign-compare]
 1120 |     ptls_decode_block(src, end, 2, {
      |     ^~~~~~~~~~~~~~~~~~~~~~~~~~~~~~~~
 1121 |         do {
      |         ~~~~
 1122 |             const uint8_t *config_start = src;
      |             ~~~~~~~~~~~~~~~~~~~~~~~~~~~~~~~~~~
 1123 |             uint16_t version;
      |             ~~~~~~~~~~~~~~~~~
 1124 |             if ((ret = ptls_decode16(&version, &src, end)) != 0)
      |             ~~~~~~~~~~~~~~~~~~~~~~~~~~~~~~~~~~~~~~~~~~~~~~~~~~~~
 1125 |                 goto Exit;
      |                 ~~~~~~~~~~
 1126 |             ptls_decode_open_block(src, end, 2, {
      |             ~~~~~~~~~~~~~~~~~~~~~~~~~~~~~~~~~~~~~
 1127 |                 /* If the block is the one that we recognize, parse it, then adopt if if possible. Otherwise, skip. */
      |                 ~~~~~~~~~~~~~~~~~~~~~~~~~~~~~~~~~~~~~~~~~~~~~~~~~~~~~~~~~~~~~~~~~~~~~~~~~~~~~~~~~~~~~~~~~~~~~~~~~~~~~~
 1128 |                 if (version == PTLS_ECH_CONFIG_VERSION) {
      |                 ~~~~~~~~~~~~~~~~~~~~~~~~~~~~~~~~~~~~~~~~~
 1129 |                     struct st_decoded_ech_config_t thisconf;
      |                     ~~~~~~~~~~~~~~~~~~~~~~~~~~~~~~~~~~~~~~~~
 1130 |                     if ((ret = decode_one_ech_config(ctx->ech.client.kems, ctx->ech.client.ciphers, &thisconf, &src, end)) != 0)
      |                     ~~~~~~~~~~~~~~~~~~~~~~~~~~~~~~~~~~~~~~~~~~~~~~~~~~~~~~~~~~~~~~~~~~~~~~~~~~~~~~~~~~~~~~~~~~~~~~~~~~~~~~~~~~~~
 1131 |                         goto Exit;
      |                         ~~~~~~~~~~
 1132 |                     if (!match_found && thisconf.kem != NULL && thisconf.cipher != NULL) {
      |                     ~~~~~~~~~~~~~~~~~~~~~~~~~~~~~~~~~~~~~~~~~~~~~~~~~~~~~~~~~~~~~~~~~~~~~~
 1133 |                         *decoded = thisconf;
      |                         ~~~~~~~~~~~~~~~~~~~~
 1134 |                         decoded->bytes = ptls_iovec_init(config_start, end - config_start);
      |                         ~~~~~~~~~~~~~~~~~~~~~~~~~~~~~~~~~~~~~~~~~~~~~~~~~~~~~~~~~~~~~~~~~~~
 1135 |                         match_found = 1;
      |                         ~~~~~~~~~~~~~~~~
vendor/picotls/include/picotls.h:1406:9: note: expanded from macro 'ptls_decode_block'
 1406 |         ptls_decode_open_block((src), end, capacity, block);                                                                       \
      |         ^~~~~~~~~~~~~~~~~~~~~~~~~~~~~~~~~~~~~~~~~~~~~~~~~~~
vendor/picotls/include/picotls.h:1360:23: note: expanded from macro 'ptls_decode_open_block'
 1360 |         if (_capacity == -1) {                                                                                                     \
      |             ~~~~~~~~~ ^  ~~
vendor/picotls/lib/picotls.c:1126:13: warning: comparison of integers of different signs: 'size_t' (aka 'unsigned long') and 'int' [-Wsign-compare]
 1126 |             ptls_decode_open_block(src, end, 2, {
      |             ^~~~~~~~~~~~~~~~~~~~~~~~~~~~~~~~~~~~~
 1127 |                 /* If the block is the one that we recognize, parse it, then adopt if if possible. Otherwise, skip. */
      |                 ~~~~~~~~~~~~~~~~~~~~~~~~~~~~~~~~~~~~~~~~~~~~~~~~~~~~~~~~~~~~~~~~~~~~~~~~~~~~~~~~~~~~~~~~~~~~~~~~~~~~~~
 1128 |                 if (version == PTLS_ECH_CONFIG_VERSION) {
      |                 ~~~~~~~~~~~~~~~~~~~~~~~~~~~~~~~~~~~~~~~~~
 1129 |                     struct st_decoded_ech_config_t thisconf;
      |                     ~~~~~~~~~~~~~~~~~~~~~~~~~~~~~~~~~~~~~~~~
 1130 |                     if ((ret = decode_one_ech_config(ctx->ech.client.kems, ctx->ech.client.ciphers, &thisconf, &src, end)) != 0)
      |                     ~~~~~~~~~~~~~~~~~~~~~~~~~~~~~~~~~~~~~~~~~~~~~~~~~~~~~~~~~~~~~~~~~~~~~~~~~~~~~~~~~~~~~~~~~~~~~~~~~~~~~~~~~~~~
 1131 |                         goto Exit;
      |                         ~~~~~~~~~~
 1132 |                     if (!match_found && thisconf.kem != NULL && thisconf.cipher != NULL) {
      |                     ~~~~~~~~~~~~~~~~~~~~~~~~~~~~~~~~~~~~~~~~~~~~~~~~~~~~~~~~~~~~~~~~~~~~~~
 1133 |                         *decoded = thisconf;
      |                         ~~~~~~~~~~~~~~~~~~~~
 1134 |                         decoded->bytes = ptls_iovec_init(config_start, end - config_start);
      |                         ~~~~~~~~~~~~~~~~~~~~~~~~~~~~~~~~~~~~~~~~~~~~~~~~~~~~~~~~~~~~~~~~~~~
 1135 |                         match_found = 1;
      |                         ~~~~~~~~~~~~~~~~
 1136 |                     }
      |                     ~
 1137 |                 } else {
      |                 ~~~~~~~~
 1138 |                     src = end;
      |                     ~~~~~~~~~~
 1139 |                 }
      |                 ~
 1140 |             });
      |             ~~
vendor/picotls/include/picotls.h:1360:23: note: expanded from macro 'ptls_decode_open_block'
 1360 |         if (_capacity == -1) {                                                                                                     \
      |             ~~~~~~~~~ ^  ~~
vendor/picotls/include/picotls.h:1406:54: note: expanded from macro 'ptls_decode_block'
 1406 |         ptls_decode_open_block((src), end, capacity, block);                                                                       \
      |                                                      ^~~~~
vendor/picotls/include/picotls.h:1387:17: note: expanded from macro 'ptls_decode_open_block'
 1387 |                 block                                                                                                              \
      |                 ^~~~~
vendor/picotls/lib/picotls.c:1528:5: warning: comparison of integers of different signs: 'size_t' (aka 'unsigned long') and 'int' [-Wsign-compare]
 1528 |     ptls_decode_open_block(src, end, 1, {
      |     ^~~~~~~~~~~~~~~~~~~~~~~~~~~~~~~~~~~~~
 1529 |         *nonce = ptls_iovec_init(src, end - src);
      |         ~~~~~~~~~~~~~~~~~~~~~~~~~~~~~~~~~~~~~~~~~
 1530 |         src = end;
      |         ~~~~~~~~~~
 1531 |     });
      |     ~~
vendor/picotls/include/picotls.h:1360:23: note: expanded from macro 'ptls_decode_open_block'
 1360 |         if (_capacity == -1) {                                                                                                     \
      |             ~~~~~~~~~ ^  ~~
vendor/picotls/lib/picotls.c:1532:5: warning: comparison of integers of different signs: 'size_t' (aka 'unsigned long') and 'int' [-Wsign-compare]
 1532 |     ptls_decode_open_block(src, end, 2, {
      |     ^~~~~~~~~~~~~~~~~~~~~~~~~~~~~~~~~~~~~
 1533 |         if (src == end) {
      |         ~~~~~~~~~~~~~~~~~
 1534 |             ret = PTLS_ALERT_DECODE_ERROR;
      |             ~~~~~~~~~~~~~~~~~~~~~~~~~~~~~~
 1535 |             goto Exit;
      |             ~~~~~~~~~~
 1536 |         }
      |         ~
 1537 |         *ticket = ptls_iovec_init(src, end - src);
      |         ~~~~~~~~~~~~~~~~~~~~~~~~~~~~~~~~~~~~~~~~~~
 1538 |         src = end;
      |         ~~~~~~~~~~
 1539 |     });
      |     ~~
vendor/picotls/include/picotls.h:1360:23: note: expanded from macro 'ptls_decode_open_block'
 1360 |         if (_capacity == -1) {                                                                                                     \
      |             ~~~~~~~~~ ^  ~~
vendor/picotls/lib/picotls.c:1542:5: warning: comparison of integers of different signs: 'size_t' (aka 'unsigned long') and 'int' [-Wsign-compare]
 1542 |     decode_extensions(src, end, PTLS_HANDSHAKE_TYPE_NEW_SESSION_TICKET, &exttype, {
      |     ^~~~~~~~~~~~~~~~~~~~~~~~~~~~~~~~~~~~~~~~~~~~~~~~~~~~~~~~~~~~~~~~~~~~~~~~~~~~~~~
 1543 |         if (tls->ctx->on_extension != NULL &&
      |         ~~~~~~~~~~~~~~~~~~~~~~~~~~~~~~~~~~~~~
 1544 |             (ret = tls->ctx->on_extension->cb(tls->ctx->on_extension, tls, PTLS_HANDSHAKE_TYPE_NEW_SESSION_TICKET, exttype,
      |             ~~~~~~~~~~~~~~~~~~~~~~~~~~~~~~~~~~~~~~~~~~~~~~~~~~~~~~~~~~~~~~~~~~~~~~~~~~~~~~~~~~~~~~~~~~~~~~~~~~~~~~~~~~~~~~~
 1545 |                                               ptls_iovec_init(src, end - src)) != 0))
      |                                               ~~~~~~~~~~~~~~~~~~~~~~~~~~~~~~~~~~~~~~~
 1546 |             goto Exit;
      |             ~~~~~~~~~~
 1547 |         switch (exttype) {
      |         ~~~~~~~~~~~~~~~~~~
 1548 |         case PTLS_EXTENSION_TYPE_EARLY_DATA:
      |         ~~~~~~~~~~~~~~~~~~~~~~~~~~~~~~~~~~~~
 1549 |             if ((ret = ptls_decode32(max_early_data_size, &src, end)) != 0)
      |             ~~~~~~~~~~~~~~~~~~~~~~~~~~~~~~~~~~~~~~~~~~~~~~~~~~~~~~~~~~~~~~~
 1550 |                 goto Exit;
      |                 ~~~~~~~~~~
 1551 |             break;
      |             ~~~~~~
 1552 |         default:
      |         ~~~~~~~~
 1553 |             src = end;
      |             ~~~~~~~~~~
 1554 |             break;
      |             ~~~~~~
 1555 |         }
      |         ~
 1556 |     });
      |     ~~
vendor/picotls/lib/picotls.c:915:9: note: expanded from macro 'decode_extensions'
  915 |         decode_open_extensions((src), end, hstype, exttype, block);                                                                \
      |         ^~~~~~~~~~~~~~~~~~~~~~~~~~~~~~~~~~~~~~~~~~~~~~~~~~~~~~~~~~
vendor/picotls/lib/picotls.c:900:9: note: expanded from macro 'decode_open_extensions'
  900 |         ptls_decode_open_block((src), end, 2, {                                                                                    \
      |         ^~~~~~~~~~~~~~~~~~~~~~~~~~~~~~~~~~~~~~~~~~~~~~~~~~~~~~~~~~~~~~~~~~~~~~~~~~~~~~~~~~~~~~~~~~~~~~~~~~~~~~~~~~~~~~~~~~~~~~~~~~~~
  901 |             while ((src) != end) {                                                                                                 \
      |             ~~~~~~~~~~~~~~~~~~~~~~~~~~~~~~~~~~~~~~~~~~~~~~~~~~~~~~~~~~~~~~~~~~~~~~~~~~~~~~~~~~~~~~~~~~~~~~~~~~~~~~~~~~~~~~~~~~~~~~~~
  902 |                 if ((ret = ptls_decode16((exttype), &(src), end)) != 0)                                                            \
      |                 ~~~~~~~~~~~~~~~~~~~~~~~~~~~~~~~~~~~~~~~~~~~~~~~~~~~~~~~~~~~~~~~~~~~~~~~~~~~~~~~~~~~~~~~~~~~~~~~~~~~~~~~~~~~~~~~~~~~~
  903 |                     goto Exit;                                                                                                     \
      |                     ~~~~~~~~~~~~~~~~~~~~~~~~~~~~~~~~~~~~~~~~~~~~~~~~~~~~~~~~~~~~~~~~~~~~~~~~~~~~~~~~~~~~~~~~~~~~~~~~~~~~~~~~~~~~~~~~
  904 |                 if (!extension_bitmap_testandset(&bitmap, (hstype), *(exttype))) {                                                 \
      |                 ~~~~~~~~~~~~~~~~~~~~~~~~~~~~~~~~~~~~~~~~~~~~~~~~~~~~~~~~~~~~~~~~~~~~~~~~~~~~~~~~~~~~~~~~~~~~~~~~~~~~~~~~~~~~~~~~~~~~
  905 |                     ret = PTLS_ALERT_ILLEGAL_PARAMETER;                                                                            \
      |                     ~~~~~~~~~~~~~~~~~~~~~~~~~~~~~~~~~~~~~~~~~~~~~~~~~~~~~~~~~~~~~~~~~~~~~~~~~~~~~~~~~~~~~~~~~~~~~~~~~~~~~~~~~~~~~~~~
  906 |                     goto Exit;                                                                                                     \
      |                     ~~~~~~~~~~~~~~~~~~~~~~~~~~~~~~~~~~~~~~~~~~~~~~~~~~~~~~~~~~~~~~~~~~~~~~~~~~~~~~~~~~~~~~~~~~~~~~~~~~~~~~~~~~~~~~~~
  907 |                 }                                                                                                                  \
      |                 ~~~~~~~~~~~~~~~~~~~~~~~~~~~~~~~~~~~~~~~~~~~~~~~~~~~~~~~~~~~~~~~~~~~~~~~~~~~~~~~~~~~~~~~~~~~~~~~~~~~~~~~~~~~~~~~~~~~~
  908 |                 ptls_decode_open_block((src), end, 2, block);                                                                      \
      |                 ~~~~~~~~~~~~~~~~~~~~~~~~~~~~~~~~~~~~~~~~~~~~~~~~~~~~~~~~~~~~~~~~~~~~~~~~~~~~~~~~~~~~~~~~~~~~~~~~~~~~~~~~~~~~~~~~~~~~
  909 |             }                                                                                                                      \
      |             ~~~~~~~~~~~~~~~~~~~~~~~~~~~~~~~~~~~~~~~~~~~~~~~~~~~~~~~~~~~~~~~~~~~~~~~~~~~~~~~~~~~~~~~~~~~~~~~~~~~~~~~~~~~~~~~~~~~~~~~~
  910 |         });                                                                                                                        \
      |         ~~
vendor/picotls/include/picotls.h:1360:23: note: expanded from macro 'ptls_decode_open_block'
 1360 |         if (_capacity == -1) {                                                                                                     \
      |             ~~~~~~~~~ ^  ~~
vendor/picotls/lib/picotls.c:1542:5: warning: comparison of integers of different signs: 'size_t' (aka 'unsigned long') and 'int' [-Wsign-compare]
 1542 |     decode_extensions(src, end, PTLS_HANDSHAKE_TYPE_NEW_SESSION_TICKET, &exttype, {
      |     ^~~~~~~~~~~~~~~~~~~~~~~~~~~~~~~~~~~~~~~~~~~~~~~~~~~~~~~~~~~~~~~~~~~~~~~~~~~~~~~
 1543 |         if (tls->ctx->on_extension != NULL &&
      |         ~~~~~~~~~~~~~~~~~~~~~~~~~~~~~~~~~~~~~
 1544 |             (ret = tls->ctx->on_extension->cb(tls->ctx->on_extension, tls, PTLS_HANDSHAKE_TYPE_NEW_SESSION_TICKET, exttype,
      |             ~~~~~~~~~~~~~~~~~~~~~~~~~~~~~~~~~~~~~~~~~~~~~~~~~~~~~~~~~~~~~~~~~~~~~~~~~~~~~~~~~~~~~~~~~~~~~~~~~~~~~~~~~~~~~~~
 1545 |                                               ptls_iovec_init(src, end - src)) != 0))
      |                                               ~~~~~~~~~~~~~~~~~~~~~~~~~~~~~~~~~~~~~~~
 1546 |             goto Exit;
      |             ~~~~~~~~~~
 1547 |         switch (exttype) {
      |         ~~~~~~~~~~~~~~~~~~
 1548 |         case PTLS_EXTENSION_TYPE_EARLY_DATA:
      |         ~~~~~~~~~~~~~~~~~~~~~~~~~~~~~~~~~~~~
 1549 |             if ((ret = ptls_decode32(max_early_data_size, &src, end)) != 0)
      |             ~~~~~~~~~~~~~~~~~~~~~~~~~~~~~~~~~~~~~~~~~~~~~~~~~~~~~~~~~~~~~~~
 1550 |                 goto Exit;
      |                 ~~~~~~~~~~
 1551 |             break;
      |             ~~~~~~
 1552 |         default:
      |         ~~~~~~~~
 1553 |             src = end;
      |             ~~~~~~~~~~
 1554 |             break;
      |             ~~~~~~
 1555 |         }
      |         ~
 1556 |     });
      |     ~~
vendor/picotls/lib/picotls.c:915:9: note: expanded from macro 'decode_extensions'
  915 |         decode_open_extensions((src), end, hstype, exttype, block);                                                                \
      |         ^~~~~~~~~~~~~~~~~~~~~~~~~~~~~~~~~~~~~~~~~~~~~~~~~~~~~~~~~~
vendor/picotls/lib/picotls.c:908:17: note: expanded from macro 'decode_open_extensions'
  908 |                 ptls_decode_open_block((src), end, 2, block);                                                                      \
      |                 ^~~~~~~~~~~~~~~~~~~~~~~~~~~~~~~~~~~~~~~~~~~~
vendor/picotls/include/picotls.h:1360:23: note: expanded from macro 'ptls_decode_open_block'
 1360 |         if (_capacity == -1) {                                                                                                     \
      |             ~~~~~~~~~ ^  ~~
vendor/picotls/include/picotls.h:1387:17: note: expanded from macro 'ptls_decode_open_block'
 1387 |                 block                                                                                                              \
      |                 ^~~~~
vendor/picotls/lib/picotls.c:1580:5: warning: comparison of integers of different signs: 'size_t' (aka 'unsigned long') and 'int' [-Wsign-compare]
 1580 |     ptls_decode_open_block(src, end, 3, {
      |     ^~~~~~~~~~~~~~~~~~~~~~~~~~~~~~~~~~~~~
 1581 |         if ((ret = decode_new_session_ticket(tls, &lifetime, &age_add, &nonce, ticket, max_early_data_size, src, end)) != 0)
      |         ~~~~~~~~~~~~~~~~~~~~~~~~~~~~~~~~~~~~~~~~~~~~~~~~~~~~~~~~~~~~~~~~~~~~~~~~~~~~~~~~~~~~~~~~~~~~~~~~~~~~~~~~~~~~~~~~~~~~
 1582 |             goto Exit;
      |             ~~~~~~~~~~
 1583 |         src = end;
      |         ~~~~~~~~~~
 1584 |     });
      |     ~~
vendor/picotls/include/picotls.h:1360:23: note: expanded from macro 'ptls_decode_open_block'
 1360 |         if (_capacity == -1) {                                                                                                     \
      |             ~~~~~~~~~ ^  ~~
vendor/picotls/lib/picotls.c:1585:5: warning: comparison of integers of different signs: 'size_t' (aka 'unsigned long') and 'int' [-Wsign-compare]
 1585 |     ptls_decode_block(src, end, 2, {
      |     ^~~~~~~~~~~~~~~~~~~~~~~~~~~~~~~~
 1586 |         *secret = ptls_iovec_init(src, end - src);
      |         ~~~~~~~~~~~~~~~~~~~~~~~~~~~~~~~~~~~~~~~~~~
 1587 |         src = end;
      |         ~~~~~~~~~~
 1588 |     });
      |     ~~
vendor/picotls/include/picotls.h:1406:9: note: expanded from macro 'ptls_decode_block'
 1406 |         ptls_decode_open_block((src), end, capacity, block);                                                                       \
      |         ^~~~~~~~~~~~~~~~~~~~~~~~~~~~~~~~~~~~~~~~~~~~~~~~~~~
vendor/picotls/include/picotls.h:1360:23: note: expanded from macro 'ptls_decode_open_block'
 1360 |         if (_capacity == -1) {                                                                                                     \
      |             ~~~~~~~~~ ^  ~~
vendor/picotls/lib/picotls.c:1725:5: warning: comparison of integers of different signs: 'size_t' (aka 'unsigned long') and 'int' [-Wsign-compare]
 1725 |     ptls_buffer_push_block(buf, 2, {
      |     ^~~~~~~~~~~~~~~~~~~~~~~~~~~~~~~~
 1726 |         /* format id */
      |         ~~~~~~~~~~~~~~~
 1727 |         ptls_buffer_pushv(buf, SESSION_IDENTIFIER_MAGIC, SESSION_IDENTIFIER_MAGIC_SIZE);
      |         ~~~~~~~~~~~~~~~~~~~~~~~~~~~~~~~~~~~~~~~~~~~~~~~~~~~~~~~~~~~~~~~~~~~~~~~~~~~~~~~~
 1728 |         /* date */
      |         ~~~~~~~~~~
 1729 |         ptls_buffer_push64(buf, ctx->get_time->cb(ctx->get_time));
      |         ~~~~~~~~~~~~~~~~~~~~~~~~~~~~~~~~~~~~~~~~~~~~~~~~~~~~~~~~~~
 1730 |         /* resumption master secret */
      |         ~~~~~~~~~~~~~~~~~~~~~~~~~~~~~~
 1731 |         ptls_buffer_push_block(buf, 2, {
      |         ~~~~~~~~~~~~~~~~~~~~~~~~~~~~~~~~
 1732 |             if ((ret = ptls_buffer_reserve(buf, sched->hashes[0].algo->digest_size)) != 0)
      |             ~~~~~~~~~~~~~~~~~~~~~~~~~~~~~~~~~~~~~~~~~~~~~~~~~~~~~~~~~~~~~~~~~~~~~~~~~~~~~~
 1733 |                 goto Exit;
      |                 ~~~~~~~~~~
 1734 |             if ((ret = derive_resumption_secret(sched, buf->base + buf->off, ticket_nonce)) != 0)
      |             ~~~~~~~~~~~~~~~~~~~~~~~~~~~~~~~~~~~~~~~~~~~~~~~~~~~~~~~~~~~~~~~~~~~~~~~~~~~~~~~~~~~~~
 1735 |                 goto Exit;
      |                 ~~~~~~~~~~
 1736 |             buf->off += sched->hashes[0].algo->digest_size;
      |             ~~~~~~~~~~~~~~~~~~~~~~~~~~~~~~~~~~~~~~~~~~~~~~~
 1737 |         });
      |         ~~~
 1738 |         /* key-exchange */
      |         ~~~~~~~~~~~~~~~~~~
 1739 |         ptls_buffer_push16(buf, key_exchange_id);
      |         ~~~~~~~~~~~~~~~~~~~~~~~~~~~~~~~~~~~~~~~~~
 1740 |         /* cipher-suite */
      |         ~~~~~~~~~~~~~~~~~~
vendor/picotls/include/picotls.h:1287:72: note: expanded from macro 'ptls_buffer_push_block'
 1287 |         ptls_buffer_pushv((buf), (uint8_t *)"\0\0\0\0\0\0\0", capacity != -1 ? capacity : 1);                                      \
      |                                                               ~~~~~~~~ ^  ~~
vendor/picotls/include/picotls.h:1241:57: note: expanded from macro 'ptls_buffer_pushv'
 1241 |         if ((ret = ptls_buffer__do_pushv((buf), (src), (len))) != 0)                                                               \
      |                                                         ^~~
vendor/picotls/lib/picotls.c:1731:9: warning: comparison of integers of different signs: 'size_t' (aka 'unsigned long') and 'int' [-Wsign-compare]
 1731 |         ptls_buffer_push_block(buf, 2, {
      |         ^~~~~~~~~~~~~~~~~~~~~~~~~~~~~~~~
 1732 |             if ((ret = ptls_buffer_reserve(buf, sched->hashes[0].algo->digest_size)) != 0)
      |             ~~~~~~~~~~~~~~~~~~~~~~~~~~~~~~~~~~~~~~~~~~~~~~~~~~~~~~~~~~~~~~~~~~~~~~~~~~~~~~
 1733 |                 goto Exit;
      |                 ~~~~~~~~~~
 1734 |             if ((ret = derive_resumption_secret(sched, buf->base + buf->off, ticket_nonce)) != 0)
      |             ~~~~~~~~~~~~~~~~~~~~~~~~~~~~~~~~~~~~~~~~~~~~~~~~~~~~~~~~~~~~~~~~~~~~~~~~~~~~~~~~~~~~~
 1735 |                 goto Exit;
      |                 ~~~~~~~~~~
 1736 |             buf->off += sched->hashes[0].algo->digest_size;
      |             ~~~~~~~~~~~~~~~~~~~~~~~~~~~~~~~~~~~~~~~~~~~~~~~
 1737 |         });
      |         ~~
vendor/picotls/include/picotls.h:1287:72: note: expanded from macro 'ptls_buffer_push_block'
 1287 |         ptls_buffer_pushv((buf), (uint8_t *)"\0\0\0\0\0\0\0", capacity != -1 ? capacity : 1);                                      \
      |                                                               ~~~~~~~~ ^  ~~
vendor/picotls/include/picotls.h:1241:57: note: expanded from macro 'ptls_buffer_pushv'
 1241 |         if ((ret = ptls_buffer__do_pushv((buf), (src), (len))) != 0)                                                               \
      |                                                         ^~~
vendor/picotls/include/picotls.h:1290:13: note: expanded from macro 'ptls_buffer_push_block'
 1290 |             block                                                                                                                  \
      |             ^~~~~
vendor/picotls/lib/picotls.c:1731:9: warning: comparison of integers of different signs: 'size_t' (aka 'unsigned long') and 'int' [-Wsign-compare]
 1731 |         ptls_buffer_push_block(buf, 2, {
      |         ^~~~~~~~~~~~~~~~~~~~~~~~~~~~~~~~
 1732 |             if ((ret = ptls_buffer_reserve(buf, sched->hashes[0].algo->digest_size)) != 0)
      |             ~~~~~~~~~~~~~~~~~~~~~~~~~~~~~~~~~~~~~~~~~~~~~~~~~~~~~~~~~~~~~~~~~~~~~~~~~~~~~~
 1733 |                 goto Exit;
      |                 ~~~~~~~~~~
 1734 |             if ((ret = derive_resumption_secret(sched, buf->base + buf->off, ticket_nonce)) != 0)
      |             ~~~~~~~~~~~~~~~~~~~~~~~~~~~~~~~~~~~~~~~~~~~~~~~~~~~~~~~~~~~~~~~~~~~~~~~~~~~~~~~~~~~~~
 1735 |                 goto Exit;
      |                 ~~~~~~~~~~
 1736 |             buf->off += sched->hashes[0].algo->digest_size;
      |             ~~~~~~~~~~~~~~~~~~~~~~~~~~~~~~~~~~~~~~~~~~~~~~~
 1737 |         });
      |         ~~
vendor/picotls/include/picotls.h:1293:22: note: expanded from macro 'ptls_buffer_push_block'
 1293 |         if (capacity != -1) {                                                                                                      \
      |             ~~~~~~~~ ^  ~~
vendor/picotls/include/picotls.h:1290:13: note: expanded from macro 'ptls_buffer_push_block'
 1290 |             block                                                                                                                  \
      |             ^~~~~
vendor/picotls/lib/picotls.c:1745:9: warning: comparison of integers of different signs: 'size_t' (aka 'unsigned long') and 'int' [-Wsign-compare]
 1745 |         ptls_buffer_push_block(buf, 2, {
      |         ^~~~~~~~~~~~~~~~~~~~~~~~~~~~~~~~
 1746 |             if (ctx->ticket_context.is_set) {
      |             ~~~~~~~~~~~~~~~~~~~~~~~~~~~~~~~~~
 1747 |                 ptls_buffer_pushv(buf, ctx->ticket_context.bytes, sizeof(ctx->ticket_context.bytes));
      |                 ~~~~~~~~~~~~~~~~~~~~~~~~~~~~~~~~~~~~~~~~~~~~~~~~~~~~~~~~~~~~~~~~~~~~~~~~~~~~~~~~~~~~~
 1748 |             } else if (server_name != NULL) {
      |             ~~~~~~~~~~~~~~~~~~~~~~~~~~~~~~~~~
 1749 |                 ptls_buffer_pushv(buf, server_name, strlen(server_name));
      |                 ~~~~~~~~~~~~~~~~~~~~~~~~~~~~~~~~~~~~~~~~~~~~~~~~~~~~~~~~~
 1750 |             }
      |             ~
 1751 |         });
      |         ~~
vendor/picotls/include/picotls.h:1287:72: note: expanded from macro 'ptls_buffer_push_block'
 1287 |         ptls_buffer_pushv((buf), (uint8_t *)"\0\0\0\0\0\0\0", capacity != -1 ? capacity : 1);                                      \
      |                                                               ~~~~~~~~ ^  ~~
vendor/picotls/include/picotls.h:1241:57: note: expanded from macro 'ptls_buffer_pushv'
 1241 |         if ((ret = ptls_buffer__do_pushv((buf), (src), (len))) != 0)                                                               \
      |                                                         ^~~
vendor/picotls/include/picotls.h:1290:13: note: expanded from macro 'ptls_buffer_push_block'
 1290 |             block                                                                                                                  \
      |             ^~~~~
vendor/picotls/lib/picotls.c:1745:9: warning: comparison of integers of different signs: 'size_t' (aka 'unsigned long') and 'int' [-Wsign-compare]
 1745 |         ptls_buffer_push_block(buf, 2, {
      |         ^~~~~~~~~~~~~~~~~~~~~~~~~~~~~~~~
 1746 |             if (ctx->ticket_context.is_set) {
      |             ~~~~~~~~~~~~~~~~~~~~~~~~~~~~~~~~~
 1747 |                 ptls_buffer_pushv(buf, ctx->ticket_context.bytes, sizeof(ctx->ticket_context.bytes));
      |                 ~~~~~~~~~~~~~~~~~~~~~~~~~~~~~~~~~~~~~~~~~~~~~~~~~~~~~~~~~~~~~~~~~~~~~~~~~~~~~~~~~~~~~
 1748 |             } else if (server_name != NULL) {
      |             ~~~~~~~~~~~~~~~~~~~~~~~~~~~~~~~~~
 1749 |                 ptls_buffer_pushv(buf, server_name, strlen(server_name));
      |                 ~~~~~~~~~~~~~~~~~~~~~~~~~~~~~~~~~~~~~~~~~~~~~~~~~~~~~~~~~
 1750 |             }
      |             ~
 1751 |         });
      |         ~~
vendor/picotls/include/picotls.h:1293:22: note: expanded from macro 'ptls_buffer_push_block'
 1293 |         if (capacity != -1) {                                                                                                      \
      |             ~~~~~~~~ ^  ~~
vendor/picotls/include/picotls.h:1290:13: note: expanded from macro 'ptls_buffer_push_block'
 1290 |             block                                                                                                                  \
      |             ^~~~~
vendor/picotls/lib/picotls.c:1753:9: warning: comparison of integers of different signs: 'size_t' (aka 'unsigned long') and 'int' [-Wsign-compare]
 1753 |         ptls_buffer_push_block(buf, 1, {
      |         ^~~~~~~~~~~~~~~~~~~~~~~~~~~~~~~~
 1754 |             if (negotiated_protocol != NULL)
      |             ~~~~~~~~~~~~~~~~~~~~~~~~~~~~~~~~
 1755 |                 ptls_buffer_pushv(buf, negotiated_protocol, strlen(negotiated_protocol));
      |                 ~~~~~~~~~~~~~~~~~~~~~~~~~~~~~~~~~~~~~~~~~~~~~~~~~~~~~~~~~~~~~~~~~~~~~~~~~
 1756 |         });
      |         ~~
vendor/picotls/include/picotls.h:1287:72: note: expanded from macro 'ptls_buffer_push_block'
 1287 |         ptls_buffer_pushv((buf), (uint8_t *)"\0\0\0\0\0\0\0", capacity != -1 ? capacity : 1);                                      \
      |                                                               ~~~~~~~~ ^  ~~
vendor/picotls/include/picotls.h:1241:57: note: expanded from macro 'ptls_buffer_pushv'
 1241 |         if ((ret = ptls_buffer__do_pushv((buf), (src), (len))) != 0)                                                               \
      |                                                         ^~~
vendor/picotls/include/picotls.h:1290:13: note: expanded from macro 'ptls_buffer_push_block'
 1290 |             block                                                                                                                  \
      |             ^~~~~
vendor/picotls/lib/picotls.c:1753:9: warning: comparison of integers of different signs: 'size_t' (aka 'unsigned long') and 'int' [-Wsign-compare]
 1753 |         ptls_buffer_push_block(buf, 1, {
      |         ^~~~~~~~~~~~~~~~~~~~~~~~~~~~~~~~
 1754 |             if (negotiated_protocol != NULL)
      |             ~~~~~~~~~~~~~~~~~~~~~~~~~~~~~~~~
 1755 |                 ptls_buffer_pushv(buf, negotiated_protocol, strlen(negotiated_protocol));
      |                 ~~~~~~~~~~~~~~~~~~~~~~~~~~~~~~~~~~~~~~~~~~~~~~~~~~~~~~~~~~~~~~~~~~~~~~~~~
 1756 |         });
      |         ~~
vendor/picotls/include/picotls.h:1293:22: note: expanded from macro 'ptls_buffer_push_block'
 1293 |         if (capacity != -1) {                                                                                                      \
      |             ~~~~~~~~ ^  ~~
vendor/picotls/include/picotls.h:1290:13: note: expanded from macro 'ptls_buffer_push_block'
 1290 |             block                                                                                                                  \
      |             ^~~~~
vendor/picotls/lib/picotls.c:1725:5: warning: comparison of integers of different signs: 'size_t' (aka 'unsigned long') and 'int' [-Wsign-compare]
 1725 |     ptls_buffer_push_block(buf, 2, {
      |     ^~~~~~~~~~~~~~~~~~~~~~~~~~~~~~~~
 1726 |         /* format id */
      |         ~~~~~~~~~~~~~~~
 1727 |         ptls_buffer_pushv(buf, SESSION_IDENTIFIER_MAGIC, SESSION_IDENTIFIER_MAGIC_SIZE);
      |         ~~~~~~~~~~~~~~~~~~~~~~~~~~~~~~~~~~~~~~~~~~~~~~~~~~~~~~~~~~~~~~~~~~~~~~~~~~~~~~~~
 1728 |         /* date */
      |         ~~~~~~~~~~
 1729 |         ptls_buffer_push64(buf, ctx->get_time->cb(ctx->get_time));
      |         ~~~~~~~~~~~~~~~~~~~~~~~~~~~~~~~~~~~~~~~~~~~~~~~~~~~~~~~~~~
 1730 |         /* resumption master secret */
      |         ~~~~~~~~~~~~~~~~~~~~~~~~~~~~~~
 1731 |         ptls_buffer_push_block(buf, 2, {
      |         ~~~~~~~~~~~~~~~~~~~~~~~~~~~~~~~~
 1732 |             if ((ret = ptls_buffer_reserve(buf, sched->hashes[0].algo->digest_size)) != 0)
      |             ~~~~~~~~~~~~~~~~~~~~~~~~~~~~~~~~~~~~~~~~~~~~~~~~~~~~~~~~~~~~~~~~~~~~~~~~~~~~~~
 1733 |                 goto Exit;
      |                 ~~~~~~~~~~
 1734 |             if ((ret = derive_resumption_secret(sched, buf->base + buf->off, ticket_nonce)) != 0)
      |             ~~~~~~~~~~~~~~~~~~~~~~~~~~~~~~~~~~~~~~~~~~~~~~~~~~~~~~~~~~~~~~~~~~~~~~~~~~~~~~~~~~~~~
 1735 |                 goto Exit;
      |                 ~~~~~~~~~~
 1736 |             buf->off += sched->hashes[0].algo->digest_size;
      |             ~~~~~~~~~~~~~~~~~~~~~~~~~~~~~~~~~~~~~~~~~~~~~~~
 1737 |         });
      |         ~~~
 1738 |         /* key-exchange */
      |         ~~~~~~~~~~~~~~~~~~
 1739 |         ptls_buffer_push16(buf, key_exchange_id);
      |         ~~~~~~~~~~~~~~~~~~~~~~~~~~~~~~~~~~~~~~~~~
 1740 |         /* cipher-suite */
      |         ~~~~~~~~~~~~~~~~~~
vendor/picotls/include/picotls.h:1293:22: note: expanded from macro 'ptls_buffer_push_block'
 1293 |         if (capacity != -1) {                                                                                                      \
      |             ~~~~~~~~ ^  ~~
vendor/picotls/lib/picotls.c:1769:5: warning: comparison of integers of different signs: 'size_t' (aka 'unsigned long') and 'int' [-Wsign-compare]
 1769 |     ptls_decode_block(src, end, 2, {
      |     ^~~~~~~~~~~~~~~~~~~~~~~~~~~~~~~~
 1770 |         if (end - src < SESSION_IDENTIFIER_MAGIC_SIZE ||
      |         ~~~~~~~~~~~~~~~~~~~~~~~~~~~~~~~~~~~~~~~~~~~~~~~~
 1771 |             memcmp(src, SESSION_IDENTIFIER_MAGIC, SESSION_IDENTIFIER_MAGIC_SIZE) != 0) {
      |             ~~~~~~~~~~~~~~~~~~~~~~~~~~~~~~~~~~~~~~~~~~~~~~~~~~~~~~~~~~~~~~~~~~~~~~~~~~~~
 1772 |             ret = PTLS_ALERT_DECODE_ERROR;
      |             ~~~~~~~~~~~~~~~~~~~~~~~~~~~~~~
 1773 |             goto Exit;
      |             ~~~~~~~~~~
 1774 |         }
      |         ~
 1775 |         src += SESSION_IDENTIFIER_MAGIC_SIZE;
      |         ~~~~~~~~~~~~~~~~~~~~~~~~~~~~~~~~~~~~~
 1776 |         if ((ret = ptls_decode64(issued_at, &src, end)) != 0)
      |         ~~~~~~~~~~~~~~~~~~~~~~~~~~~~~~~~~~~~~~~~~~~~~~~~~~~~~
 1777 |             goto Exit;
      |             ~~~~~~~~~~
 1778 |         ptls_decode_open_block(src, end, 2, {
      |         ~~~~~~~~~~~~~~~~~~~~~~~~~~~~~~~~~~~~~
 1779 |             *psk = ptls_iovec_init(src, end - src);
      |             ~~~~~~~~~~~~~~~~~~~~~~~~~~~~~~~~~~~~~~~
 1780 |             src = end;
      |             ~~~~~~~~~~
 1781 |         });
      |         ~~~
 1782 |         if ((ret = ptls_decode16(key_exchange_id, &src, end)) != 0)
      |         ~~~~~~~~~~~~~~~~~~~~~~~~~~~~~~~~~~~~~~~~~~~~~~~~~~~~~~~~~~~
 1783 |             goto Exit;
      |             ~~~~~~~~~~
 1784 |         if ((ret = ptls_decode16(csid, &src, end)) != 0)
      |         ~~~~~~~~~~~~~~~~~~~~~~~~~~~~~~~~~~~~~~~~~~~~~~~~
vendor/picotls/include/picotls.h:1406:9: note: expanded from macro 'ptls_decode_block'
 1406 |         ptls_decode_open_block((src), end, capacity, block);                                                                       \
      |         ^~~~~~~~~~~~~~~~~~~~~~~~~~~~~~~~~~~~~~~~~~~~~~~~~~~
vendor/picotls/include/picotls.h:1360:23: note: expanded from macro 'ptls_decode_open_block'
 1360 |         if (_capacity == -1) {                                                                                                     \
      |             ~~~~~~~~~ ^  ~~
vendor/picotls/lib/picotls.c:1770:23: warning: comparison of integers of different signs: 'long' and 'unsigned long' [-Wsign-compare]
 1769 |     ptls_decode_block(src, end, 2, {
      |     ~~~~~~~~~~~~~~~~~~~~~~~~~~~~~~~~
 1770 |         if (end - src < SESSION_IDENTIFIER_MAGIC_SIZE ||
      |         ~~~~~~~~~~~~~~^~~~~~~~~~~~~~~~~~~~~~~~~~~~~~~~~~
 1771 |             memcmp(src, SESSION_IDENTIFIER_MAGIC, SESSION_IDENTIFIER_MAGIC_SIZE) != 0) {
      |             ~~~~~~~~~~~~~~~~~~~~~~~~~~~~~~~~~~~~~~~~~~~~~~~~~~~~~~~~~~~~~~~~~~~~~~~~~~~~
 1772 |             ret = PTLS_ALERT_DECODE_ERROR;
      |             ~~~~~~~~~~~~~~~~~~~~~~~~~~~~~~
 1773 |             goto Exit;
      |             ~~~~~~~~~~
 1774 |         }
      |         ~
 1775 |         src += SESSION_IDENTIFIER_MAGIC_SIZE;
      |         ~~~~~~~~~~~~~~~~~~~~~~~~~~~~~~~~~~~~~
 1776 |         if ((ret = ptls_decode64(issued_at, &src, end)) != 0)
      |         ~~~~~~~~~~~~~~~~~~~~~~~~~~~~~~~~~~~~~~~~~~~~~~~~~~~~~
 1777 |             goto Exit;
      |             ~~~~~~~~~~
 1778 |         ptls_decode_open_block(src, end, 2, {
      |         ~~~~~~~~~~~~~~~~~~~~~~~~~~~~~~~~~~~~~
 1779 |             *psk = ptls_iovec_init(src, end - src);
      |             ~~~~~~~~~~~~~~~~~~~~~~~~~~~~~~~~~~~~~~~
 1780 |             src = end;
      |             ~~~~~~~~~~
 1781 |         });
      |         ~~~
 1782 |         if ((ret = ptls_decode16(key_exchange_id, &src, end)) != 0)
      |         ~~~~~~~~~~~~~~~~~~~~~~~~~~~~~~~~~~~~~~~~~~~~~~~~~~~~~~~~~~~
 1783 |             goto Exit;
      |             ~~~~~~~~~~
 1784 |         if ((ret = ptls_decode16(csid, &src, end)) != 0)
      |         ~~~~~~~~~~~~~~~~~~~~~~~~~~~~~~~~~~~~~~~~~~~~~~~~
vendor/picotls/include/picotls.h:1406:54: note: expanded from macro 'ptls_decode_block'
 1406 |         ptls_decode_open_block((src), end, capacity, block);                                                                       \
      |         ~~~~~~~~~~~~~~~~~~~~~~~~~~~~~~~~~~~~~~~~~~~~~^~~~~~
vendor/picotls/include/picotls.h:1387:17: note: expanded from macro 'ptls_decode_open_block'
 1387 |                 block                                                                                                              \
      |                 ^~~~~
vendor/picotls/lib/picotls.c:1778:9: warning: comparison of integers of different signs: 'size_t' (aka 'unsigned long') and 'int' [-Wsign-compare]
 1778 |         ptls_decode_open_block(src, end, 2, {
      |         ^~~~~~~~~~~~~~~~~~~~~~~~~~~~~~~~~~~~~
 1779 |             *psk = ptls_iovec_init(src, end - src);
      |             ~~~~~~~~~~~~~~~~~~~~~~~~~~~~~~~~~~~~~~~
 1780 |             src = end;
      |             ~~~~~~~~~~
 1781 |         });
      |         ~~
vendor/picotls/include/picotls.h:1360:23: note: expanded from macro 'ptls_decode_open_block'
 1360 |         if (_capacity == -1) {                                                                                                     \
      |             ~~~~~~~~~ ^  ~~
vendor/picotls/include/picotls.h:1406:54: note: expanded from macro 'ptls_decode_block'
 1406 |         ptls_decode_open_block((src), end, capacity, block);                                                                       \
      |                                                      ^~~~~
vendor/picotls/include/picotls.h:1387:17: note: expanded from macro 'ptls_decode_open_block'
 1387 |                 block                                                                                                              \
      |                 ^~~~~
vendor/picotls/lib/picotls.c:1788:9: warning: comparison of integers of different signs: 'size_t' (aka 'unsigned long') and 'int' [-Wsign-compare]
 1788 |         ptls_decode_open_block(src, end, 2, {
      |         ^~~~~~~~~~~~~~~~~~~~~~~~~~~~~~~~~~~~~
 1789 |             *ticket_ctx = ptls_iovec_init(src, end - src);
      |             ~~~~~~~~~~~~~~~~~~~~~~~~~~~~~~~~~~~~~~~~~~~~~~
 1790 |             src = end;
      |             ~~~~~~~~~~
 1791 |         });
      |         ~~
vendor/picotls/include/picotls.h:1360:23: note: expanded from macro 'ptls_decode_open_block'
 1360 |         if (_capacity == -1) {                                                                                                     \
      |             ~~~~~~~~~ ^  ~~
vendor/picotls/include/picotls.h:1406:54: note: expanded from macro 'ptls_decode_block'
 1406 |         ptls_decode_open_block((src), end, capacity, block);                                                                       \
      |                                                      ^~~~~
vendor/picotls/include/picotls.h:1387:17: note: expanded from macro 'ptls_decode_open_block'
 1387 |                 block                                                                                                              \
      |                 ^~~~~
vendor/picotls/lib/picotls.c:1792:9: warning: comparison of integers of different signs: 'size_t' (aka 'unsigned long') and 'int' [-Wsign-compare]
 1792 |         ptls_decode_open_block(src, end, 1, {
      |         ^~~~~~~~~~~~~~~~~~~~~~~~~~~~~~~~~~~~~
 1793 |             *negotiated_protocol = ptls_iovec_init(src, end - src);
      |             ~~~~~~~~~~~~~~~~~~~~~~~~~~~~~~~~~~~~~~~~~~~~~~~~~~~~~~~
 1794 |             src = end;
      |             ~~~~~~~~~~
 1795 |         });
      |         ~~
vendor/picotls/include/picotls.h:1360:23: note: expanded from macro 'ptls_decode_open_block'
 1360 |         if (_capacity == -1) {                                                                                                     \
      |             ~~~~~~~~~ ^  ~~
vendor/picotls/include/picotls.h:1406:54: note: expanded from macro 'ptls_decode_block'
 1406 |         ptls_decode_open_block((src), end, capacity, block);                                                                       \
      |                                                      ^~~~~
vendor/picotls/include/picotls.h:1387:17: note: expanded from macro 'ptls_decode_open_block'
 1387 |                 block                                                                                                              \
      |                 ^~~~~
vendor/picotls/lib/picotls.c:1867:5: warning: comparison of integers of different signs: 'size_t' (aka 'unsigned long') and 'int' [-Wsign-compare]
 1867 |     ptls_push_message(emitter, tls->key_schedule, PTLS_HANDSHAKE_TYPE_FINISHED, {
      |     ^~~~~~~~~~~~~~~~~~~~~~~~~~~~~~~~~~~~~~~~~~~~~~~~~~~~~~~~~~~~~~~~~~~~~~~~~~~~~
 1868 |         if ((ret = ptls_buffer_reserve(emitter->buf, tls->key_schedule->hashes[0].algo->digest_size)) != 0)
      |         ~~~~~~~~~~~~~~~~~~~~~~~~~~~~~~~~~~~~~~~~~~~~~~~~~~~~~~~~~~~~~~~~~~~~~~~~~~~~~~~~~~~~~~~~~~~~~~~~~~~
 1869 |             goto Exit;
      |             ~~~~~~~~~~
 1870 |         if ((ret = calc_verify_data(emitter->buf->base + emitter->buf->off, tls->key_schedule,
      |         ~~~~~~~~~~~~~~~~~~~~~~~~~~~~~~~~~~~~~~~~~~~~~~~~~~~~~~~~~~~~~~~~~~~~~~~~~~~~~~~~~~~~~~
 1871 |                                     tls->traffic_protection.enc.secret)) != 0)
      |                                     ~~~~~~~~~~~~~~~~~~~~~~~~~~~~~~~~~~~~~~~~~~
 1872 |             goto Exit;
      |             ~~~~~~~~~~
 1873 |         emitter->buf->off += tls->key_schedule->hashes[0].algo->digest_size;
      |         ~~~~~~~~~~~~~~~~~~~~~~~~~~~~~~~~~~~~~~~~~~~~~~~~~~~~~~~~~~~~~~~~~~~~
 1874 |     });
      |     ~~
vendor/picotls/include/picotls.h:1344:9: note: expanded from macro 'ptls_push_message'
 1344 |         ptls_buffer_push_message_body(_emitter->buf, (key_sched), (type), block);                                                  \
      |         ^~~~~~~~~~~~~~~~~~~~~~~~~~~~~~~~~~~~~~~~~~~~~~~~~~~~~~~~~~~~~~~~~~~~~~~~
vendor/picotls/include/picotls.h:1334:9: note: expanded from macro 'ptls_buffer_push_message_body'
 1334 |         ptls_buffer_push_block(_buf, 3, block);                                                                                    \
      |         ^~~~~~~~~~~~~~~~~~~~~~~~~~~~~~~~~~~~~~
vendor/picotls/include/picotls.h:1287:72: note: expanded from macro 'ptls_buffer_push_block'
 1287 |         ptls_buffer_pushv((buf), (uint8_t *)"\0\0\0\0\0\0\0", capacity != -1 ? capacity : 1);                                      \
      |                                                               ~~~~~~~~ ^  ~~
vendor/picotls/include/picotls.h:1241:57: note: expanded from macro 'ptls_buffer_pushv'
 1241 |         if ((ret = ptls_buffer__do_pushv((buf), (src), (len))) != 0)                                                               \
      |                                                         ^~~
vendor/picotls/lib/picotls.c:1867:5: warning: comparison of integers of different signs: 'size_t' (aka 'unsigned long') and 'int' [-Wsign-compare]
 1867 |     ptls_push_message(emitter, tls->key_schedule, PTLS_HANDSHAKE_TYPE_FINISHED, {
      |     ^~~~~~~~~~~~~~~~~~~~~~~~~~~~~~~~~~~~~~~~~~~~~~~~~~~~~~~~~~~~~~~~~~~~~~~~~~~~~
 1868 |         if ((ret = ptls_buffer_reserve(emitter->buf, tls->key_schedule->hashes[0].algo->digest_size)) != 0)
      |         ~~~~~~~~~~~~~~~~~~~~~~~~~~~~~~~~~~~~~~~~~~~~~~~~~~~~~~~~~~~~~~~~~~~~~~~~~~~~~~~~~~~~~~~~~~~~~~~~~~~
 1869 |             goto Exit;
      |             ~~~~~~~~~~
 1870 |         if ((ret = calc_verify_data(emitter->buf->base + emitter->buf->off, tls->key_schedule,
      |         ~~~~~~~~~~~~~~~~~~~~~~~~~~~~~~~~~~~~~~~~~~~~~~~~~~~~~~~~~~~~~~~~~~~~~~~~~~~~~~~~~~~~~~
 1871 |                                     tls->traffic_protection.enc.secret)) != 0)
      |                                     ~~~~~~~~~~~~~~~~~~~~~~~~~~~~~~~~~~~~~~~~~~
 1872 |             goto Exit;
      |             ~~~~~~~~~~
 1873 |         emitter->buf->off += tls->key_schedule->hashes[0].algo->digest_size;
      |         ~~~~~~~~~~~~~~~~~~~~~~~~~~~~~~~~~~~~~~~~~~~~~~~~~~~~~~~~~~~~~~~~~~~~
 1874 |     });
      |     ~~
vendor/picotls/include/picotls.h:1344:9: note: expanded from macro 'ptls_push_message'
 1344 |         ptls_buffer_push_message_body(_emitter->buf, (key_sched), (type), block);                                                  \
      |         ^~~~~~~~~~~~~~~~~~~~~~~~~~~~~~~~~~~~~~~~~~~~~~~~~~~~~~~~~~~~~~~~~~~~~~~~
vendor/picotls/include/picotls.h:1334:9: note: expanded from macro 'ptls_buffer_push_message_body'
 1334 |         ptls_buffer_push_block(_buf, 3, block);                                                                                    \
      |         ^~~~~~~~~~~~~~~~~~~~~~~~~~~~~~~~~~~~~~
vendor/picotls/include/picotls.h:1293:22: note: expanded from macro 'ptls_buffer_push_block'
 1293 |         if (capacity != -1) {                                                                                                      \
      |             ~~~~~~~~ ^  ~~
vendor/picotls/lib/picotls.c:1897:13: warning: comparison of integers of different signs: 'size_t' (aka 'unsigned long') and 'int' [-Wsign-compare]
 1897 |             ptls_buffer_push_message_body(emitter->buf, tls->key_schedule, PTLS_HANDSHAKE_TYPE_END_OF_EARLY_DATA, {});
      |             ^~~~~~~~~~~~~~~~~~~~~~~~~~~~~~~~~~~~~~~~~~~~~~~~~~~~~~~~~~~~~~~~~~~~~~~~~~~~~~~~~~~~~~~~~~~~~~~~~~~~~~~~~
vendor/picotls/include/picotls.h:1334:9: note: expanded from macro 'ptls_buffer_push_message_body'
 1334 |         ptls_buffer_push_block(_buf, 3, block);                                                                                    \
      |         ^~~~~~~~~~~~~~~~~~~~~~~~~~~~~~~~~~~~~~
vendor/picotls/include/picotls.h:1287:72: note: expanded from macro 'ptls_buffer_push_block'
 1287 |         ptls_buffer_pushv((buf), (uint8_t *)"\0\0\0\0\0\0\0", capacity != -1 ? capacity : 1);                                      \
      |                                                               ~~~~~~~~ ^  ~~
vendor/picotls/include/picotls.h:1241:57: note: expanded from macro 'ptls_buffer_pushv'
 1241 |         if ((ret = ptls_buffer__do_pushv((buf), (src), (len))) != 0)                                                               \
      |                                                         ^~~
vendor/picotls/lib/picotls.c:1897:13: warning: comparison of integers of different signs: 'size_t' (aka 'unsigned long') and 'int' [-Wsign-compare]
 1897 |             ptls_buffer_push_message_body(emitter->buf, tls->key_schedule, PTLS_HANDSHAKE_TYPE_END_OF_EARLY_DATA, {});
      |             ^~~~~~~~~~~~~~~~~~~~~~~~~~~~~~~~~~~~~~~~~~~~~~~~~~~~~~~~~~~~~~~~~~~~~~~~~~~~~~~~~~~~~~~~~~~~~~~~~~~~~~~~~
vendor/picotls/include/picotls.h:1334:9: note: expanded from macro 'ptls_buffer_push_message_body'
 1334 |         ptls_buffer_push_block(_buf, 3, block);                                                                                    \
      |         ^~~~~~~~~~~~~~~~~~~~~~~~~~~~~~~~~~~~~~
vendor/picotls/include/picotls.h:1293:22: note: expanded from macro 'ptls_buffer_push_block'
 1293 |         if (capacity != -1) {                                                                                                      \
      |             ~~~~~~~~ ^  ~~
vendor/picotls/lib/picotls.c:1900:9: warning: comparison of integers of different signs: 'size_t' (aka 'unsigned long') and 'int' [-Wsign-compare]
 1900 |         ptls_buffer_push_message_body(emitter->buf, tls->key_schedule, PTLS_HANDSHAKE_TYPE_FINISHED, {
      |         ^~~~~~~~~~~~~~~~~~~~~~~~~~~~~~~~~~~~~~~~~~~~~~~~~~~~~~~~~~~~~~~~~~~~~~~~~~~~~~~~~~~~~~~~~~~~~~
 1901 |             if ((ret = ptls_buffer_reserve(emitter->buf, tls->key_schedule->hashes[0].algo->digest_size)) != 0)
      |             ~~~~~~~~~~~~~~~~~~~~~~~~~~~~~~~~~~~~~~~~~~~~~~~~~~~~~~~~~~~~~~~~~~~~~~~~~~~~~~~~~~~~~~~~~~~~~~~~~~~
 1902 |                 goto Exit;
      |                 ~~~~~~~~~~
 1903 |             if ((ret = calc_verify_data(emitter->buf->base + emitter->buf->off, tls->key_schedule,
      |             ~~~~~~~~~~~~~~~~~~~~~~~~~~~~~~~~~~~~~~~~~~~~~~~~~~~~~~~~~~~~~~~~~~~~~~~~~~~~~~~~~~~~~~
 1904 |                                         tls->pending_handshake_secret != NULL ? tls->pending_handshake_secret
      |                                         ~~~~~~~~~~~~~~~~~~~~~~~~~~~~~~~~~~~~~~~~~~~~~~~~~~~~~~~~~~~~~~~~~~~~~
 1905 |                                                                               : tls->traffic_protection.dec.secret)) != 0)
      |                                                                               ~~~~~~~~~~~~~~~~~~~~~~~~~~~~~~~~~~~~~~~~~~~~
 1906 |                 goto Exit;
      |                 ~~~~~~~~~~
 1907 |             emitter->buf->off += tls->key_schedule->hashes[0].algo->digest_size;
      |             ~~~~~~~~~~~~~~~~~~~~~~~~~~~~~~~~~~~~~~~~~~~~~~~~~~~~~~~~~~~~~~~~~~~~
 1908 |         });
      |         ~~
vendor/picotls/include/picotls.h:1334:9: note: expanded from macro 'ptls_buffer_push_message_body'
 1334 |         ptls_buffer_push_block(_buf, 3, block);                                                                                    \
      |         ^~~~~~~~~~~~~~~~~~~~~~~~~~~~~~~~~~~~~~
vendor/picotls/include/picotls.h:1287:72: note: expanded from macro 'ptls_buffer_push_block'
 1287 |         ptls_buffer_pushv((buf), (uint8_t *)"\0\0\0\0\0\0\0", capacity != -1 ? capacity : 1);                                      \
      |                                                               ~~~~~~~~ ^  ~~
vendor/picotls/include/picotls.h:1241:57: note: expanded from macro 'ptls_buffer_pushv'
 1241 |         if ((ret = ptls_buffer__do_pushv((buf), (src), (len))) != 0)                                                               \
      |                                                         ^~~
vendor/picotls/lib/picotls.c:1900:9: warning: comparison of integers of different signs: 'size_t' (aka 'unsigned long') and 'int' [-Wsign-compare]
 1900 |         ptls_buffer_push_message_body(emitter->buf, tls->key_schedule, PTLS_HANDSHAKE_TYPE_FINISHED, {
      |         ^~~~~~~~~~~~~~~~~~~~~~~~~~~~~~~~~~~~~~~~~~~~~~~~~~~~~~~~~~~~~~~~~~~~~~~~~~~~~~~~~~~~~~~~~~~~~~
 1901 |             if ((ret = ptls_buffer_reserve(emitter->buf, tls->key_schedule->hashes[0].algo->digest_size)) != 0)
      |             ~~~~~~~~~~~~~~~~~~~~~~~~~~~~~~~~~~~~~~~~~~~~~~~~~~~~~~~~~~~~~~~~~~~~~~~~~~~~~~~~~~~~~~~~~~~~~~~~~~~
 1902 |                 goto Exit;
      |                 ~~~~~~~~~~
 1903 |             if ((ret = calc_verify_data(emitter->buf->base + emitter->buf->off, tls->key_schedule,
      |             ~~~~~~~~~~~~~~~~~~~~~~~~~~~~~~~~~~~~~~~~~~~~~~~~~~~~~~~~~~~~~~~~~~~~~~~~~~~~~~~~~~~~~~
 1904 |                                         tls->pending_handshake_secret != NULL ? tls->pending_handshake_secret
      |                                         ~~~~~~~~~~~~~~~~~~~~~~~~~~~~~~~~~~~~~~~~~~~~~~~~~~~~~~~~~~~~~~~~~~~~~
 1905 |                                                                               : tls->traffic_protection.dec.secret)) != 0)
      |                                                                               ~~~~~~~~~~~~~~~~~~~~~~~~~~~~~~~~~~~~~~~~~~~~
 1906 |                 goto Exit;
      |                 ~~~~~~~~~~
 1907 |             emitter->buf->off += tls->key_schedule->hashes[0].algo->digest_size;
      |             ~~~~~~~~~~~~~~~~~~~~~~~~~~~~~~~~~~~~~~~~~~~~~~~~~~~~~~~~~~~~~~~~~~~~
 1908 |         });
      |         ~~
vendor/picotls/include/picotls.h:1334:9: note: expanded from macro 'ptls_buffer_push_message_body'
 1334 |         ptls_buffer_push_block(_buf, 3, block);                                                                                    \
      |         ^~~~~~~~~~~~~~~~~~~~~~~~~~~~~~~~~~~~~~
vendor/picotls/include/picotls.h:1293:22: note: expanded from macro 'ptls_buffer_push_block'
 1293 |         if (capacity != -1) {                                                                                                      \
      |             ~~~~~~~~ ^  ~~
vendor/picotls/lib/picotls.c:1921:5: warning: comparison of integers of different signs: 'size_t' (aka 'unsigned long') and 'int' [-Wsign-compare]
 1921 |     ptls_push_message(emitter, tls->key_schedule, PTLS_HANDSHAKE_TYPE_NEW_SESSION_TICKET, {
      |     ^~~~~~~~~~~~~~~~~~~~~~~~~~~~~~~~~~~~~~~~~~~~~~~~~~~~~~~~~~~~~~~~~~~~~~~~~~~~~~~~~~~~~~~
 1922 |         ptls_buffer_push32(emitter->buf, tls->ctx->ticket_lifetime);
      |         ~~~~~~~~~~~~~~~~~~~~~~~~~~~~~~~~~~~~~~~~~~~~~~~~~~~~~~~~~~~~
 1923 |         ptls_buffer_push32(emitter->buf, ticket_age_add);
      |         ~~~~~~~~~~~~~~~~~~~~~~~~~~~~~~~~~~~~~~~~~~~~~~~~~
 1924 |         ptls_buffer_push_block(emitter->buf, 1, {});
      |         ~~~~~~~~~~~~~~~~~~~~~~~~~~~~~~~~~~~~~~~~~~~~
 1925 |         ptls_buffer_push_block(emitter->buf, 2, {
      |         ~~~~~~~~~~~~~~~~~~~~~~~~~~~~~~~~~~~~~~~~~
 1926 |             if ((ret = tls->ctx->encrypt_ticket->cb(tls->ctx->encrypt_ticket, tls, 1, emitter->buf,
      |             ~~~~~~~~~~~~~~~~~~~~~~~~~~~~~~~~~~~~~~~~~~~~~~~~~~~~~~~~~~~~~~~~~~~~~~~~~~~~~~~~~~~~~~~
 1927 |                                                     ptls_iovec_init(session_id.base, session_id.off))) != 0)
      |                                                     ~~~~~~~~~~~~~~~~~~~~~~~~~~~~~~~~~~~~~~~~~~~~~~~~~~~~~~~~
 1928 |                 goto Exit;
      |                 ~~~~~~~~~~
 1929 |         });
      |         ~~~
 1930 |         ptls_buffer_push_block(emitter->buf, 2, {
      |         ~~~~~~~~~~~~~~~~~~~~~~~~~~~~~~~~~~~~~~~~~
 1931 |             if (tls->ctx->max_early_data_size != 0)
      |             ~~~~~~~~~~~~~~~~~~~~~~~~~~~~~~~~~~~~~~~
 1932 |                 buffer_push_extension(emitter->buf, PTLS_EXTENSION_TYPE_EARLY_DATA,
      |                 ~~~~~~~~~~~~~~~~~~~~~~~~~~~~~~~~~~~~~~~~~~~~~~~~~~~~~~~~~~~~~~~~~~~
 1933 |                                       { ptls_buffer_push32(emitter->buf, tls->ctx->max_early_data_size); });
      |                                       ~~~~~~~~~~~~~~~~~~~~~~~~~~~~~~~~~~~~~~~~~~~~~~~~~~~~~~~~~~~~~~~~~~~~~~
 1934 |         });
      |         ~~~
 1935 |     });
      |     ~~
vendor/picotls/include/picotls.h:1344:9: note: expanded from macro 'ptls_push_message'
 1344 |         ptls_buffer_push_message_body(_emitter->buf, (key_sched), (type), block);                                                  \
      |         ^~~~~~~~~~~~~~~~~~~~~~~~~~~~~~~~~~~~~~~~~~~~~~~~~~~~~~~~~~~~~~~~~~~~~~~~
vendor/picotls/include/picotls.h:1334:9: note: expanded from macro 'ptls_buffer_push_message_body'
 1334 |         ptls_buffer_push_block(_buf, 3, block);                                                                                    \
      |         ^~~~~~~~~~~~~~~~~~~~~~~~~~~~~~~~~~~~~~
vendor/picotls/include/picotls.h:1287:72: note: expanded from macro 'ptls_buffer_push_block'
 1287 |         ptls_buffer_pushv((buf), (uint8_t *)"\0\0\0\0\0\0\0", capacity != -1 ? capacity : 1);                                      \
      |                                                               ~~~~~~~~ ^  ~~
vendor/picotls/include/picotls.h:1241:57: note: expanded from macro 'ptls_buffer_pushv'
 1241 |         if ((ret = ptls_buffer__do_pushv((buf), (src), (len))) != 0)                                                               \
      |                                                         ^~~
vendor/picotls/lib/picotls.c:1924:9: warning: comparison of integers of different signs: 'size_t' (aka 'unsigned long') and 'int' [-Wsign-compare]
 1924 |         ptls_buffer_push_block(emitter->buf, 1, {});
      |         ^~~~~~~~~~~~~~~~~~~~~~~~~~~~~~~~~~~~~~~~~~~
vendor/picotls/include/picotls.h:1287:72: note: expanded from macro 'ptls_buffer_push_block'
 1287 |         ptls_buffer_pushv((buf), (uint8_t *)"\0\0\0\0\0\0\0", capacity != -1 ? capacity : 1);                                      \
      |                                                               ~~~~~~~~ ^  ~~
vendor/picotls/include/picotls.h:1241:57: note: expanded from macro 'ptls_buffer_pushv'
 1241 |         if ((ret = ptls_buffer__do_pushv((buf), (src), (len))) != 0)                                                               \
      |                                                         ^~~
vendor/picotls/include/picotls.h:1344:75: note: expanded from macro 'ptls_push_message'
 1344 |         ptls_buffer_push_message_body(_emitter->buf, (key_sched), (type), block);                                                  \
      |                                                                           ^~~~~
vendor/picotls/include/picotls.h:1334:41: note: expanded from macro 'ptls_buffer_push_message_body'
 1334 |         ptls_buffer_push_block(_buf, 3, block);                                                                                    \
      |                                         ^~~~~
vendor/picotls/include/picotls.h:1290:13: note: expanded from macro 'ptls_buffer_push_block'
 1290 |             block                                                                                                                  \
      |             ^~~~~
vendor/picotls/lib/picotls.c:1924:9: warning: comparison of integers of different signs: 'size_t' (aka 'unsigned long') and 'int' [-Wsign-compare]
 1924 |         ptls_buffer_push_block(emitter->buf, 1, {});
      |         ^~~~~~~~~~~~~~~~~~~~~~~~~~~~~~~~~~~~~~~~~~~
vendor/picotls/include/picotls.h:1293:22: note: expanded from macro 'ptls_buffer_push_block'
 1293 |         if (capacity != -1) {                                                                                                      \
      |             ~~~~~~~~ ^  ~~
vendor/picotls/include/picotls.h:1344:75: note: expanded from macro 'ptls_push_message'
 1344 |         ptls_buffer_push_message_body(_emitter->buf, (key_sched), (type), block);                                                  \
      |                                                                           ^~~~~
vendor/picotls/include/picotls.h:1334:41: note: expanded from macro 'ptls_buffer_push_message_body'
 1334 |         ptls_buffer_push_block(_buf, 3, block);                                                                                    \
      |                                         ^~~~~
vendor/picotls/include/picotls.h:1290:13: note: expanded from macro 'ptls_buffer_push_block'
 1290 |             block                                                                                                                  \
      |             ^~~~~
vendor/picotls/lib/picotls.c:1925:9: warning: comparison of integers of different signs: 'size_t' (aka 'unsigned long') and 'int' [-Wsign-compare]
 1925 |         ptls_buffer_push_block(emitter->buf, 2, {
      |         ^~~~~~~~~~~~~~~~~~~~~~~~~~~~~~~~~~~~~~~~~
 1926 |             if ((ret = tls->ctx->encrypt_ticket->cb(tls->ctx->encrypt_ticket, tls, 1, emitter->buf,
      |             ~~~~~~~~~~~~~~~~~~~~~~~~~~~~~~~~~~~~~~~~~~~~~~~~~~~~~~~~~~~~~~~~~~~~~~~~~~~~~~~~~~~~~~~
 1927 |                                                     ptls_iovec_init(session_id.base, session_id.off))) != 0)
      |                                                     ~~~~~~~~~~~~~~~~~~~~~~~~~~~~~~~~~~~~~~~~~~~~~~~~~~~~~~~~
 1928 |                 goto Exit;
      |                 ~~~~~~~~~~
 1929 |         });
      |         ~~
vendor/picotls/include/picotls.h:1287:72: note: expanded from macro 'ptls_buffer_push_block'
 1287 |         ptls_buffer_pushv((buf), (uint8_t *)"\0\0\0\0\0\0\0", capacity != -1 ? capacity : 1);                                      \
      |                                                               ~~~~~~~~ ^  ~~
vendor/picotls/include/picotls.h:1241:57: note: expanded from macro 'ptls_buffer_pushv'
 1241 |         if ((ret = ptls_buffer__do_pushv((buf), (src), (len))) != 0)                                                               \
      |                                                         ^~~
vendor/picotls/include/picotls.h:1344:75: note: expanded from macro 'ptls_push_message'
 1344 |         ptls_buffer_push_message_body(_emitter->buf, (key_sched), (type), block);                                                  \
      |                                                                           ^~~~~
vendor/picotls/include/picotls.h:1334:41: note: expanded from macro 'ptls_buffer_push_message_body'
 1334 |         ptls_buffer_push_block(_buf, 3, block);                                                                                    \
      |                                         ^~~~~
vendor/picotls/include/picotls.h:1290:13: note: expanded from macro 'ptls_buffer_push_block'
 1290 |             block                                                                                                                  \
      |             ^~~~~
vendor/picotls/lib/picotls.c:1925:9: warning: comparison of integers of different signs: 'size_t' (aka 'unsigned long') and 'int' [-Wsign-compare]
 1925 |         ptls_buffer_push_block(emitter->buf, 2, {
      |         ^~~~~~~~~~~~~~~~~~~~~~~~~~~~~~~~~~~~~~~~~
 1926 |             if ((ret = tls->ctx->encrypt_ticket->cb(tls->ctx->encrypt_ticket, tls, 1, emitter->buf,
      |             ~~~~~~~~~~~~~~~~~~~~~~~~~~~~~~~~~~~~~~~~~~~~~~~~~~~~~~~~~~~~~~~~~~~~~~~~~~~~~~~~~~~~~~~
 1927 |                                                     ptls_iovec_init(session_id.base, session_id.off))) != 0)
      |                                                     ~~~~~~~~~~~~~~~~~~~~~~~~~~~~~~~~~~~~~~~~~~~~~~~~~~~~~~~~
 1928 |                 goto Exit;
      |                 ~~~~~~~~~~
 1929 |         });
      |         ~~
vendor/picotls/include/picotls.h:1293:22: note: expanded from macro 'ptls_buffer_push_block'
 1293 |         if (capacity != -1) {                                                                                                      \
      |             ~~~~~~~~ ^  ~~
vendor/picotls/include/picotls.h:1344:75: note: expanded from macro 'ptls_push_message'
 1344 |         ptls_buffer_push_message_body(_emitter->buf, (key_sched), (type), block);                                                  \
      |                                                                           ^~~~~
vendor/picotls/include/picotls.h:1334:41: note: expanded from macro 'ptls_buffer_push_message_body'
 1334 |         ptls_buffer_push_block(_buf, 3, block);                                                                                    \
      |                                         ^~~~~
vendor/picotls/include/picotls.h:1290:13: note: expanded from macro 'ptls_buffer_push_block'
 1290 |             block                                                                                                                  \
      |             ^~~~~
vendor/picotls/lib/picotls.c:1930:9: warning: comparison of integers of different signs: 'size_t' (aka 'unsigned long') and 'int' [-Wsign-compare]
 1930 |         ptls_buffer_push_block(emitter->buf, 2, {
      |         ^~~~~~~~~~~~~~~~~~~~~~~~~~~~~~~~~~~~~~~~~
 1931 |             if (tls->ctx->max_early_data_size != 0)
      |             ~~~~~~~~~~~~~~~~~~~~~~~~~~~~~~~~~~~~~~~
 1932 |                 buffer_push_extension(emitter->buf, PTLS_EXTENSION_TYPE_EARLY_DATA,
      |                 ~~~~~~~~~~~~~~~~~~~~~~~~~~~~~~~~~~~~~~~~~~~~~~~~~~~~~~~~~~~~~~~~~~~
 1933 |                                       { ptls_buffer_push32(emitter->buf, tls->ctx->max_early_data_size); });
      |                                       ~~~~~~~~~~~~~~~~~~~~~~~~~~~~~~~~~~~~~~~~~~~~~~~~~~~~~~~~~~~~~~~~~~~~~~
 1934 |         });
      |         ~~
vendor/picotls/include/picotls.h:1287:72: note: expanded from macro 'ptls_buffer_push_block'
 1287 |         ptls_buffer_pushv((buf), (uint8_t *)"\0\0\0\0\0\0\0", capacity != -1 ? capacity : 1);                                      \
      |                                                               ~~~~~~~~ ^  ~~
vendor/picotls/include/picotls.h:1241:57: note: expanded from macro 'ptls_buffer_pushv'
 1241 |         if ((ret = ptls_buffer__do_pushv((buf), (src), (len))) != 0)                                                               \
      |                                                         ^~~
vendor/picotls/include/picotls.h:1344:75: note: expanded from macro 'ptls_push_message'
 1344 |         ptls_buffer_push_message_body(_emitter->buf, (key_sched), (type), block);                                                  \
      |                                                                           ^~~~~
vendor/picotls/include/picotls.h:1334:41: note: expanded from macro 'ptls_buffer_push_message_body'
 1334 |         ptls_buffer_push_block(_buf, 3, block);                                                                                    \
      |                                         ^~~~~
vendor/picotls/include/picotls.h:1290:13: note: expanded from macro 'ptls_buffer_push_block'
 1290 |             block                                                                                                                  \
      |             ^~~~~
vendor/picotls/lib/picotls.c:1932:17: warning: comparison of integers of different signs: 'size_t' (aka 'unsigned long') and 'int' [-Wsign-compare]
 1932 |                 buffer_push_extension(emitter->buf, PTLS_EXTENSION_TYPE_EARLY_DATA,
      |                 ^~~~~~~~~~~~~~~~~~~~~~~~~~~~~~~~~~~~~~~~~~~~~~~~~~~~~~~~~~~~~~~~~~~
 1933 |                                       { ptls_buffer_push32(emitter->buf, tls->ctx->max_early_data_size); });
      |                                       ~~~~~~~~~~~~~~~~~~~~~~~~~~~~~~~~~~~~~~~~~~~~~~~~~~~~~~~~~~~~~~~~~~~~~
vendor/picotls/lib/picotls.c:894:9: note: expanded from macro 'buffer_push_extension'
  894 |         ptls_buffer_push_block((buf), 2, block);                                                                                   \
      |         ^~~~~~~~~~~~~~~~~~~~~~~~~~~~~~~~~~~~~~~
vendor/picotls/include/picotls.h:1287:72: note: expanded from macro 'ptls_buffer_push_block'
 1287 |         ptls_buffer_pushv((buf), (uint8_t *)"\0\0\0\0\0\0\0", capacity != -1 ? capacity : 1);                                      \
      |                                                               ~~~~~~~~ ^  ~~
vendor/picotls/include/picotls.h:1241:57: note: expanded from macro 'ptls_buffer_pushv'
 1241 |         if ((ret = ptls_buffer__do_pushv((buf), (src), (len))) != 0)                                                               \
      |                                                         ^~~
note: (skipping 1 expansions in backtrace; use -fmacro-backtrace-limit=0 to see all)
vendor/picotls/include/picotls.h:1344:75: note: expanded from macro 'ptls_push_message'
 1344 |         ptls_buffer_push_message_body(_emitter->buf, (key_sched), (type), block);                                                  \
      |                                                                           ^~~~~
vendor/picotls/include/picotls.h:1334:41: note: expanded from macro 'ptls_buffer_push_message_body'
 1334 |         ptls_buffer_push_block(_buf, 3, block);                                                                                    \
      |                                         ^~~~~
vendor/picotls/include/picotls.h:1290:13: note: expanded from macro 'ptls_buffer_push_block'
 1290 |             block                                                                                                                  \
      |             ^~~~~
vendor/picotls/lib/picotls.c:1932:17: warning: comparison of integers of different signs: 'size_t' (aka 'unsigned long') and 'int' [-Wsign-compare]
 1932 |                 buffer_push_extension(emitter->buf, PTLS_EXTENSION_TYPE_EARLY_DATA,
      |                 ^~~~~~~~~~~~~~~~~~~~~~~~~~~~~~~~~~~~~~~~~~~~~~~~~~~~~~~~~~~~~~~~~~~
 1933 |                                       { ptls_buffer_push32(emitter->buf, tls->ctx->max_early_data_size); });
      |                                       ~~~~~~~~~~~~~~~~~~~~~~~~~~~~~~~~~~~~~~~~~~~~~~~~~~~~~~~~~~~~~~~~~~~~~
vendor/picotls/lib/picotls.c:894:9: note: expanded from macro 'buffer_push_extension'
  894 |         ptls_buffer_push_block((buf), 2, block);                                                                                   \
      |         ^~~~~~~~~~~~~~~~~~~~~~~~~~~~~~~~~~~~~~~
vendor/picotls/include/picotls.h:1293:22: note: expanded from macro 'ptls_buffer_push_block'
 1293 |         if (capacity != -1) {                                                                                                      \
      |             ~~~~~~~~ ^  ~~
vendor/picotls/include/picotls.h:1290:13: note: expanded from macro 'ptls_buffer_push_block'
 1290 |             block                                                                                                                  \
      |             ^~~~~
vendor/picotls/include/picotls.h:1344:75: note: expanded from macro 'ptls_push_message'
 1344 |         ptls_buffer_push_message_body(_emitter->buf, (key_sched), (type), block);                                                  \
      |                                                                           ^~~~~
vendor/picotls/include/picotls.h:1334:41: note: expanded from macro 'ptls_buffer_push_message_body'
 1334 |         ptls_buffer_push_block(_buf, 3, block);                                                                                    \
      |                                         ^~~~~
vendor/picotls/include/picotls.h:1290:13: note: expanded from macro 'ptls_buffer_push_block'
 1290 |             block                                                                                                                  \
      |             ^~~~~
vendor/picotls/lib/picotls.c:1930:9: warning: comparison of integers of different signs: 'size_t' (aka 'unsigned long') and 'int' [-Wsign-compare]
 1930 |         ptls_buffer_push_block(emitter->buf, 2, {
      |         ^~~~~~~~~~~~~~~~~~~~~~~~~~~~~~~~~~~~~~~~~
 1931 |             if (tls->ctx->max_early_data_size != 0)
      |             ~~~~~~~~~~~~~~~~~~~~~~~~~~~~~~~~~~~~~~~
 1932 |                 buffer_push_extension(emitter->buf, PTLS_EXTENSION_TYPE_EARLY_DATA,
      |                 ~~~~~~~~~~~~~~~~~~~~~~~~~~~~~~~~~~~~~~~~~~~~~~~~~~~~~~~~~~~~~~~~~~~
 1933 |                                       { ptls_buffer_push32(emitter->buf, tls->ctx->max_early_data_size); });
      |                                       ~~~~~~~~~~~~~~~~~~~~~~~~~~~~~~~~~~~~~~~~~~~~~~~~~~~~~~~~~~~~~~~~~~~~~~
 1934 |         });
      |         ~~
vendor/picotls/include/picotls.h:1293:22: note: expanded from macro 'ptls_buffer_push_block'
 1293 |         if (capacity != -1) {                                                                                                      \
      |             ~~~~~~~~ ^  ~~
vendor/picotls/include/picotls.h:1344:75: note: expanded from macro 'ptls_push_message'
 1344 |         ptls_buffer_push_message_body(_emitter->buf, (key_sched), (type), block);                                                  \
      |                                                                           ^~~~~
vendor/picotls/include/picotls.h:1334:41: note: expanded from macro 'ptls_buffer_push_message_body'
 1334 |         ptls_buffer_push_block(_buf, 3, block);                                                                                    \
      |                                         ^~~~~
vendor/picotls/include/picotls.h:1290:13: note: expanded from macro 'ptls_buffer_push_block'
 1290 |             block                                                                                                                  \
      |             ^~~~~
vendor/picotls/lib/picotls.c:1921:5: warning: comparison of integers of different signs: 'size_t' (aka 'unsigned long') and 'int' [-Wsign-compare]
 1921 |     ptls_push_message(emitter, tls->key_schedule, PTLS_HANDSHAKE_TYPE_NEW_SESSION_TICKET, {
      |     ^~~~~~~~~~~~~~~~~~~~~~~~~~~~~~~~~~~~~~~~~~~~~~~~~~~~~~~~~~~~~~~~~~~~~~~~~~~~~~~~~~~~~~~
 1922 |         ptls_buffer_push32(emitter->buf, tls->ctx->ticket_lifetime);
      |         ~~~~~~~~~~~~~~~~~~~~~~~~~~~~~~~~~~~~~~~~~~~~~~~~~~~~~~~~~~~~
 1923 |         ptls_buffer_push32(emitter->buf, ticket_age_add);
      |         ~~~~~~~~~~~~~~~~~~~~~~~~~~~~~~~~~~~~~~~~~~~~~~~~~
 1924 |         ptls_buffer_push_block(emitter->buf, 1, {});
      |         ~~~~~~~~~~~~~~~~~~~~~~~~~~~~~~~~~~~~~~~~~~~~
 1925 |         ptls_buffer_push_block(emitter->buf, 2, {
      |         ~~~~~~~~~~~~~~~~~~~~~~~~~~~~~~~~~~~~~~~~~
 1926 |             if ((ret = tls->ctx->encrypt_ticket->cb(tls->ctx->encrypt_ticket, tls, 1, emitter->buf,
      |             ~~~~~~~~~~~~~~~~~~~~~~~~~~~~~~~~~~~~~~~~~~~~~~~~~~~~~~~~~~~~~~~~~~~~~~~~~~~~~~~~~~~~~~~
 1927 |                                                     ptls_iovec_init(session_id.base, session_id.off))) != 0)
      |                                                     ~~~~~~~~~~~~~~~~~~~~~~~~~~~~~~~~~~~~~~~~~~~~~~~~~~~~~~~~
 1928 |                 goto Exit;
      |                 ~~~~~~~~~~
 1929 |         });
      |         ~~~
 1930 |         ptls_buffer_push_block(emitter->buf, 2, {
      |         ~~~~~~~~~~~~~~~~~~~~~~~~~~~~~~~~~~~~~~~~~
 1931 |             if (tls->ctx->max_early_data_size != 0)
      |             ~~~~~~~~~~~~~~~~~~~~~~~~~~~~~~~~~~~~~~~
 1932 |                 buffer_push_extension(emitter->buf, PTLS_EXTENSION_TYPE_EARLY_DATA,
      |                 ~~~~~~~~~~~~~~~~~~~~~~~~~~~~~~~~~~~~~~~~~~~~~~~~~~~~~~~~~~~~~~~~~~~
 1933 |                                       { ptls_buffer_push32(emitter->buf, tls->ctx->max_early_data_size); });
      |                                       ~~~~~~~~~~~~~~~~~~~~~~~~~~~~~~~~~~~~~~~~~~~~~~~~~~~~~~~~~~~~~~~~~~~~~~
 1934 |         });
      |         ~~~
 1935 |     });
      |     ~~
vendor/picotls/include/picotls.h:1344:9: note: expanded from macro 'ptls_push_message'
 1344 |         ptls_buffer_push_message_body(_emitter->buf, (key_sched), (type), block);                                                  \
      |         ^~~~~~~~~~~~~~~~~~~~~~~~~~~~~~~~~~~~~~~~~~~~~~~~~~~~~~~~~~~~~~~~~~~~~~~~
vendor/picotls/include/picotls.h:1334:9: note: expanded from macro 'ptls_buffer_push_message_body'
 1334 |         ptls_buffer_push_block(_buf, 3, block);                                                                                    \
      |         ^~~~~~~~~~~~~~~~~~~~~~~~~~~~~~~~~~~~~~
vendor/picotls/include/picotls.h:1293:22: note: expanded from macro 'ptls_buffer_push_block'
 1293 |         if (capacity != -1) {                                                                                                      \
      |             ~~~~~~~~ ^  ~~
vendor/picotls/lib/picotls.c:1964:5: warning: comparison of integers of different signs: 'size_t' (aka 'unsigned long') and 'int' [-Wsign-compare]
 1964 |     buffer_push_record(emitter->buf, PTLS_CONTENT_TYPE_CHANGE_CIPHER_SPEC, { ptls_buffer_push(emitter->buf, 1); });
      |     ^~~~~~~~~~~~~~~~~~~~~~~~~~~~~~~~~~~~~~~~~~~~~~~~~~~~~~~~~~~~~~~~~~~~~~~~~~~~~~~~~~~~~~~~~~~~~~~~~~~~~~~~~~~~~~
vendor/picotls/lib/picotls.c:767:9: note: expanded from macro 'buffer_push_record'
  767 |         ptls_buffer_push_block((buf), 2, block);                                                                                   \
      |         ^~~~~~~~~~~~~~~~~~~~~~~~~~~~~~~~~~~~~~~
vendor/picotls/include/picotls.h:1287:72: note: expanded from macro 'ptls_buffer_push_block'
 1287 |         ptls_buffer_pushv((buf), (uint8_t *)"\0\0\0\0\0\0\0", capacity != -1 ? capacity : 1);                                      \
      |                                                               ~~~~~~~~ ^  ~~
vendor/picotls/include/picotls.h:1241:57: note: expanded from macro 'ptls_buffer_pushv'
 1241 |         if ((ret = ptls_buffer__do_pushv((buf), (src), (len))) != 0)                                                               \
      |                                                         ^~~
vendor/picotls/lib/picotls.c:1964:5: warning: comparison of integers of different signs: 'size_t' (aka 'unsigned long') and 'int' [-Wsign-compare]
 1964 |     buffer_push_record(emitter->buf, PTLS_CONTENT_TYPE_CHANGE_CIPHER_SPEC, { ptls_buffer_push(emitter->buf, 1); });
      |     ^~~~~~~~~~~~~~~~~~~~~~~~~~~~~~~~~~~~~~~~~~~~~~~~~~~~~~~~~~~~~~~~~~~~~~~~~~~~~~~~~~~~~~~~~~~~~~~~~~~~~~~~~~~~~~
vendor/picotls/lib/picotls.c:767:9: note: expanded from macro 'buffer_push_record'
  767 |         ptls_buffer_push_block((buf), 2, block);                                                                                   \
      |         ^~~~~~~~~~~~~~~~~~~~~~~~~~~~~~~~~~~~~~~
vendor/picotls/include/picotls.h:1293:22: note: expanded from macro 'ptls_buffer_push_block'
 1293 |         if (capacity != -1) {                                                                                                      \
      |             ~~~~~~~~ ^  ~~
vendor/picotls/lib/picotls.c:1979:13: warning: comparison of integers of different signs: 'size_t' (aka 'unsigned long') and 'int' [-Wsign-compare]
 1979 |             buffer_push_extension(sendbuf, ext->type, { ptls_buffer_pushv(sendbuf, ext->data.base, ext->data.len); });
      |             ^~~~~~~~~~~~~~~~~~~~~~~~~~~~~~~~~~~~~~~~~~~~~~~~~~~~~~~~~~~~~~~~~~~~~~~~~~~~~~~~~~~~~~~~~~~~~~~~~~~~~~~~~
vendor/picotls/lib/picotls.c:894:9: note: expanded from macro 'buffer_push_extension'
  894 |         ptls_buffer_push_block((buf), 2, block);                                                                                   \
      |         ^~~~~~~~~~~~~~~~~~~~~~~~~~~~~~~~~~~~~~~
vendor/picotls/include/picotls.h:1287:72: note: expanded from macro 'ptls_buffer_push_block'
 1287 |         ptls_buffer_pushv((buf), (uint8_t *)"\0\0\0\0\0\0\0", capacity != -1 ? capacity : 1);                                      \
      |                                                               ~~~~~~~~ ^  ~~
vendor/picotls/include/picotls.h:1241:57: note: expanded from macro 'ptls_buffer_pushv'
 1241 |         if ((ret = ptls_buffer__do_pushv((buf), (src), (len))) != 0)                                                               \
      |                                                         ^~~
vendor/picotls/lib/picotls.c:1979:13: warning: comparison of integers of different signs: 'size_t' (aka 'unsigned long') and 'int' [-Wsign-compare]
 1979 |             buffer_push_extension(sendbuf, ext->type, { ptls_buffer_pushv(sendbuf, ext->data.base, ext->data.len); });
      |             ^~~~~~~~~~~~~~~~~~~~~~~~~~~~~~~~~~~~~~~~~~~~~~~~~~~~~~~~~~~~~~~~~~~~~~~~~~~~~~~~~~~~~~~~~~~~~~~~~~~~~~~~~
vendor/picotls/lib/picotls.c:894:9: note: expanded from macro 'buffer_push_extension'
  894 |         ptls_buffer_push_block((buf), 2, block);                                                                                   \
      |         ^~~~~~~~~~~~~~~~~~~~~~~~~~~~~~~~~~~~~~~
vendor/picotls/include/picotls.h:1293:22: note: expanded from macro 'ptls_buffer_push_block'
 1293 |         if (capacity != -1) {                                                                                                      \
      |             ~~~~~~~~ ^  ~~
vendor/picotls/lib/picotls.c:1995:5: warning: comparison of integers of different signs: 'size_t' (aka 'unsigned long') and 'int' [-Wsign-compare]
 1995 |     ptls_buffer_push_block(sendbuf, 2, {
      |     ^~~~~~~~~~~~~~~~~~~~~~~~~~~~~~~~~~~~
 1996 |         for (const uint16_t *p = vc != NULL ? vc->algos : default_algos; *p != UINT16_MAX; ++p)
      |         ~~~~~~~~~~~~~~~~~~~~~~~~~~~~~~~~~~~~~~~~~~~~~~~~~~~~~~~~~~~~~~~~~~~~~~~~~~~~~~~~~~~~~~~
 1997 |             ptls_buffer_push16(sendbuf, *p);
      |             ~~~~~~~~~~~~~~~~~~~~~~~~~~~~~~~~
 1998 |     });
      |     ~~
vendor/picotls/include/picotls.h:1287:72: note: expanded from macro 'ptls_buffer_push_block'
 1287 |         ptls_buffer_pushv((buf), (uint8_t *)"\0\0\0\0\0\0\0", capacity != -1 ? capacity : 1);                                      \
      |                                                               ~~~~~~~~ ^  ~~
vendor/picotls/include/picotls.h:1241:57: note: expanded from macro 'ptls_buffer_pushv'
 1241 |         if ((ret = ptls_buffer__do_pushv((buf), (src), (len))) != 0)                                                               \
      |                                                         ^~~
vendor/picotls/lib/picotls.c:1995:5: warning: comparison of integers of different signs: 'size_t' (aka 'unsigned long') and 'int' [-Wsign-compare]
 1995 |     ptls_buffer_push_block(sendbuf, 2, {
      |     ^~~~~~~~~~~~~~~~~~~~~~~~~~~~~~~~~~~~
 1996 |         for (const uint16_t *p = vc != NULL ? vc->algos : default_algos; *p != UINT16_MAX; ++p)
      |         ~~~~~~~~~~~~~~~~~~~~~~~~~~~~~~~~~~~~~~~~~~~~~~~~~~~~~~~~~~~~~~~~~~~~~~~~~~~~~~~~~~~~~~~
 1997 |             ptls_buffer_push16(sendbuf, *p);
      |             ~~~~~~~~~~~~~~~~~~~~~~~~~~~~~~~~
 1998 |     });
      |     ~~
vendor/picotls/include/picotls.h:1293:22: note: expanded from macro 'ptls_buffer_push_block'
 1293 |         if (capacity != -1) {                                                                                                      \
      |             ~~~~~~~~ ^  ~~
vendor/picotls/lib/picotls.c:2009:5: warning: comparison of integers of different signs: 'size_t' (aka 'unsigned long') and 'int' [-Wsign-compare]
 2009 |     ptls_decode_block(*src, end, 2, {
      |     ^~~~~~~~~~~~~~~~~~~~~~~~~~~~~~~~~
 2010 |         do {
      |         ~~~~
 2011 |             uint16_t id;
      |             ~~~~~~~~~~~~
 2012 |             if ((ret = ptls_decode16(&id, src, end)) != 0)
      |             ~~~~~~~~~~~~~~~~~~~~~~~~~~~~~~~~~~~~~~~~~~~~~~
 2013 |                 goto Exit;
      |                 ~~~~~~~~~~
 2014 |             if (sa->count < PTLS_ELEMENTSOF(sa->list))
      |             ~~~~~~~~~~~~~~~~~~~~~~~~~~~~~~~~~~~~~~~~~~
 2015 |                 sa->list[sa->count++] = id;
      |                 ~~~~~~~~~~~~~~~~~~~~~~~~~~~
 2016 |         } while (*src != end);
      |         ~~~~~~~~~~~~~~~~~~~~~~
 2017 |     });
      |     ~~
vendor/picotls/include/picotls.h:1406:9: note: expanded from macro 'ptls_decode_block'
 1406 |         ptls_decode_open_block((src), end, capacity, block);                                                                       \
      |         ^~~~~~~~~~~~~~~~~~~~~~~~~~~~~~~~~~~~~~~~~~~~~~~~~~~
vendor/picotls/include/picotls.h:1360:23: note: expanded from macro 'ptls_decode_open_block'
 1360 |         if (_capacity == -1) {                                                                                                     \
      |             ~~~~~~~~~ ^  ~~
vendor/picotls/lib/picotls.c:2074:5: warning: comparison of integers of different signs: 'size_t' (aka 'unsigned long') and 'int' [-Wsign-compare]
 2074 |     ptls_buffer_push_block(buf, 2, { ptls_buffer_pushv(buf, pubkey.base, pubkey.len); });
      |     ^~~~~~~~~~~~~~~~~~~~~~~~~~~~~~~~~~~~~~~~~~~~~~~~~~~~~~~~~~~~~~~~~~~~~~~~~~~~~~~~~~~~
vendor/picotls/include/picotls.h:1287:72: note: expanded from macro 'ptls_buffer_push_block'
 1287 |         ptls_buffer_pushv((buf), (uint8_t *)"\0\0\0\0\0\0\0", capacity != -1 ? capacity : 1);                                      \
      |                                                               ~~~~~~~~ ^  ~~
vendor/picotls/include/picotls.h:1241:57: note: expanded from macro 'ptls_buffer_pushv'
 1241 |         if ((ret = ptls_buffer__do_pushv((buf), (src), (len))) != 0)                                                               \
      |                                                         ^~~
vendor/picotls/lib/picotls.c:2074:5: warning: comparison of integers of different signs: 'size_t' (aka 'unsigned long') and 'int' [-Wsign-compare]
 2074 |     ptls_buffer_push_block(buf, 2, { ptls_buffer_pushv(buf, pubkey.base, pubkey.len); });
      |     ^~~~~~~~~~~~~~~~~~~~~~~~~~~~~~~~~~~~~~~~~~~~~~~~~~~~~~~~~~~~~~~~~~~~~~~~~~~~~~~~~~~~
vendor/picotls/include/picotls.h:1293:22: note: expanded from macro 'ptls_buffer_push_block'
 1293 |         if (capacity != -1) {                                                                                                      \
      |             ~~~~~~~~ ^  ~~
vendor/picotls/lib/picotls.c:2086:5: warning: comparison of integers of different signs: 'size_t' (aka 'unsigned long') and 'int' [-Wsign-compare]
 2086 |     ptls_decode_open_block(*src, end, 2, {
      |     ^~~~~~~~~~~~~~~~~~~~~~~~~~~~~~~~~~~~~~
 2087 |         *key_exchange = ptls_iovec_init(*src, end - *src);
      |         ~~~~~~~~~~~~~~~~~~~~~~~~~~~~~~~~~~~~~~~~~~~~~~~~~~
 2088 |         *src = end;
      |         ~~~~~~~~~~~
 2089 |     });
      |     ~~
vendor/picotls/include/picotls.h:1360:23: note: expanded from macro 'ptls_decode_open_block'
 1360 |         if (_capacity == -1) {                                                                                                     \
      |             ~~~~~~~~~ ^  ~~
vendor/picotls/lib/picotls.c:2136:5: warning: comparison of integers of different signs: 'size_t' (aka 'unsigned long') and 'int' [-Wsign-compare]
 2136 |     ptls_buffer_push_block(buf, 2, {
      |     ^~~~~~~~~~~~~~~~~~~~~~~~~~~~~~~~
 2137 |         ptls_buffer_push(buf, PTLS_SERVER_NAME_TYPE_HOSTNAME);
      |         ~~~~~~~~~~~~~~~~~~~~~~~~~~~~~~~~~~~~~~~~~~~~~~~~~~~~~~
 2138 |         ptls_buffer_push_block(buf, 2, { ptls_buffer_pushv(buf, server_name, strlen(server_name)); });
      |         ~~~~~~~~~~~~~~~~~~~~~~~~~~~~~~~~~~~~~~~~~~~~~~~~~~~~~~~~~~~~~~~~~~~~~~~~~~~~~~~~~~~~~~~~~~~~~~
 2139 |     });
      |     ~~
vendor/picotls/include/picotls.h:1287:72: note: expanded from macro 'ptls_buffer_push_block'
 1287 |         ptls_buffer_pushv((buf), (uint8_t *)"\0\0\0\0\0\0\0", capacity != -1 ? capacity : 1);                                      \
      |                                                               ~~~~~~~~ ^  ~~
vendor/picotls/include/picotls.h:1241:57: note: expanded from macro 'ptls_buffer_pushv'
 1241 |         if ((ret = ptls_buffer__do_pushv((buf), (src), (len))) != 0)                                                               \
      |                                                         ^~~
vendor/picotls/lib/picotls.c:2138:9: warning: comparison of integers of different signs: 'size_t' (aka 'unsigned long') and 'int' [-Wsign-compare]
 2138 |         ptls_buffer_push_block(buf, 2, { ptls_buffer_pushv(buf, server_name, strlen(server_name)); });
      |         ^~~~~~~~~~~~~~~~~~~~~~~~~~~~~~~~~~~~~~~~~~~~~~~~~~~~~~~~~~~~~~~~~~~~~~~~~~~~~~~~~~~~~~~~~~~~~
vendor/picotls/include/picotls.h:1287:72: note: expanded from macro 'ptls_buffer_push_block'
 1287 |         ptls_buffer_pushv((buf), (uint8_t *)"\0\0\0\0\0\0\0", capacity != -1 ? capacity : 1);                                      \
      |                                                               ~~~~~~~~ ^  ~~
vendor/picotls/include/picotls.h:1241:57: note: expanded from macro 'ptls_buffer_pushv'
 1241 |         if ((ret = ptls_buffer__do_pushv((buf), (src), (len))) != 0)                                                               \
      |                                                         ^~~
vendor/picotls/include/picotls.h:1290:13: note: expanded from macro 'ptls_buffer_push_block'
 1290 |             block                                                                                                                  \
      |             ^~~~~
vendor/picotls/lib/picotls.c:2138:9: warning: comparison of integers of different signs: 'size_t' (aka 'unsigned long') and 'int' [-Wsign-compare]
 2138 |         ptls_buffer_push_block(buf, 2, { ptls_buffer_pushv(buf, server_name, strlen(server_name)); });
      |         ^~~~~~~~~~~~~~~~~~~~~~~~~~~~~~~~~~~~~~~~~~~~~~~~~~~~~~~~~~~~~~~~~~~~~~~~~~~~~~~~~~~~~~~~~~~~~
vendor/picotls/include/picotls.h:1293:22: note: expanded from macro 'ptls_buffer_push_block'
 1293 |         if (capacity != -1) {                                                                                                      \
      |             ~~~~~~~~ ^  ~~
vendor/picotls/include/picotls.h:1290:13: note: expanded from macro 'ptls_buffer_push_block'
 1290 |             block                                                                                                                  \
      |             ^~~~~
vendor/picotls/lib/picotls.c:2136:5: warning: comparison of integers of different signs: 'size_t' (aka 'unsigned long') and 'int' [-Wsign-compare]
 2136 |     ptls_buffer_push_block(buf, 2, {
      |     ^~~~~~~~~~~~~~~~~~~~~~~~~~~~~~~~
 2137 |         ptls_buffer_push(buf, PTLS_SERVER_NAME_TYPE_HOSTNAME);
      |         ~~~~~~~~~~~~~~~~~~~~~~~~~~~~~~~~~~~~~~~~~~~~~~~~~~~~~~
 2138 |         ptls_buffer_push_block(buf, 2, { ptls_buffer_pushv(buf, server_name, strlen(server_name)); });
      |         ~~~~~~~~~~~~~~~~~~~~~~~~~~~~~~~~~~~~~~~~~~~~~~~~~~~~~~~~~~~~~~~~~~~~~~~~~~~~~~~~~~~~~~~~~~~~~~
 2139 |     });
      |     ~~
vendor/picotls/include/picotls.h:1293:22: note: expanded from macro 'ptls_buffer_push_block'
 1293 |         if (capacity != -1) {                                                                                                      \
      |             ~~~~~~~~ ^  ~~
vendor/picotls/lib/picotls.c:2171:5: warning: comparison of integers of different signs: 'size_t' (aka 'unsigned long') and 'int' [-Wsign-compare]
 2171 |     ptls_buffer_push_message_body(sendbuf, NULL, PTLS_HANDSHAKE_TYPE_CLIENT_HELLO, {
      |     ^~~~~~~~~~~~~~~~~~~~~~~~~~~~~~~~~~~~~~~~~~~~~~~~~~~~~~~~~~~~~~~~~~~~~~~~~~~~~~~~
 2172 |         /* legacy_version */
      |         ~~~~~~~~~~~~~~~~~~~~
 2173 |         ptls_buffer_push16(sendbuf, 0x0303);
      |         ~~~~~~~~~~~~~~~~~~~~~~~~~~~~~~~~~~~~
 2174 |         /* random_bytes */
      |         ~~~~~~~~~~~~~~~~~~
 2175 |         ptls_buffer_pushv(sendbuf, client_random, PTLS_HELLO_RANDOM_SIZE);
      |         ~~~~~~~~~~~~~~~~~~~~~~~~~~~~~~~~~~~~~~~~~~~~~~~~~~~~~~~~~~~~~~~~~~
 2176 |         /* lecagy_session_id */
      |         ~~~~~~~~~~~~~~~~~~~~~~~
 2177 |         ptls_buffer_push_block(sendbuf, 1, {
      |         ~~~~~~~~~~~~~~~~~~~~~~~~~~~~~~~~~~~~
 2178 |             if (mode != ENCODE_CH_MODE_ENCODED_INNER)
      |             ~~~~~~~~~~~~~~~~~~~~~~~~~~~~~~~~~~~~~~~~~
 2179 |                 ptls_buffer_pushv(sendbuf, legacy_session_id.base, legacy_session_id.len);
      |                 ~~~~~~~~~~~~~~~~~~~~~~~~~~~~~~~~~~~~~~~~~~~~~~~~~~~~~~~~~~~~~~~~~~~~~~~~~~
 2180 |         });
      |         ~~~
 2181 |         /* cipher_suites */
      |         ~~~~~~~~~~~~~~~~~~~
 2182 |         ptls_buffer_push_block(sendbuf, 2, {
      |         ~~~~~~~~~~~~~~~~~~~~~~~~~~~~~~~~~~~~
 2183 |             ptls_cipher_suite_t **cs = ctx->cipher_suites;
      |             ~~~~~~~~~~~~~~~~~~~~~~~~~~~~~~~~~~~~~~~~~~~~~~
 2184 |             for (; *cs != NULL; ++cs)
      |             ~~~~~~~~~~~~~~~~~~~~~~~~~
 2185 |                 ptls_buffer_push16(sendbuf, (*cs)->id);
      |                 ~~~~~~~~~~~~~~~~~~~~~~~~~~~~~~~~~~~~~~~
 2186 |         });
      |         ~~~
vendor/picotls/include/picotls.h:1334:9: note: expanded from macro 'ptls_buffer_push_message_body'
 1334 |         ptls_buffer_push_block(_buf, 3, block);                                                                                    \
      |         ^~~~~~~~~~~~~~~~~~~~~~~~~~~~~~~~~~~~~~
vendor/picotls/include/picotls.h:1287:72: note: expanded from macro 'ptls_buffer_push_block'
 1287 |         ptls_buffer_pushv((buf), (uint8_t *)"\0\0\0\0\0\0\0", capacity != -1 ? capacity : 1);                                      \
      |                                                               ~~~~~~~~ ^  ~~
vendor/picotls/include/picotls.h:1241:57: note: expanded from macro 'ptls_buffer_pushv'
 1241 |         if ((ret = ptls_buffer__do_pushv((buf), (src), (len))) != 0)                                                               \
      |                                                         ^~~
vendor/picotls/lib/picotls.c:2177:9: warning: comparison of integers of different signs: 'size_t' (aka 'unsigned long') and 'int' [-Wsign-compare]
 2177 |         ptls_buffer_push_block(sendbuf, 1, {
      |         ^~~~~~~~~~~~~~~~~~~~~~~~~~~~~~~~~~~~
 2178 |             if (mode != ENCODE_CH_MODE_ENCODED_INNER)
      |             ~~~~~~~~~~~~~~~~~~~~~~~~~~~~~~~~~~~~~~~~~
 2179 |                 ptls_buffer_pushv(sendbuf, legacy_session_id.base, legacy_session_id.len);
      |                 ~~~~~~~~~~~~~~~~~~~~~~~~~~~~~~~~~~~~~~~~~~~~~~~~~~~~~~~~~~~~~~~~~~~~~~~~~~
 2180 |         });
      |         ~~
vendor/picotls/include/picotls.h:1287:72: note: expanded from macro 'ptls_buffer_push_block'
 1287 |         ptls_buffer_pushv((buf), (uint8_t *)"\0\0\0\0\0\0\0", capacity != -1 ? capacity : 1);                                      \
      |                                                               ~~~~~~~~ ^  ~~
vendor/picotls/include/picotls.h:1241:57: note: expanded from macro 'ptls_buffer_pushv'
 1241 |         if ((ret = ptls_buffer__do_pushv((buf), (src), (len))) != 0)                                                               \
      |                                                         ^~~
vendor/picotls/include/picotls.h:1334:41: note: expanded from macro 'ptls_buffer_push_message_body'
 1334 |         ptls_buffer_push_block(_buf, 3, block);                                                                                    \
      |                                         ^~~~~
vendor/picotls/include/picotls.h:1290:13: note: expanded from macro 'ptls_buffer_push_block'
 1290 |             block                                                                                                                  \
      |             ^~~~~
vendor/picotls/lib/picotls.c:2177:9: warning: comparison of integers of different signs: 'size_t' (aka 'unsigned long') and 'int' [-Wsign-compare]
 2177 |         ptls_buffer_push_block(sendbuf, 1, {
      |         ^~~~~~~~~~~~~~~~~~~~~~~~~~~~~~~~~~~~
 2178 |             if (mode != ENCODE_CH_MODE_ENCODED_INNER)
      |             ~~~~~~~~~~~~~~~~~~~~~~~~~~~~~~~~~~~~~~~~~
 2179 |                 ptls_buffer_pushv(sendbuf, legacy_session_id.base, legacy_session_id.len);
      |                 ~~~~~~~~~~~~~~~~~~~~~~~~~~~~~~~~~~~~~~~~~~~~~~~~~~~~~~~~~~~~~~~~~~~~~~~~~~
 2180 |         });
      |         ~~
vendor/picotls/include/picotls.h:1293:22: note: expanded from macro 'ptls_buffer_push_block'
 1293 |         if (capacity != -1) {                                                                                                      \
      |             ~~~~~~~~ ^  ~~
vendor/picotls/include/picotls.h:1334:41: note: expanded from macro 'ptls_buffer_push_message_body'
 1334 |         ptls_buffer_push_block(_buf, 3, block);                                                                                    \
      |                                         ^~~~~
vendor/picotls/include/picotls.h:1290:13: note: expanded from macro 'ptls_buffer_push_block'
 1290 |             block                                                                                                                  \
      |             ^~~~~
vendor/picotls/lib/picotls.c:2182:9: warning: comparison of integers of different signs: 'size_t' (aka 'unsigned long') and 'int' [-Wsign-compare]
 2182 |         ptls_buffer_push_block(sendbuf, 2, {
      |         ^~~~~~~~~~~~~~~~~~~~~~~~~~~~~~~~~~~~
 2183 |             ptls_cipher_suite_t **cs = ctx->cipher_suites;
      |             ~~~~~~~~~~~~~~~~~~~~~~~~~~~~~~~~~~~~~~~~~~~~~~
 2184 |             for (; *cs != NULL; ++cs)
      |             ~~~~~~~~~~~~~~~~~~~~~~~~~
 2185 |                 ptls_buffer_push16(sendbuf, (*cs)->id);
      |                 ~~~~~~~~~~~~~~~~~~~~~~~~~~~~~~~~~~~~~~~
 2186 |         });
      |         ~~
vendor/picotls/include/picotls.h:1287:72: note: expanded from macro 'ptls_buffer_push_block'
 1287 |         ptls_buffer_pushv((buf), (uint8_t *)"\0\0\0\0\0\0\0", capacity != -1 ? capacity : 1);                                      \
      |                                                               ~~~~~~~~ ^  ~~
vendor/picotls/include/picotls.h:1241:57: note: expanded from macro 'ptls_buffer_pushv'
 1241 |         if ((ret = ptls_buffer__do_pushv((buf), (src), (len))) != 0)                                                               \
      |                                                         ^~~
vendor/picotls/include/picotls.h:1334:41: note: expanded from macro 'ptls_buffer_push_message_body'
 1334 |         ptls_buffer_push_block(_buf, 3, block);                                                                                    \
      |                                         ^~~~~
vendor/picotls/include/picotls.h:1290:13: note: expanded from macro 'ptls_buffer_push_block'
 1290 |             block                                                                                                                  \
      |             ^~~~~
vendor/picotls/lib/picotls.c:2182:9: warning: comparison of integers of different signs: 'size_t' (aka 'unsigned long') and 'int' [-Wsign-compare]
 2182 |         ptls_buffer_push_block(sendbuf, 2, {
      |         ^~~~~~~~~~~~~~~~~~~~~~~~~~~~~~~~~~~~
 2183 |             ptls_cipher_suite_t **cs = ctx->cipher_suites;
      |             ~~~~~~~~~~~~~~~~~~~~~~~~~~~~~~~~~~~~~~~~~~~~~~
 2184 |             for (; *cs != NULL; ++cs)
      |             ~~~~~~~~~~~~~~~~~~~~~~~~~
 2185 |                 ptls_buffer_push16(sendbuf, (*cs)->id);
      |                 ~~~~~~~~~~~~~~~~~~~~~~~~~~~~~~~~~~~~~~~
 2186 |         });
      |         ~~
vendor/picotls/include/picotls.h:1293:22: note: expanded from macro 'ptls_buffer_push_block'
 1293 |         if (capacity != -1) {                                                                                                      \
      |             ~~~~~~~~ ^  ~~
vendor/picotls/include/picotls.h:1334:41: note: expanded from macro 'ptls_buffer_push_message_body'
 1334 |         ptls_buffer_push_block(_buf, 3, block);                                                                                    \
      |                                         ^~~~~
vendor/picotls/include/picotls.h:1290:13: note: expanded from macro 'ptls_buffer_push_block'
 1290 |             block                                                                                                                  \
      |             ^~~~~
vendor/picotls/lib/picotls.c:2188:9: warning: comparison of integers of different signs: 'size_t' (aka 'unsigned long') and 'int' [-Wsign-compare]
 2188 |         ptls_buffer_push_block(sendbuf, 1, { ptls_buffer_push(sendbuf, 0); });
      |         ^~~~~~~~~~~~~~~~~~~~~~~~~~~~~~~~~~~~~~~~~~~~~~~~~~~~~~~~~~~~~~~~~~~~~
vendor/picotls/include/picotls.h:1287:72: note: expanded from macro 'ptls_buffer_push_block'
 1287 |         ptls_buffer_pushv((buf), (uint8_t *)"\0\0\0\0\0\0\0", capacity != -1 ? capacity : 1);                                      \
      |                                                               ~~~~~~~~ ^  ~~
vendor/picotls/include/picotls.h:1241:57: note: expanded from macro 'ptls_buffer_pushv'
 1241 |         if ((ret = ptls_buffer__do_pushv((buf), (src), (len))) != 0)                                                               \
      |                                                         ^~~
vendor/picotls/include/picotls.h:1334:41: note: expanded from macro 'ptls_buffer_push_message_body'
 1334 |         ptls_buffer_push_block(_buf, 3, block);                                                                                    \
      |                                         ^~~~~
vendor/picotls/include/picotls.h:1290:13: note: expanded from macro 'ptls_buffer_push_block'
 1290 |             block                                                                                                                  \
      |             ^~~~~
vendor/picotls/lib/picotls.c:2188:9: warning: comparison of integers of different signs: 'size_t' (aka 'unsigned long') and 'int' [-Wsign-compare]
 2188 |         ptls_buffer_push_block(sendbuf, 1, { ptls_buffer_push(sendbuf, 0); });
      |         ^~~~~~~~~~~~~~~~~~~~~~~~~~~~~~~~~~~~~~~~~~~~~~~~~~~~~~~~~~~~~~~~~~~~~
vendor/picotls/include/picotls.h:1293:22: note: expanded from macro 'ptls_buffer_push_block'
 1293 |         if (capacity != -1) {                                                                                                      \
      |             ~~~~~~~~ ^  ~~
vendor/picotls/include/picotls.h:1334:41: note: expanded from macro 'ptls_buffer_push_message_body'
 1334 |         ptls_buffer_push_block(_buf, 3, block);                                                                                    \
      |                                         ^~~~~
vendor/picotls/include/picotls.h:1290:13: note: expanded from macro 'ptls_buffer_push_block'
 1290 |             block                                                                                                                  \
      |             ^~~~~
vendor/picotls/lib/picotls.c:2190:9: warning: comparison of integers of different signs: 'size_t' (aka 'unsigned long') and 'int' [-Wsign-compare]
 2190 |         ptls_buffer_push_block(sendbuf, 2, {
      |         ^~~~~~~~~~~~~~~~~~~~~~~~~~~~~~~~~~~~
 2191 |             if (mode == ENCODE_CH_MODE_OUTER) {
      |             ~~~~~~~~~~~~~~~~~~~~~~~~~~~~~~~~~~~
 2192 |                 buffer_push_extension(sendbuf, PTLS_EXTENSION_TYPE_ENCRYPTED_CLIENT_HELLO, {
      |                 ~~~~~~~~~~~~~~~~~~~~~~~~~~~~~~~~~~~~~~~~~~~~~~~~~~~~~~~~~~~~~~~~~~~~~~~~~~~~
 2193 |                     size_t ext_payload_from = sendbuf->off;
      |                     ~~~~~~~~~~~~~~~~~~~~~~~~~~~~~~~~~~~~~~~
 2194 |                     ptls_buffer_push(sendbuf, PTLS_ECH_CLIENT_HELLO_TYPE_OUTER);
      |                     ~~~~~~~~~~~~~~~~~~~~~~~~~~~~~~~~~~~~~~~~~~~~~~~~~~~~~~~~~~~~
 2195 |                     ptls_buffer_push16(sendbuf, ech->cipher->id.kdf);
      |                     ~~~~~~~~~~~~~~~~~~~~~~~~~~~~~~~~~~~~~~~~~~~~~~~~~
 2196 |                     ptls_buffer_push16(sendbuf, ech->cipher->id.aead);
      |                     ~~~~~~~~~~~~~~~~~~~~~~~~~~~~~~~~~~~~~~~~~~~~~~~~~~
 2197 |                     ptls_buffer_push(sendbuf, ech->config_id);
      |                     ~~~~~~~~~~~~~~~~~~~~~~~~~~~~~~~~~~~~~~~~~~
 2198 |                     ptls_buffer_push_block(sendbuf, 2, {
      |                     ~~~~~~~~~~~~~~~~~~~~~~~~~~~~~~~~~~~~
 2199 |                         if (!is_second_flight)
      |                         ~~~~~~~~~~~~~~~~~~~~~~
 2200 |                             ptls_buffer_pushv(sendbuf, ech->client.enc.base, ech->client.enc.len);
      |                             ~~~~~~~~~~~~~~~~~~~~~~~~~~~~~~~~~~~~~~~~~~~~~~~~~~~~~~~~~~~~~~~~~~~~~~
 2201 |                     });
      |                     ~~~
 2202 |                     ptls_buffer_push_block(sendbuf, 2, {
      |                     ~~~~~~~~~~~~~~~~~~~~~~~~~~~~~~~~~~~~
 2203 |                         assert(sendbuf->off - ext_payload_from ==
      |                         ~~~~~~~~~~~~~~~~~~~~~~~~~~~~~~~~~~~~~~~~~
 2204 |                                outer_ech_header_size(is_second_flight ? 0 : ech->client.enc.len));
      |                                ~~~~~~~~~~~~~~~~~~~~~~~~~~~~~~~~~~~~~~~~~~~~~~~~~~~~~~~~~~~~~~~~~~~
 2205 |                         if ((ret = ptls_buffer_reserve(sendbuf, *ech_size_offset)) != 0)
      |                         ~~~~~~~~~~~~~~~~~~~~~~~~~~~~~~~~~~~~~~~~~~~~~~~~~~~~~~~~~~~~~~~~
vendor/picotls/include/picotls.h:1287:72: note: expanded from macro 'ptls_buffer_push_block'
 1287 |         ptls_buffer_pushv((buf), (uint8_t *)"\0\0\0\0\0\0\0", capacity != -1 ? capacity : 1);                                      \
      |                                                               ~~~~~~~~ ^  ~~
vendor/picotls/include/picotls.h:1241:57: note: expanded from macro 'ptls_buffer_pushv'
 1241 |         if ((ret = ptls_buffer__do_pushv((buf), (src), (len))) != 0)                                                               \
      |                                                         ^~~
vendor/picotls/include/picotls.h:1334:41: note: expanded from macro 'ptls_buffer_push_message_body'
 1334 |         ptls_buffer_push_block(_buf, 3, block);                                                                                    \
      |                                         ^~~~~
vendor/picotls/include/picotls.h:1290:13: note: expanded from macro 'ptls_buffer_push_block'
 1290 |             block                                                                                                                  \
      |             ^~~~~
vendor/picotls/lib/picotls.c:2192:17: warning: comparison of integers of different signs: 'size_t' (aka 'unsigned long') and 'int' [-Wsign-compare]
 2192 |                 buffer_push_extension(sendbuf, PTLS_EXTENSION_TYPE_ENCRYPTED_CLIENT_HELLO, {
      |                 ^~~~~~~~~~~~~~~~~~~~~~~~~~~~~~~~~~~~~~~~~~~~~~~~~~~~~~~~~~~~~~~~~~~~~~~~~~~~
 2193 |                     size_t ext_payload_from = sendbuf->off;
      |                     ~~~~~~~~~~~~~~~~~~~~~~~~~~~~~~~~~~~~~~~
 2194 |                     ptls_buffer_push(sendbuf, PTLS_ECH_CLIENT_HELLO_TYPE_OUTER);
      |                     ~~~~~~~~~~~~~~~~~~~~~~~~~~~~~~~~~~~~~~~~~~~~~~~~~~~~~~~~~~~~
 2195 |                     ptls_buffer_push16(sendbuf, ech->cipher->id.kdf);
      |                     ~~~~~~~~~~~~~~~~~~~~~~~~~~~~~~~~~~~~~~~~~~~~~~~~~
 2196 |                     ptls_buffer_push16(sendbuf, ech->cipher->id.aead);
      |                     ~~~~~~~~~~~~~~~~~~~~~~~~~~~~~~~~~~~~~~~~~~~~~~~~~~
 2197 |                     ptls_buffer_push(sendbuf, ech->config_id);
      |                     ~~~~~~~~~~~~~~~~~~~~~~~~~~~~~~~~~~~~~~~~~~
 2198 |                     ptls_buffer_push_block(sendbuf, 2, {
      |                     ~~~~~~~~~~~~~~~~~~~~~~~~~~~~~~~~~~~~
 2199 |                         if (!is_second_flight)
      |                         ~~~~~~~~~~~~~~~~~~~~~~
 2200 |                             ptls_buffer_pushv(sendbuf, ech->client.enc.base, ech->client.enc.len);
      |                             ~~~~~~~~~~~~~~~~~~~~~~~~~~~~~~~~~~~~~~~~~~~~~~~~~~~~~~~~~~~~~~~~~~~~~~
 2201 |                     });
      |                     ~~~
 2202 |                     ptls_buffer_push_block(sendbuf, 2, {
      |                     ~~~~~~~~~~~~~~~~~~~~~~~~~~~~~~~~~~~~
 2203 |                         assert(sendbuf->off - ext_payload_from ==
      |                         ~~~~~~~~~~~~~~~~~~~~~~~~~~~~~~~~~~~~~~~~~
 2204 |                                outer_ech_header_size(is_second_flight ? 0 : ech->client.enc.len));
      |                                ~~~~~~~~~~~~~~~~~~~~~~~~~~~~~~~~~~~~~~~~~~~~~~~~~~~~~~~~~~~~~~~~~~~
 2205 |                         if ((ret = ptls_buffer_reserve(sendbuf, *ech_size_offset)) != 0)
      |                         ~~~~~~~~~~~~~~~~~~~~~~~~~~~~~~~~~~~~~~~~~~~~~~~~~~~~~~~~~~~~~~~~
 2206 |                             goto Exit;
      |                             ~~~~~~~~~~
 2207 |                         memset(sendbuf->base + sendbuf->off, 0, *ech_size_offset);
      |                         ~~~~~~~~~~~~~~~~~~~~~~~~~~~~~~~~~~~~~~~~~~~~~~~~~~~~~~~~~~
vendor/picotls/lib/picotls.c:894:9: note: expanded from macro 'buffer_push_extension'
  894 |         ptls_buffer_push_block((buf), 2, block);                                                                                   \
      |         ^~~~~~~~~~~~~~~~~~~~~~~~~~~~~~~~~~~~~~~
vendor/picotls/include/picotls.h:1287:72: note: expanded from macro 'ptls_buffer_push_block'
 1287 |         ptls_buffer_pushv((buf), (uint8_t *)"\0\0\0\0\0\0\0", capacity != -1 ? capacity : 1);                                      \
      |                                                               ~~~~~~~~ ^  ~~
vendor/picotls/include/picotls.h:1241:57: note: expanded from macro 'ptls_buffer_pushv'
 1241 |         if ((ret = ptls_buffer__do_pushv((buf), (src), (len))) != 0)                                                               \
      |                                                         ^~~
vendor/picotls/include/picotls.h:1290:13: note: expanded from macro 'ptls_buffer_push_block'
 1290 |             block                                                                                                                  \
      |             ^~~~~
vendor/picotls/include/picotls.h:1334:41: note: expanded from macro 'ptls_buffer_push_message_body'
 1334 |         ptls_buffer_push_block(_buf, 3, block);                                                                                    \
      |                                         ^~~~~
vendor/picotls/include/picotls.h:1290:13: note: expanded from macro 'ptls_buffer_push_block'
 1290 |             block                                                                                                                  \
      |             ^~~~~
vendor/picotls/lib/picotls.c:2198:21: warning: comparison of integers of different signs: 'size_t' (aka 'unsigned long') and 'int' [-Wsign-compare]
 2198 |                     ptls_buffer_push_block(sendbuf, 2, {
      |                     ^~~~~~~~~~~~~~~~~~~~~~~~~~~~~~~~~~~~
 2199 |                         if (!is_second_flight)
      |                         ~~~~~~~~~~~~~~~~~~~~~~
 2200 |                             ptls_buffer_pushv(sendbuf, ech->client.enc.base, ech->client.enc.len);
      |                             ~~~~~~~~~~~~~~~~~~~~~~~~~~~~~~~~~~~~~~~~~~~~~~~~~~~~~~~~~~~~~~~~~~~~~~
 2201 |                     });
      |                     ~~
vendor/picotls/include/picotls.h:1287:72: note: expanded from macro 'ptls_buffer_push_block'
 1287 |         ptls_buffer_pushv((buf), (uint8_t *)"\0\0\0\0\0\0\0", capacity != -1 ? capacity : 1);                                      \
      |                                                               ~~~~~~~~ ^  ~~
vendor/picotls/include/picotls.h:1241:57: note: expanded from macro 'ptls_buffer_pushv'
 1241 |         if ((ret = ptls_buffer__do_pushv((buf), (src), (len))) != 0)                                                               \
      |                                                         ^~~
vendor/picotls/lib/picotls.c:894:42: note: expanded from macro 'buffer_push_extension'
  894 |         ptls_buffer_push_block((buf), 2, block);                                                                                   \
      |                                          ^~~~~
note: (skipping 1 expansions in backtrace; use -fmacro-backtrace-limit=0 to see all)
vendor/picotls/include/picotls.h:1290:13: note: expanded from macro 'ptls_buffer_push_block'
 1290 |             block                                                                                                                  \
      |             ^~~~~
vendor/picotls/include/picotls.h:1334:41: note: expanded from macro 'ptls_buffer_push_message_body'
 1334 |         ptls_buffer_push_block(_buf, 3, block);                                                                                    \
      |                                         ^~~~~
vendor/picotls/include/picotls.h:1290:13: note: expanded from macro 'ptls_buffer_push_block'
 1290 |             block                                                                                                                  \
      |             ^~~~~
vendor/picotls/lib/picotls.c:2198:21: warning: comparison of integers of different signs: 'size_t' (aka 'unsigned long') and 'int' [-Wsign-compare]
 2198 |                     ptls_buffer_push_block(sendbuf, 2, {
      |                     ^~~~~~~~~~~~~~~~~~~~~~~~~~~~~~~~~~~~
 2199 |                         if (!is_second_flight)
      |                         ~~~~~~~~~~~~~~~~~~~~~~
 2200 |                             ptls_buffer_pushv(sendbuf, ech->client.enc.base, ech->client.enc.len);
      |                             ~~~~~~~~~~~~~~~~~~~~~~~~~~~~~~~~~~~~~~~~~~~~~~~~~~~~~~~~~~~~~~~~~~~~~~
 2201 |                     });
      |                     ~~
vendor/picotls/include/picotls.h:1293:22: note: expanded from macro 'ptls_buffer_push_block'
 1293 |         if (capacity != -1) {                                                                                                      \
      |             ~~~~~~~~ ^  ~~
vendor/picotls/lib/picotls.c:894:42: note: expanded from macro 'buffer_push_extension'
  894 |         ptls_buffer_push_block((buf), 2, block);                                                                                   \
      |                                          ^~~~~
vendor/picotls/include/picotls.h:1290:13: note: expanded from macro 'ptls_buffer_push_block'
 1290 |             block                                                                                                                  \
      |             ^~~~~
vendor/picotls/include/picotls.h:1290:13: note: expanded from macro 'ptls_buffer_push_block'
 1290 |             block                                                                                                                  \
      |             ^~~~~
vendor/picotls/include/picotls.h:1334:41: note: expanded from macro 'ptls_buffer_push_message_body'
 1334 |         ptls_buffer_push_block(_buf, 3, block);                                                                                    \
      |                                         ^~~~~
vendor/picotls/include/picotls.h:1290:13: note: expanded from macro 'ptls_buffer_push_block'
 1290 |             block                                                                                                                  \
      |             ^~~~~
vendor/picotls/lib/picotls.c:2202:21: warning: comparison of integers of different signs: 'size_t' (aka 'unsigned long') and 'int' [-Wsign-compare]
 2202 |                     ptls_buffer_push_block(sendbuf, 2, {
      |                     ^~~~~~~~~~~~~~~~~~~~~~~~~~~~~~~~~~~~
 2203 |                         assert(sendbuf->off - ext_payload_from ==
      |                         ~~~~~~~~~~~~~~~~~~~~~~~~~~~~~~~~~~~~~~~~~
 2204 |                                outer_ech_header_size(is_second_flight ? 0 : ech->client.enc.len));
      |                                ~~~~~~~~~~~~~~~~~~~~~~~~~~~~~~~~~~~~~~~~~~~~~~~~~~~~~~~~~~~~~~~~~~~
 2205 |                         if ((ret = ptls_buffer_reserve(sendbuf, *ech_size_offset)) != 0)
      |                         ~~~~~~~~~~~~~~~~~~~~~~~~~~~~~~~~~~~~~~~~~~~~~~~~~~~~~~~~~~~~~~~~
 2206 |                             goto Exit;
      |                             ~~~~~~~~~~
 2207 |                         memset(sendbuf->base + sendbuf->off, 0, *ech_size_offset);
      |                         ~~~~~~~~~~~~~~~~~~~~~~~~~~~~~~~~~~~~~~~~~~~~~~~~~~~~~~~~~~
 2208 |                         sendbuf->off += *ech_size_offset;
      |                         ~~~~~~~~~~~~~~~~~~~~~~~~~~~~~~~~~
 2209 |                         *ech_size_offset = sendbuf->off - *ech_size_offset;
      |                         ~~~~~~~~~~~~~~~~~~~~~~~~~~~~~~~~~~~~~~~~~~~~~~~~~~~
 2210 |                     });
      |                     ~~
vendor/picotls/include/picotls.h:1287:72: note: expanded from macro 'ptls_buffer_push_block'
 1287 |         ptls_buffer_pushv((buf), (uint8_t *)"\0\0\0\0\0\0\0", capacity != -1 ? capacity : 1);                                      \
      |                                                               ~~~~~~~~ ^  ~~
vendor/picotls/include/picotls.h:1241:57: note: expanded from macro 'ptls_buffer_pushv'
 1241 |         if ((ret = ptls_buffer__do_pushv((buf), (src), (len))) != 0)                                                               \
      |                                                         ^~~
vendor/picotls/lib/picotls.c:894:42: note: expanded from macro 'buffer_push_extension'
  894 |         ptls_buffer_push_block((buf), 2, block);                                                                                   \
      |                                          ^~~~~
note: (skipping 1 expansions in backtrace; use -fmacro-backtrace-limit=0 to see all)
vendor/picotls/include/picotls.h:1290:13: note: expanded from macro 'ptls_buffer_push_block'
 1290 |             block                                                                                                                  \
      |             ^~~~~
vendor/picotls/include/picotls.h:1334:41: note: expanded from macro 'ptls_buffer_push_message_body'
 1334 |         ptls_buffer_push_block(_buf, 3, block);                                                                                    \
      |                                         ^~~~~
vendor/picotls/include/picotls.h:1290:13: note: expanded from macro 'ptls_buffer_push_block'
 1290 |             block                                                                                                                  \
      |             ^~~~~
vendor/picotls/lib/picotls.c:2202:21: warning: comparison of integers of different signs: 'size_t' (aka 'unsigned long') and 'int' [-Wsign-compare]
 2202 |                     ptls_buffer_push_block(sendbuf, 2, {
      |                     ^~~~~~~~~~~~~~~~~~~~~~~~~~~~~~~~~~~~
 2203 |                         assert(sendbuf->off - ext_payload_from ==
      |                         ~~~~~~~~~~~~~~~~~~~~~~~~~~~~~~~~~~~~~~~~~
 2204 |                                outer_ech_header_size(is_second_flight ? 0 : ech->client.enc.len));
      |                                ~~~~~~~~~~~~~~~~~~~~~~~~~~~~~~~~~~~~~~~~~~~~~~~~~~~~~~~~~~~~~~~~~~~
 2205 |                         if ((ret = ptls_buffer_reserve(sendbuf, *ech_size_offset)) != 0)
      |                         ~~~~~~~~~~~~~~~~~~~~~~~~~~~~~~~~~~~~~~~~~~~~~~~~~~~~~~~~~~~~~~~~
 2206 |                             goto Exit;
      |                             ~~~~~~~~~~
 2207 |                         memset(sendbuf->base + sendbuf->off, 0, *ech_size_offset);
      |                         ~~~~~~~~~~~~~~~~~~~~~~~~~~~~~~~~~~~~~~~~~~~~~~~~~~~~~~~~~~
 2208 |                         sendbuf->off += *ech_size_offset;
      |                         ~~~~~~~~~~~~~~~~~~~~~~~~~~~~~~~~~
 2209 |                         *ech_size_offset = sendbuf->off - *ech_size_offset;
      |                         ~~~~~~~~~~~~~~~~~~~~~~~~~~~~~~~~~~~~~~~~~~~~~~~~~~~
 2210 |                     });
      |                     ~~
vendor/picotls/include/picotls.h:1293:22: note: expanded from macro 'ptls_buffer_push_block'
 1293 |         if (capacity != -1) {                                                                                                      \
      |             ~~~~~~~~ ^  ~~
vendor/picotls/lib/picotls.c:894:42: note: expanded from macro 'buffer_push_extension'
  894 |         ptls_buffer_push_block((buf), 2, block);                                                                                   \
      |                                          ^~~~~
vendor/picotls/include/picotls.h:1290:13: note: expanded from macro 'ptls_buffer_push_block'
 1290 |             block                                                                                                                  \
      |             ^~~~~
vendor/picotls/include/picotls.h:1290:13: note: expanded from macro 'ptls_buffer_push_block'
 1290 |             block                                                                                                                  \
      |             ^~~~~
vendor/picotls/include/picotls.h:1334:41: note: expanded from macro 'ptls_buffer_push_message_body'
 1334 |         ptls_buffer_push_block(_buf, 3, block);                                                                                    \
      |                                         ^~~~~
vendor/picotls/include/picotls.h:1290:13: note: expanded from macro 'ptls_buffer_push_block'
 1290 |             block                                                                                                                  \
      |             ^~~~~
vendor/picotls/lib/picotls.c:2192:17: warning: comparison of integers of different signs: 'size_t' (aka 'unsigned long') and 'int' [-Wsign-compare]
 2192 |                 buffer_push_extension(sendbuf, PTLS_EXTENSION_TYPE_ENCRYPTED_CLIENT_HELLO, {
      |                 ^~~~~~~~~~~~~~~~~~~~~~~~~~~~~~~~~~~~~~~~~~~~~~~~~~~~~~~~~~~~~~~~~~~~~~~~~~~~
 2193 |                     size_t ext_payload_from = sendbuf->off;
      |                     ~~~~~~~~~~~~~~~~~~~~~~~~~~~~~~~~~~~~~~~
 2194 |                     ptls_buffer_push(sendbuf, PTLS_ECH_CLIENT_HELLO_TYPE_OUTER);
      |                     ~~~~~~~~~~~~~~~~~~~~~~~~~~~~~~~~~~~~~~~~~~~~~~~~~~~~~~~~~~~~
 2195 |                     ptls_buffer_push16(sendbuf, ech->cipher->id.kdf);
      |                     ~~~~~~~~~~~~~~~~~~~~~~~~~~~~~~~~~~~~~~~~~~~~~~~~~
 2196 |                     ptls_buffer_push16(sendbuf, ech->cipher->id.aead);
      |                     ~~~~~~~~~~~~~~~~~~~~~~~~~~~~~~~~~~~~~~~~~~~~~~~~~~
 2197 |                     ptls_buffer_push(sendbuf, ech->config_id);
      |                     ~~~~~~~~~~~~~~~~~~~~~~~~~~~~~~~~~~~~~~~~~~
 2198 |                     ptls_buffer_push_block(sendbuf, 2, {
      |                     ~~~~~~~~~~~~~~~~~~~~~~~~~~~~~~~~~~~~
 2199 |                         if (!is_second_flight)
      |                         ~~~~~~~~~~~~~~~~~~~~~~
 2200 |                             ptls_buffer_pushv(sendbuf, ech->client.enc.base, ech->client.enc.len);
      |                             ~~~~~~~~~~~~~~~~~~~~~~~~~~~~~~~~~~~~~~~~~~~~~~~~~~~~~~~~~~~~~~~~~~~~~~
 2201 |                     });
      |                     ~~~
 2202 |                     ptls_buffer_push_block(sendbuf, 2, {
      |                     ~~~~~~~~~~~~~~~~~~~~~~~~~~~~~~~~~~~~
 2203 |                         assert(sendbuf->off - ext_payload_from ==
      |                         ~~~~~~~~~~~~~~~~~~~~~~~~~~~~~~~~~~~~~~~~~
 2204 |                                outer_ech_header_size(is_second_flight ? 0 : ech->client.enc.len));
      |                                ~~~~~~~~~~~~~~~~~~~~~~~~~~~~~~~~~~~~~~~~~~~~~~~~~~~~~~~~~~~~~~~~~~~
 2205 |                         if ((ret = ptls_buffer_reserve(sendbuf, *ech_size_offset)) != 0)
      |                         ~~~~~~~~~~~~~~~~~~~~~~~~~~~~~~~~~~~~~~~~~~~~~~~~~~~~~~~~~~~~~~~~
 2206 |                             goto Exit;
      |                             ~~~~~~~~~~
 2207 |                         memset(sendbuf->base + sendbuf->off, 0, *ech_size_offset);
      |                         ~~~~~~~~~~~~~~~~~~~~~~~~~~~~~~~~~~~~~~~~~~~~~~~~~~~~~~~~~~
vendor/picotls/lib/picotls.c:894:9: note: expanded from macro 'buffer_push_extension'
  894 |         ptls_buffer_push_block((buf), 2, block);                                                                                   \
      |         ^~~~~~~~~~~~~~~~~~~~~~~~~~~~~~~~~~~~~~~
vendor/picotls/include/picotls.h:1293:22: note: expanded from macro 'ptls_buffer_push_block'
 1293 |         if (capacity != -1) {                                                                                                      \
      |             ~~~~~~~~ ^  ~~
vendor/picotls/include/picotls.h:1290:13: note: expanded from macro 'ptls_buffer_push_block'
 1290 |             block                                                                                                                  \
      |             ^~~~~
vendor/picotls/include/picotls.h:1334:41: note: expanded from macro 'ptls_buffer_push_message_body'
 1334 |         ptls_buffer_push_block(_buf, 3, block);                                                                                    \
      |                                         ^~~~~
vendor/picotls/include/picotls.h:1290:13: note: expanded from macro 'ptls_buffer_push_block'
 1290 |             block                                                                                                                  \
      |             ^~~~~
vendor/picotls/lib/picotls.c:2213:17: warning: comparison of integers of different signs: 'size_t' (aka 'unsigned long') and 'int' [-Wsign-compare]
 2213 |                 buffer_push_extension(sendbuf, PTLS_EXTENSION_TYPE_ENCRYPTED_CLIENT_HELLO,
      |                 ^~~~~~~~~~~~~~~~~~~~~~~~~~~~~~~~~~~~~~~~~~~~~~~~~~~~~~~~~~~~~~~~~~~~~~~~~~
 2214 |                                       { ptls_buffer_push(sendbuf, PTLS_ECH_CLIENT_HELLO_TYPE_INNER); });
      |                                       ~~~~~~~~~~~~~~~~~~~~~~~~~~~~~~~~~~~~~~~~~~~~~~~~~~~~~~~~~~~~~~~~~
vendor/picotls/lib/picotls.c:894:9: note: expanded from macro 'buffer_push_extension'
  894 |         ptls_buffer_push_block((buf), 2, block);                                                                                   \
      |         ^~~~~~~~~~~~~~~~~~~~~~~~~~~~~~~~~~~~~~~
vendor/picotls/include/picotls.h:1287:72: note: expanded from macro 'ptls_buffer_push_block'
 1287 |         ptls_buffer_pushv((buf), (uint8_t *)"\0\0\0\0\0\0\0", capacity != -1 ? capacity : 1);                                      \
      |                                                               ~~~~~~~~ ^  ~~
vendor/picotls/include/picotls.h:1241:57: note: expanded from macro 'ptls_buffer_pushv'
 1241 |         if ((ret = ptls_buffer__do_pushv((buf), (src), (len))) != 0)                                                               \
      |                                                         ^~~
vendor/picotls/include/picotls.h:1290:13: note: expanded from macro 'ptls_buffer_push_block'
 1290 |             block                                                                                                                  \
      |             ^~~~~
vendor/picotls/include/picotls.h:1334:41: note: expanded from macro 'ptls_buffer_push_message_body'
 1334 |         ptls_buffer_push_block(_buf, 3, block);                                                                                    \
      |                                         ^~~~~
vendor/picotls/include/picotls.h:1290:13: note: expanded from macro 'ptls_buffer_push_block'
 1290 |             block                                                                                                                  \
      |             ^~~~~
vendor/picotls/lib/picotls.c:2213:17: warning: comparison of integers of different signs: 'size_t' (aka 'unsigned long') and 'int' [-Wsign-compare]
 2213 |                 buffer_push_extension(sendbuf, PTLS_EXTENSION_TYPE_ENCRYPTED_CLIENT_HELLO,
      |                 ^~~~~~~~~~~~~~~~~~~~~~~~~~~~~~~~~~~~~~~~~~~~~~~~~~~~~~~~~~~~~~~~~~~~~~~~~~
 2214 |                                       { ptls_buffer_push(sendbuf, PTLS_ECH_CLIENT_HELLO_TYPE_INNER); });
      |                                       ~~~~~~~~~~~~~~~~~~~~~~~~~~~~~~~~~~~~~~~~~~~~~~~~~~~~~~~~~~~~~~~~~
vendor/picotls/lib/picotls.c:894:9: note: expanded from macro 'buffer_push_extension'
  894 |         ptls_buffer_push_block((buf), 2, block);                                                                                   \
      |         ^~~~~~~~~~~~~~~~~~~~~~~~~~~~~~~~~~~~~~~
vendor/picotls/include/picotls.h:1293:22: note: expanded from macro 'ptls_buffer_push_block'
 1293 |         if (capacity != -1) {                                                                                                      \
      |             ~~~~~~~~ ^  ~~
vendor/picotls/include/picotls.h:1290:13: note: expanded from macro 'ptls_buffer_push_block'
 1290 |             block                                                                                                                  \
      |             ^~~~~
vendor/picotls/include/picotls.h:1334:41: note: expanded from macro 'ptls_buffer_push_message_body'
 1334 |         ptls_buffer_push_block(_buf, 3, block);                                                                                    \
      |                                         ^~~~~
vendor/picotls/include/picotls.h:1290:13: note: expanded from macro 'ptls_buffer_push_block'
 1290 |             block                                                                                                                  \
      |             ^~~~~
vendor/picotls/lib/picotls.c:2216:17: warning: comparison of integers of different signs: 'size_t' (aka 'unsigned long') and 'int' [-Wsign-compare]
 2216 |                 buffer_push_extension(sendbuf, PTLS_EXTENSION_TYPE_ENCRYPTED_CLIENT_HELLO,
      |                 ^~~~~~~~~~~~~~~~~~~~~~~~~~~~~~~~~~~~~~~~~~~~~~~~~~~~~~~~~~~~~~~~~~~~~~~~~~
 2217 |                                       { ptls_buffer_pushv(sendbuf, ech_replay.base, ech_replay.len); });
      |                                       ~~~~~~~~~~~~~~~~~~~~~~~~~~~~~~~~~~~~~~~~~~~~~~~~~~~~~~~~~~~~~~~~~
vendor/picotls/lib/picotls.c:894:9: note: expanded from macro 'buffer_push_extension'
  894 |         ptls_buffer_push_block((buf), 2, block);                                                                                   \
      |         ^~~~~~~~~~~~~~~~~~~~~~~~~~~~~~~~~~~~~~~
vendor/picotls/include/picotls.h:1287:72: note: expanded from macro 'ptls_buffer_push_block'
 1287 |         ptls_buffer_pushv((buf), (uint8_t *)"\0\0\0\0\0\0\0", capacity != -1 ? capacity : 1);                                      \
      |                                                               ~~~~~~~~ ^  ~~
vendor/picotls/include/picotls.h:1241:57: note: expanded from macro 'ptls_buffer_pushv'
 1241 |         if ((ret = ptls_buffer__do_pushv((buf), (src), (len))) != 0)                                                               \
      |                                                         ^~~
vendor/picotls/include/picotls.h:1290:13: note: expanded from macro 'ptls_buffer_push_block'
 1290 |             block                                                                                                                  \
      |             ^~~~~
vendor/picotls/include/picotls.h:1334:41: note: expanded from macro 'ptls_buffer_push_message_body'
 1334 |         ptls_buffer_push_block(_buf, 3, block);                                                                                    \
      |                                         ^~~~~
vendor/picotls/include/picotls.h:1290:13: note: expanded from macro 'ptls_buffer_push_block'
 1290 |             block                                                                                                                  \
      |             ^~~~~
vendor/picotls/lib/picotls.c:2216:17: warning: comparison of integers of different signs: 'size_t' (aka 'unsigned long') and 'int' [-Wsign-compare]
 2216 |                 buffer_push_extension(sendbuf, PTLS_EXTENSION_TYPE_ENCRYPTED_CLIENT_HELLO,
      |                 ^~~~~~~~~~~~~~~~~~~~~~~~~~~~~~~~~~~~~~~~~~~~~~~~~~~~~~~~~~~~~~~~~~~~~~~~~~
 2217 |                                       { ptls_buffer_pushv(sendbuf, ech_replay.base, ech_replay.len); });
      |                                       ~~~~~~~~~~~~~~~~~~~~~~~~~~~~~~~~~~~~~~~~~~~~~~~~~~~~~~~~~~~~~~~~~
vendor/picotls/lib/picotls.c:894:9: note: expanded from macro 'buffer_push_extension'
  894 |         ptls_buffer_push_block((buf), 2, block);                                                                                   \
      |         ^~~~~~~~~~~~~~~~~~~~~~~~~~~~~~~~~~~~~~~
vendor/picotls/include/picotls.h:1293:22: note: expanded from macro 'ptls_buffer_push_block'
 1293 |         if (capacity != -1) {                                                                                                      \
      |             ~~~~~~~~ ^  ~~
vendor/picotls/include/picotls.h:1290:13: note: expanded from macro 'ptls_buffer_push_block'
 1290 |             block                                                                                                                  \
      |             ^~~~~
vendor/picotls/include/picotls.h:1334:41: note: expanded from macro 'ptls_buffer_push_message_body'
 1334 |         ptls_buffer_push_block(_buf, 3, block);                                                                                    \
      |                                         ^~~~~
vendor/picotls/include/picotls.h:1290:13: note: expanded from macro 'ptls_buffer_push_block'
 1290 |             block                                                                                                                  \
      |             ^~~~~
vendor/picotls/lib/picotls.c:2220:17: warning: comparison of integers of different signs: 'size_t' (aka 'unsigned long') and 'int' [-Wsign-compare]
 2220 |                 buffer_push_extension(sendbuf, PTLS_EXTENSION_TYPE_ECH_OUTER_EXTENSIONS, {
      |                 ^~~~~~~~~~~~~~~~~~~~~~~~~~~~~~~~~~~~~~~~~~~~~~~~~~~~~~~~~~~~~~~~~~~~~~~~~~
 2221 |                     ptls_buffer_push_block(sendbuf, 1, { ptls_buffer_push16(sendbuf, PTLS_EXTENSION_TYPE_KEY_SHARE); });
      |                     ~~~~~~~~~~~~~~~~~~~~~~~~~~~~~~~~~~~~~~~~~~~~~~~~~~~~~~~~~~~~~~~~~~~~~~~~~~~~~~~~~~~~~~~~~~~~~~~~~~~~
 2222 |                 });
      |                 ~~
vendor/picotls/lib/picotls.c:894:9: note: expanded from macro 'buffer_push_extension'
  894 |         ptls_buffer_push_block((buf), 2, block);                                                                                   \
      |         ^~~~~~~~~~~~~~~~~~~~~~~~~~~~~~~~~~~~~~~
vendor/picotls/include/picotls.h:1287:72: note: expanded from macro 'ptls_buffer_push_block'
 1287 |         ptls_buffer_pushv((buf), (uint8_t *)"\0\0\0\0\0\0\0", capacity != -1 ? capacity : 1);                                      \
      |                                                               ~~~~~~~~ ^  ~~
vendor/picotls/include/picotls.h:1241:57: note: expanded from macro 'ptls_buffer_pushv'
 1241 |         if ((ret = ptls_buffer__do_pushv((buf), (src), (len))) != 0)                                                               \
      |                                                         ^~~
vendor/picotls/include/picotls.h:1290:13: note: expanded from macro 'ptls_buffer_push_block'
 1290 |             block                                                                                                                  \
      |             ^~~~~
vendor/picotls/include/picotls.h:1334:41: note: expanded from macro 'ptls_buffer_push_message_body'
 1334 |         ptls_buffer_push_block(_buf, 3, block);                                                                                    \
      |                                         ^~~~~
vendor/picotls/include/picotls.h:1290:13: note: expanded from macro 'ptls_buffer_push_block'
 1290 |             block                                                                                                                  \
      |             ^~~~~
vendor/picotls/lib/picotls.c:2221:21: warning: comparison of integers of different signs: 'size_t' (aka 'unsigned long') and 'int' [-Wsign-compare]
 2221 |                     ptls_buffer_push_block(sendbuf, 1, { ptls_buffer_push16(sendbuf, PTLS_EXTENSION_TYPE_KEY_SHARE); });
      |                     ^~~~~~~~~~~~~~~~~~~~~~~~~~~~~~~~~~~~~~~~~~~~~~~~~~~~~~~~~~~~~~~~~~~~~~~~~~~~~~~~~~~~~~~~~~~~~~~~~~~
vendor/picotls/include/picotls.h:1287:72: note: expanded from macro 'ptls_buffer_push_block'
 1287 |         ptls_buffer_pushv((buf), (uint8_t *)"\0\0\0\0\0\0\0", capacity != -1 ? capacity : 1);                                      \
      |                                                               ~~~~~~~~ ^  ~~
vendor/picotls/include/picotls.h:1241:57: note: expanded from macro 'ptls_buffer_pushv'
 1241 |         if ((ret = ptls_buffer__do_pushv((buf), (src), (len))) != 0)                                                               \
      |                                                         ^~~
vendor/picotls/lib/picotls.c:894:42: note: expanded from macro 'buffer_push_extension'
  894 |         ptls_buffer_push_block((buf), 2, block);                                                                                   \
      |                                          ^~~~~
note: (skipping 1 expansions in backtrace; use -fmacro-backtrace-limit=0 to see all)
vendor/picotls/include/picotls.h:1290:13: note: expanded from macro 'ptls_buffer_push_block'
 1290 |             block                                                                                                                  \
      |             ^~~~~
vendor/picotls/include/picotls.h:1334:41: note: expanded from macro 'ptls_buffer_push_message_body'
 1334 |         ptls_buffer_push_block(_buf, 3, block);                                                                                    \
      |                                         ^~~~~
vendor/picotls/include/picotls.h:1290:13: note: expanded from macro 'ptls_buffer_push_block'
 1290 |             block                                                                                                                  \
      |             ^~~~~
vendor/picotls/lib/picotls.c:2221:21: warning: comparison of integers of different signs: 'size_t' (aka 'unsigned long') and 'int' [-Wsign-compare]
 2221 |                     ptls_buffer_push_block(sendbuf, 1, { ptls_buffer_push16(sendbuf, PTLS_EXTENSION_TYPE_KEY_SHARE); });
      |                     ^~~~~~~~~~~~~~~~~~~~~~~~~~~~~~~~~~~~~~~~~~~~~~~~~~~~~~~~~~~~~~~~~~~~~~~~~~~~~~~~~~~~~~~~~~~~~~~~~~~
vendor/picotls/include/picotls.h:1293:22: note: expanded from macro 'ptls_buffer_push_block'
 1293 |         if (capacity != -1) {                                                                                                      \
      |             ~~~~~~~~ ^  ~~
vendor/picotls/lib/picotls.c:894:42: note: expanded from macro 'buffer_push_extension'
  894 |         ptls_buffer_push_block((buf), 2, block);                                                                                   \
      |                                          ^~~~~
vendor/picotls/include/picotls.h:1290:13: note: expanded from macro 'ptls_buffer_push_block'
 1290 |             block                                                                                                                  \
      |             ^~~~~
vendor/picotls/include/picotls.h:1290:13: note: expanded from macro 'ptls_buffer_push_block'
 1290 |             block                                                                                                                  \
      |             ^~~~~
vendor/picotls/include/picotls.h:1334:41: note: expanded from macro 'ptls_buffer_push_message_body'
 1334 |         ptls_buffer_push_block(_buf, 3, block);                                                                                    \
      |                                         ^~~~~
vendor/picotls/include/picotls.h:1290:13: note: expanded from macro 'ptls_buffer_push_block'
 1290 |             block                                                                                                                  \
      |             ^~~~~
vendor/picotls/lib/picotls.c:2220:17: warning: comparison of integers of different signs: 'size_t' (aka 'unsigned long') and 'int' [-Wsign-compare]
 2220 |                 buffer_push_extension(sendbuf, PTLS_EXTENSION_TYPE_ECH_OUTER_EXTENSIONS, {
      |                 ^~~~~~~~~~~~~~~~~~~~~~~~~~~~~~~~~~~~~~~~~~~~~~~~~~~~~~~~~~~~~~~~~~~~~~~~~~
 2221 |                     ptls_buffer_push_block(sendbuf, 1, { ptls_buffer_push16(sendbuf, PTLS_EXTENSION_TYPE_KEY_SHARE); });
      |                     ~~~~~~~~~~~~~~~~~~~~~~~~~~~~~~~~~~~~~~~~~~~~~~~~~~~~~~~~~~~~~~~~~~~~~~~~~~~~~~~~~~~~~~~~~~~~~~~~~~~~
 2222 |                 });
      |                 ~~
vendor/picotls/lib/picotls.c:894:9: note: expanded from macro 'buffer_push_extension'
  894 |         ptls_buffer_push_block((buf), 2, block);                                                                                   \
      |         ^~~~~~~~~~~~~~~~~~~~~~~~~~~~~~~~~~~~~~~
vendor/picotls/include/picotls.h:1293:22: note: expanded from macro 'ptls_buffer_push_block'
 1293 |         if (capacity != -1) {                                                                                                      \
      |             ~~~~~~~~ ^  ~~
vendor/picotls/include/picotls.h:1290:13: note: expanded from macro 'ptls_buffer_push_block'
 1290 |             block                                                                                                                  \
      |             ^~~~~
vendor/picotls/include/picotls.h:1334:41: note: expanded from macro 'ptls_buffer_push_message_body'
 1334 |         ptls_buffer_push_block(_buf, 3, block);                                                                                    \
      |                                         ^~~~~
vendor/picotls/include/picotls.h:1290:13: note: expanded from macro 'ptls_buffer_push_block'
 1290 |             block                                                                                                                  \
      |             ^~~~~
vendor/picotls/lib/picotls.c:2224:17: warning: comparison of integers of different signs: 'size_t' (aka 'unsigned long') and 'int' [-Wsign-compare]
 2224 |                 buffer_push_extension(sendbuf, PTLS_EXTENSION_TYPE_KEY_SHARE, {
      |                 ^~~~~~~~~~~~~~~~~~~~~~~~~~~~~~~~~~~~~~~~~~~~~~~~~~~~~~~~~~~~~~~
 2225 |                     ptls_buffer_push_block(sendbuf, 2, {
      |                     ~~~~~~~~~~~~~~~~~~~~~~~~~~~~~~~~~~~~
 2226 |                         if (key_share_ctx != NULL &&
      |                         ~~~~~~~~~~~~~~~~~~~~~~~~~~~~
 2227 |                             (ret = push_key_share_entry(sendbuf, key_share_ctx->algo->id, key_share_ctx->pubkey)) != 0)
      |                             ~~~~~~~~~~~~~~~~~~~~~~~~~~~~~~~~~~~~~~~~~~~~~~~~~~~~~~~~~~~~~~~~~~~~~~~~~~~~~~~~~~~~~~~~~~~
 2228 |                             goto Exit;
      |                             ~~~~~~~~~~
 2229 |                     });
      |                     ~~~
 2230 |                 });
      |                 ~~
vendor/picotls/lib/picotls.c:894:9: note: expanded from macro 'buffer_push_extension'
  894 |         ptls_buffer_push_block((buf), 2, block);                                                                                   \
      |         ^~~~~~~~~~~~~~~~~~~~~~~~~~~~~~~~~~~~~~~
vendor/picotls/include/picotls.h:1287:72: note: expanded from macro 'ptls_buffer_push_block'
 1287 |         ptls_buffer_pushv((buf), (uint8_t *)"\0\0\0\0\0\0\0", capacity != -1 ? capacity : 1);                                      \
      |                                                               ~~~~~~~~ ^  ~~
vendor/picotls/include/picotls.h:1241:57: note: expanded from macro 'ptls_buffer_pushv'
 1241 |         if ((ret = ptls_buffer__do_pushv((buf), (src), (len))) != 0)                                                               \
      |                                                         ^~~
vendor/picotls/include/picotls.h:1290:13: note: expanded from macro 'ptls_buffer_push_block'
 1290 |             block                                                                                                                  \
      |             ^~~~~
vendor/picotls/include/picotls.h:1334:41: note: expanded from macro 'ptls_buffer_push_message_body'
 1334 |         ptls_buffer_push_block(_buf, 3, block);                                                                                    \
      |                                         ^~~~~
vendor/picotls/include/picotls.h:1290:13: note: expanded from macro 'ptls_buffer_push_block'
 1290 |             block                                                                                                                  \
      |             ^~~~~
vendor/picotls/lib/picotls.c:2225:21: warning: comparison of integers of different signs: 'size_t' (aka 'unsigned long') and 'int' [-Wsign-compare]
 2225 |                     ptls_buffer_push_block(sendbuf, 2, {
      |                     ^~~~~~~~~~~~~~~~~~~~~~~~~~~~~~~~~~~~
 2226 |                         if (key_share_ctx != NULL &&
      |                         ~~~~~~~~~~~~~~~~~~~~~~~~~~~~
 2227 |                             (ret = push_key_share_entry(sendbuf, key_share_ctx->algo->id, key_share_ctx->pubkey)) != 0)
      |                             ~~~~~~~~~~~~~~~~~~~~~~~~~~~~~~~~~~~~~~~~~~~~~~~~~~~~~~~~~~~~~~~~~~~~~~~~~~~~~~~~~~~~~~~~~~~
 2228 |                             goto Exit;
      |                             ~~~~~~~~~~
 2229 |                     });
      |                     ~~
vendor/picotls/include/picotls.h:1287:72: note: expanded from macro 'ptls_buffer_push_block'
 1287 |         ptls_buffer_pushv((buf), (uint8_t *)"\0\0\0\0\0\0\0", capacity != -1 ? capacity : 1);                                      \
      |                                                               ~~~~~~~~ ^  ~~
vendor/picotls/include/picotls.h:1241:57: note: expanded from macro 'ptls_buffer_pushv'
 1241 |         if ((ret = ptls_buffer__do_pushv((buf), (src), (len))) != 0)                                                               \
      |                                                         ^~~
vendor/picotls/lib/picotls.c:894:42: note: expanded from macro 'buffer_push_extension'
  894 |         ptls_buffer_push_block((buf), 2, block);                                                                                   \
      |                                          ^~~~~
note: (skipping 1 expansions in backtrace; use -fmacro-backtrace-limit=0 to see all)
vendor/picotls/include/picotls.h:1290:13: note: expanded from macro 'ptls_buffer_push_block'
 1290 |             block                                                                                                                  \
      |             ^~~~~
vendor/picotls/include/picotls.h:1334:41: note: expanded from macro 'ptls_buffer_push_message_body'
 1334 |         ptls_buffer_push_block(_buf, 3, block);                                                                                    \
      |                                         ^~~~~
vendor/picotls/include/picotls.h:1290:13: note: expanded from macro 'ptls_buffer_push_block'
 1290 |             block                                                                                                                  \
      |             ^~~~~
vendor/picotls/lib/picotls.c:2225:21: warning: comparison of integers of different signs: 'size_t' (aka 'unsigned long') and 'int' [-Wsign-compare]
 2225 |                     ptls_buffer_push_block(sendbuf, 2, {
      |                     ^~~~~~~~~~~~~~~~~~~~~~~~~~~~~~~~~~~~
 2226 |                         if (key_share_ctx != NULL &&
      |                         ~~~~~~~~~~~~~~~~~~~~~~~~~~~~
 2227 |                             (ret = push_key_share_entry(sendbuf, key_share_ctx->algo->id, key_share_ctx->pubkey)) != 0)
      |                             ~~~~~~~~~~~~~~~~~~~~~~~~~~~~~~~~~~~~~~~~~~~~~~~~~~~~~~~~~~~~~~~~~~~~~~~~~~~~~~~~~~~~~~~~~~~
 2228 |                             goto Exit;
      |                             ~~~~~~~~~~
 2229 |                     });
      |                     ~~
vendor/picotls/include/picotls.h:1293:22: note: expanded from macro 'ptls_buffer_push_block'
 1293 |         if (capacity != -1) {                                                                                                      \
      |             ~~~~~~~~ ^  ~~
vendor/picotls/lib/picotls.c:894:42: note: expanded from macro 'buffer_push_extension'
  894 |         ptls_buffer_push_block((buf), 2, block);                                                                                   \
      |                                          ^~~~~
vendor/picotls/include/picotls.h:1290:13: note: expanded from macro 'ptls_buffer_push_block'
 1290 |             block                                                                                                                  \
      |             ^~~~~
vendor/picotls/include/picotls.h:1290:13: note: expanded from macro 'ptls_buffer_push_block'
 1290 |             block                                                                                                                  \
      |             ^~~~~
vendor/picotls/include/picotls.h:1334:41: note: expanded from macro 'ptls_buffer_push_message_body'
 1334 |         ptls_buffer_push_block(_buf, 3, block);                                                                                    \
      |                                         ^~~~~
vendor/picotls/include/picotls.h:1290:13: note: expanded from macro 'ptls_buffer_push_block'
 1290 |             block                                                                                                                  \
      |             ^~~~~
vendor/picotls/lib/picotls.c:2224:17: warning: comparison of integers of different signs: 'size_t' (aka 'unsigned long') and 'int' [-Wsign-compare]
 2224 |                 buffer_push_extension(sendbuf, PTLS_EXTENSION_TYPE_KEY_SHARE, {
      |                 ^~~~~~~~~~~~~~~~~~~~~~~~~~~~~~~~~~~~~~~~~~~~~~~~~~~~~~~~~~~~~~~
 2225 |                     ptls_buffer_push_block(sendbuf, 2, {
      |                     ~~~~~~~~~~~~~~~~~~~~~~~~~~~~~~~~~~~~
 2226 |                         if (key_share_ctx != NULL &&
      |                         ~~~~~~~~~~~~~~~~~~~~~~~~~~~~
 2227 |                             (ret = push_key_share_entry(sendbuf, key_share_ctx->algo->id, key_share_ctx->pubkey)) != 0)
      |                             ~~~~~~~~~~~~~~~~~~~~~~~~~~~~~~~~~~~~~~~~~~~~~~~~~~~~~~~~~~~~~~~~~~~~~~~~~~~~~~~~~~~~~~~~~~~
 2228 |                             goto Exit;
      |                             ~~~~~~~~~~
 2229 |                     });
      |                     ~~~
 2230 |                 });
      |                 ~~
vendor/picotls/lib/picotls.c:894:9: note: expanded from macro 'buffer_push_extension'
  894 |         ptls_buffer_push_block((buf), 2, block);                                                                                   \
      |         ^~~~~~~~~~~~~~~~~~~~~~~~~~~~~~~~~~~~~~~
vendor/picotls/include/picotls.h:1293:22: note: expanded from macro 'ptls_buffer_push_block'
 1293 |         if (capacity != -1) {                                                                                                      \
      |             ~~~~~~~~ ^  ~~
vendor/picotls/include/picotls.h:1290:13: note: expanded from macro 'ptls_buffer_push_block'
 1290 |             block                                                                                                                  \
      |             ^~~~~
vendor/picotls/include/picotls.h:1334:41: note: expanded from macro 'ptls_buffer_push_message_body'
 1334 |         ptls_buffer_push_block(_buf, 3, block);                                                                                    \
      |                                         ^~~~~
vendor/picotls/include/picotls.h:1290:13: note: expanded from macro 'ptls_buffer_push_block'
 1290 |             block                                                                                                                  \
      |             ^~~~~
vendor/picotls/lib/picotls.c:2233:17: warning: comparison of integers of different signs: 'size_t' (aka 'unsigned long') and 'int' [-Wsign-compare]
 2233 |                 buffer_push_extension(sendbuf, PTLS_EXTENSION_TYPE_SERVER_NAME, {
      |                 ^~~~~~~~~~~~~~~~~~~~~~~~~~~~~~~~~~~~~~~~~~~~~~~~~~~~~~~~~~~~~~~~~
 2234 |                     if ((ret = emit_server_name_extension(sendbuf, sni_name)) != 0)
      |                     ~~~~~~~~~~~~~~~~~~~~~~~~~~~~~~~~~~~~~~~~~~~~~~~~~~~~~~~~~~~~~~~
 2235 |                         goto Exit;
      |                         ~~~~~~~~~~
 2236 |                 });
      |                 ~~
vendor/picotls/lib/picotls.c:894:9: note: expanded from macro 'buffer_push_extension'
  894 |         ptls_buffer_push_block((buf), 2, block);                                                                                   \
      |         ^~~~~~~~~~~~~~~~~~~~~~~~~~~~~~~~~~~~~~~
vendor/picotls/include/picotls.h:1287:72: note: expanded from macro 'ptls_buffer_push_block'
 1287 |         ptls_buffer_pushv((buf), (uint8_t *)"\0\0\0\0\0\0\0", capacity != -1 ? capacity : 1);                                      \
      |                                                               ~~~~~~~~ ^  ~~
vendor/picotls/include/picotls.h:1241:57: note: expanded from macro 'ptls_buffer_pushv'
 1241 |         if ((ret = ptls_buffer__do_pushv((buf), (src), (len))) != 0)                                                               \
      |                                                         ^~~
vendor/picotls/include/picotls.h:1290:13: note: expanded from macro 'ptls_buffer_push_block'
 1290 |             block                                                                                                                  \
      |             ^~~~~
vendor/picotls/include/picotls.h:1334:41: note: expanded from macro 'ptls_buffer_push_message_body'
 1334 |         ptls_buffer_push_block(_buf, 3, block);                                                                                    \
      |                                         ^~~~~
vendor/picotls/include/picotls.h:1290:13: note: expanded from macro 'ptls_buffer_push_block'
 1290 |             block                                                                                                                  \
      |             ^~~~~
vendor/picotls/lib/picotls.c:2233:17: warning: comparison of integers of different signs: 'size_t' (aka 'unsigned long') and 'int' [-Wsign-compare]
 2233 |                 buffer_push_extension(sendbuf, PTLS_EXTENSION_TYPE_SERVER_NAME, {
      |                 ^~~~~~~~~~~~~~~~~~~~~~~~~~~~~~~~~~~~~~~~~~~~~~~~~~~~~~~~~~~~~~~~~
 2234 |                     if ((ret = emit_server_name_extension(sendbuf, sni_name)) != 0)
      |                     ~~~~~~~~~~~~~~~~~~~~~~~~~~~~~~~~~~~~~~~~~~~~~~~~~~~~~~~~~~~~~~~
 2235 |                         goto Exit;
      |                         ~~~~~~~~~~
 2236 |                 });
      |                 ~~
vendor/picotls/lib/picotls.c:894:9: note: expanded from macro 'buffer_push_extension'
  894 |         ptls_buffer_push_block((buf), 2, block);                                                                                   \
      |         ^~~~~~~~~~~~~~~~~~~~~~~~~~~~~~~~~~~~~~~
vendor/picotls/include/picotls.h:1293:22: note: expanded from macro 'ptls_buffer_push_block'
 1293 |         if (capacity != -1) {                                                                                                      \
      |             ~~~~~~~~ ^  ~~
vendor/picotls/include/picotls.h:1290:13: note: expanded from macro 'ptls_buffer_push_block'
 1290 |             block                                                                                                                  \
      |             ^~~~~
vendor/picotls/include/picotls.h:1334:41: note: expanded from macro 'ptls_buffer_push_message_body'
 1334 |         ptls_buffer_push_block(_buf, 3, block);                                                                                    \
      |                                         ^~~~~
vendor/picotls/include/picotls.h:1290:13: note: expanded from macro 'ptls_buffer_push_block'
 1290 |             block                                                                                                                  \
      |             ^~~~~
vendor/picotls/lib/picotls.c:2239:17: warning: comparison of integers of different signs: 'size_t' (aka 'unsigned long') and 'int' [-Wsign-compare]
 2239 |                 buffer_push_extension(sendbuf, PTLS_EXTENSION_TYPE_ALPN, {
      |                 ^~~~~~~~~~~~~~~~~~~~~~~~~~~~~~~~~~~~~~~~~~~~~~~~~~~~~~~~~~
 2240 |                     ptls_buffer_push_block(sendbuf, 2, {
      |                     ~~~~~~~~~~~~~~~~~~~~~~~~~~~~~~~~~~~~
 2241 |                         size_t i;
      |                         ~~~~~~~~~
 2242 |                         for (i = 0; i != properties->client.negotiated_protocols.count; ++i) {
      |                         ~~~~~~~~~~~~~~~~~~~~~~~~~~~~~~~~~~~~~~~~~~~~~~~~~~~~~~~~~~~~~~~~~~~~~~
 2243 |                             ptls_buffer_push_block(sendbuf, 1, {
      |                             ~~~~~~~~~~~~~~~~~~~~~~~~~~~~~~~~~~~~
 2244 |                                 ptls_iovec_t p = properties->client.negotiated_protocols.list[i];
      |                                 ~~~~~~~~~~~~~~~~~~~~~~~~~~~~~~~~~~~~~~~~~~~~~~~~~~~~~~~~~~~~~~~~~
 2245 |                                 ptls_buffer_pushv(sendbuf, p.base, p.len);
      |                                 ~~~~~~~~~~~~~~~~~~~~~~~~~~~~~~~~~~~~~~~~~~
 2246 |                             });
      |                             ~~~
 2247 |                         }
      |                         ~
 2248 |                     });
      |                     ~~~
 2249 |                 });
      |                 ~~
vendor/picotls/lib/picotls.c:894:9: note: expanded from macro 'buffer_push_extension'
  894 |         ptls_buffer_push_block((buf), 2, block);                                                                                   \
      |         ^~~~~~~~~~~~~~~~~~~~~~~~~~~~~~~~~~~~~~~
vendor/picotls/include/picotls.h:1287:72: note: expanded from macro 'ptls_buffer_push_block'
 1287 |         ptls_buffer_pushv((buf), (uint8_t *)"\0\0\0\0\0\0\0", capacity != -1 ? capacity : 1);                                      \
      |                                                               ~~~~~~~~ ^  ~~
vendor/picotls/include/picotls.h:1241:57: note: expanded from macro 'ptls_buffer_pushv'
 1241 |         if ((ret = ptls_buffer__do_pushv((buf), (src), (len))) != 0)                                                               \
      |                                                         ^~~
vendor/picotls/include/picotls.h:1290:13: note: expanded from macro 'ptls_buffer_push_block'
 1290 |             block                                                                                                                  \
      |             ^~~~~
vendor/picotls/include/picotls.h:1334:41: note: expanded from macro 'ptls_buffer_push_message_body'
 1334 |         ptls_buffer_push_block(_buf, 3, block);                                                                                    \
      |                                         ^~~~~
vendor/picotls/include/picotls.h:1290:13: note: expanded from macro 'ptls_buffer_push_block'
 1290 |             block                                                                                                                  \
      |             ^~~~~
vendor/picotls/lib/picotls.c:2240:21: warning: comparison of integers of different signs: 'size_t' (aka 'unsigned long') and 'int' [-Wsign-compare]
 2240 |                     ptls_buffer_push_block(sendbuf, 2, {
      |                     ^~~~~~~~~~~~~~~~~~~~~~~~~~~~~~~~~~~~
 2241 |                         size_t i;
      |                         ~~~~~~~~~
 2242 |                         for (i = 0; i != properties->client.negotiated_protocols.count; ++i) {
      |                         ~~~~~~~~~~~~~~~~~~~~~~~~~~~~~~~~~~~~~~~~~~~~~~~~~~~~~~~~~~~~~~~~~~~~~~
 2243 |                             ptls_buffer_push_block(sendbuf, 1, {
      |                             ~~~~~~~~~~~~~~~~~~~~~~~~~~~~~~~~~~~~
 2244 |                                 ptls_iovec_t p = properties->client.negotiated_protocols.list[i];
      |                                 ~~~~~~~~~~~~~~~~~~~~~~~~~~~~~~~~~~~~~~~~~~~~~~~~~~~~~~~~~~~~~~~~~
 2245 |                                 ptls_buffer_pushv(sendbuf, p.base, p.len);
      |                                 ~~~~~~~~~~~~~~~~~~~~~~~~~~~~~~~~~~~~~~~~~~
 2246 |                             });
      |                             ~~~
 2247 |                         }
      |                         ~
 2248 |                     });
      |                     ~~
vendor/picotls/include/picotls.h:1287:72: note: expanded from macro 'ptls_buffer_push_block'
 1287 |         ptls_buffer_pushv((buf), (uint8_t *)"\0\0\0\0\0\0\0", capacity != -1 ? capacity : 1);                                      \
      |                                                               ~~~~~~~~ ^  ~~
vendor/picotls/include/picotls.h:1241:57: note: expanded from macro 'ptls_buffer_pushv'
 1241 |         if ((ret = ptls_buffer__do_pushv((buf), (src), (len))) != 0)                                                               \
      |                                                         ^~~
vendor/picotls/lib/picotls.c:894:42: note: expanded from macro 'buffer_push_extension'
  894 |         ptls_buffer_push_block((buf), 2, block);                                                                                   \
      |                                          ^~~~~
note: (skipping 1 expansions in backtrace; use -fmacro-backtrace-limit=0 to see all)
vendor/picotls/include/picotls.h:1290:13: note: expanded from macro 'ptls_buffer_push_block'
 1290 |             block                                                                                                                  \
      |             ^~~~~
vendor/picotls/include/picotls.h:1334:41: note: expanded from macro 'ptls_buffer_push_message_body'
 1334 |         ptls_buffer_push_block(_buf, 3, block);                                                                                    \
      |                                         ^~~~~
vendor/picotls/include/picotls.h:1290:13: note: expanded from macro 'ptls_buffer_push_block'
 1290 |             block                                                                                                                  \
      |             ^~~~~
vendor/picotls/lib/picotls.c:2243:29: warning: comparison of integers of different signs: 'size_t' (aka 'unsigned long') and 'int' [-Wsign-compare]
 2243 |                             ptls_buffer_push_block(sendbuf, 1, {
      |                             ^~~~~~~~~~~~~~~~~~~~~~~~~~~~~~~~~~~~
 2244 |                                 ptls_iovec_t p = properties->client.negotiated_protocols.list[i];
      |                                 ~~~~~~~~~~~~~~~~~~~~~~~~~~~~~~~~~~~~~~~~~~~~~~~~~~~~~~~~~~~~~~~~~
 2245 |                                 ptls_buffer_pushv(sendbuf, p.base, p.len);
      |                                 ~~~~~~~~~~~~~~~~~~~~~~~~~~~~~~~~~~~~~~~~~~
 2246 |                             });
      |                             ~~
vendor/picotls/include/picotls.h:1287:72: note: expanded from macro 'ptls_buffer_push_block'
 1287 |         ptls_buffer_pushv((buf), (uint8_t *)"\0\0\0\0\0\0\0", capacity != -1 ? capacity : 1);                                      \
      |                                                               ~~~~~~~~ ^  ~~
vendor/picotls/include/picotls.h:1241:57: note: expanded from macro 'ptls_buffer_pushv'
 1241 |         if ((ret = ptls_buffer__do_pushv((buf), (src), (len))) != 0)                                                               \
      |                                                         ^~~
vendor/picotls/include/picotls.h:1290:13: note: expanded from macro 'ptls_buffer_push_block'
 1290 |             block                                                                                                                  \
      |             ^~~~~
note: (skipping 2 expansions in backtrace; use -fmacro-backtrace-limit=0 to see all)
vendor/picotls/include/picotls.h:1290:13: note: expanded from macro 'ptls_buffer_push_block'
 1290 |             block                                                                                                                  \
      |             ^~~~~
vendor/picotls/include/picotls.h:1334:41: note: expanded from macro 'ptls_buffer_push_message_body'
 1334 |         ptls_buffer_push_block(_buf, 3, block);                                                                                    \
      |                                         ^~~~~
vendor/picotls/include/picotls.h:1290:13: note: expanded from macro 'ptls_buffer_push_block'
 1290 |             block                                                                                                                  \
      |             ^~~~~
vendor/picotls/lib/picotls.c:2243:29: warning: comparison of integers of different signs: 'size_t' (aka 'unsigned long') and 'int' [-Wsign-compare]
 2243 |                             ptls_buffer_push_block(sendbuf, 1, {
      |                             ^~~~~~~~~~~~~~~~~~~~~~~~~~~~~~~~~~~~
 2244 |                                 ptls_iovec_t p = properties->client.negotiated_protocols.list[i];
      |                                 ~~~~~~~~~~~~~~~~~~~~~~~~~~~~~~~~~~~~~~~~~~~~~~~~~~~~~~~~~~~~~~~~~
 2245 |                                 ptls_buffer_pushv(sendbuf, p.base, p.len);
      |                                 ~~~~~~~~~~~~~~~~~~~~~~~~~~~~~~~~~~~~~~~~~~
 2246 |                             });
      |                             ~~
vendor/picotls/include/picotls.h:1293:22: note: expanded from macro 'ptls_buffer_push_block'
 1293 |         if (capacity != -1) {                                                                                                      \
      |             ~~~~~~~~ ^  ~~
vendor/picotls/include/picotls.h:1290:13: note: expanded from macro 'ptls_buffer_push_block'
 1290 |             block                                                                                                                  \
      |             ^~~~~
vendor/picotls/lib/picotls.c:894:42: note: expanded from macro 'buffer_push_extension'
  894 |         ptls_buffer_push_block((buf), 2, block);                                                                                   \
      |                                          ^~~~~
note: (skipping 1 expansions in backtrace; use -fmacro-backtrace-limit=0 to see all)
vendor/picotls/include/picotls.h:1290:13: note: expanded from macro 'ptls_buffer_push_block'
 1290 |             block                                                                                                                  \
      |             ^~~~~
vendor/picotls/include/picotls.h:1334:41: note: expanded from macro 'ptls_buffer_push_message_body'
 1334 |         ptls_buffer_push_block(_buf, 3, block);                                                                                    \
      |                                         ^~~~~
vendor/picotls/include/picotls.h:1290:13: note: expanded from macro 'ptls_buffer_push_block'
 1290 |             block                                                                                                                  \
      |             ^~~~~
vendor/picotls/lib/picotls.c:2240:21: warning: comparison of integers of different signs: 'size_t' (aka 'unsigned long') and 'int' [-Wsign-compare]
 2240 |                     ptls_buffer_push_block(sendbuf, 2, {
      |                     ^~~~~~~~~~~~~~~~~~~~~~~~~~~~~~~~~~~~
 2241 |                         size_t i;
      |                         ~~~~~~~~~
 2242 |                         for (i = 0; i != properties->client.negotiated_protocols.count; ++i) {
      |                         ~~~~~~~~~~~~~~~~~~~~~~~~~~~~~~~~~~~~~~~~~~~~~~~~~~~~~~~~~~~~~~~~~~~~~~
 2243 |                             ptls_buffer_push_block(sendbuf, 1, {
      |                             ~~~~~~~~~~~~~~~~~~~~~~~~~~~~~~~~~~~~
 2244 |                                 ptls_iovec_t p = properties->client.negotiated_protocols.list[i];
      |                                 ~~~~~~~~~~~~~~~~~~~~~~~~~~~~~~~~~~~~~~~~~~~~~~~~~~~~~~~~~~~~~~~~~
 2245 |                                 ptls_buffer_pushv(sendbuf, p.base, p.len);
      |                                 ~~~~~~~~~~~~~~~~~~~~~~~~~~~~~~~~~~~~~~~~~~
 2246 |                             });
      |                             ~~~
 2247 |                         }
      |                         ~
 2248 |                     });
      |                     ~~
vendor/picotls/include/picotls.h:1293:22: note: expanded from macro 'ptls_buffer_push_block'
 1293 |         if (capacity != -1) {                                                                                                      \
      |             ~~~~~~~~ ^  ~~
vendor/picotls/lib/picotls.c:894:42: note: expanded from macro 'buffer_push_extension'
  894 |         ptls_buffer_push_block((buf), 2, block);                                                                                   \
      |                                          ^~~~~
vendor/picotls/include/picotls.h:1290:13: note: expanded from macro 'ptls_buffer_push_block'
 1290 |             block                                                                                                                  \
      |             ^~~~~
vendor/picotls/include/picotls.h:1290:13: note: expanded from macro 'ptls_buffer_push_block'
 1290 |             block                                                                                                                  \
      |             ^~~~~
vendor/picotls/include/picotls.h:1334:41: note: expanded from macro 'ptls_buffer_push_message_body'
 1334 |         ptls_buffer_push_block(_buf, 3, block);                                                                                    \
      |                                         ^~~~~
vendor/picotls/include/picotls.h:1290:13: note: expanded from macro 'ptls_buffer_push_block'
 1290 |             block                                                                                                                  \
      |             ^~~~~
vendor/picotls/lib/picotls.c:2239:17: warning: comparison of integers of different signs: 'size_t' (aka 'unsigned long') and 'int' [-Wsign-compare]
 2239 |                 buffer_push_extension(sendbuf, PTLS_EXTENSION_TYPE_ALPN, {
      |                 ^~~~~~~~~~~~~~~~~~~~~~~~~~~~~~~~~~~~~~~~~~~~~~~~~~~~~~~~~~
 2240 |                     ptls_buffer_push_block(sendbuf, 2, {
      |                     ~~~~~~~~~~~~~~~~~~~~~~~~~~~~~~~~~~~~
 2241 |                         size_t i;
      |                         ~~~~~~~~~
 2242 |                         for (i = 0; i != properties->client.negotiated_protocols.count; ++i) {
      |                         ~~~~~~~~~~~~~~~~~~~~~~~~~~~~~~~~~~~~~~~~~~~~~~~~~~~~~~~~~~~~~~~~~~~~~~
 2243 |                             ptls_buffer_push_block(sendbuf, 1, {
      |                             ~~~~~~~~~~~~~~~~~~~~~~~~~~~~~~~~~~~~
 2244 |                                 ptls_iovec_t p = properties->client.negotiated_protocols.list[i];
      |                                 ~~~~~~~~~~~~~~~~~~~~~~~~~~~~~~~~~~~~~~~~~~~~~~~~~~~~~~~~~~~~~~~~~
 2245 |                                 ptls_buffer_pushv(sendbuf, p.base, p.len);
      |                                 ~~~~~~~~~~~~~~~~~~~~~~~~~~~~~~~~~~~~~~~~~~
 2246 |                             });
      |                             ~~~
 2247 |                         }
      |                         ~
 2248 |                     });
      |                     ~~~
 2249 |                 });
      |                 ~~
vendor/picotls/lib/picotls.c:894:9: note: expanded from macro 'buffer_push_extension'
  894 |         ptls_buffer_push_block((buf), 2, block);                                                                                   \
      |         ^~~~~~~~~~~~~~~~~~~~~~~~~~~~~~~~~~~~~~~
vendor/picotls/include/picotls.h:1293:22: note: expanded from macro 'ptls_buffer_push_block'
 1293 |         if (capacity != -1) {                                                                                                      \
      |             ~~~~~~~~ ^  ~~
vendor/picotls/include/picotls.h:1290:13: note: expanded from macro 'ptls_buffer_push_block'
 1290 |             block                                                                                                                  \
      |             ^~~~~
vendor/picotls/include/picotls.h:1334:41: note: expanded from macro 'ptls_buffer_push_message_body'
 1334 |         ptls_buffer_push_block(_buf, 3, block);                                                                                    \
      |                                         ^~~~~
vendor/picotls/include/picotls.h:1290:13: note: expanded from macro 'ptls_buffer_push_block'
 1290 |             block                                                                                                                  \
      |             ^~~~~
vendor/picotls/lib/picotls.c:2252:17: warning: comparison of integers of different signs: 'size_t' (aka 'unsigned long') and 'int' [-Wsign-compare]
 2252 |                 buffer_push_extension(sendbuf, PTLS_EXTENSION_TYPE_COMPRESS_CERTIFICATE, {
      |                 ^~~~~~~~~~~~~~~~~~~~~~~~~~~~~~~~~~~~~~~~~~~~~~~~~~~~~~~~~~~~~~~~~~~~~~~~~~
 2253 |                     ptls_buffer_push_block(sendbuf, 1, {
      |                     ~~~~~~~~~~~~~~~~~~~~~~~~~~~~~~~~~~~~
 2254 |                         const uint16_t *algo = ctx->decompress_certificate->supported_algorithms;
      |                         ~~~~~~~~~~~~~~~~~~~~~~~~~~~~~~~~~~~~~~~~~~~~~~~~~~~~~~~~~~~~~~~~~~~~~~~~~
 2255 |                         assert(*algo != UINT16_MAX);
      |                         ~~~~~~~~~~~~~~~~~~~~~~~~~~~~
 2256 |                         for (; *algo != UINT16_MAX; ++algo)
      |                         ~~~~~~~~~~~~~~~~~~~~~~~~~~~~~~~~~~~
 2257 |                             ptls_buffer_push16(sendbuf, *algo);
      |                             ~~~~~~~~~~~~~~~~~~~~~~~~~~~~~~~~~~~
 2258 |                     });
      |                     ~~~
 2259 |                 });
      |                 ~~
vendor/picotls/lib/picotls.c:894:9: note: expanded from macro 'buffer_push_extension'
  894 |         ptls_buffer_push_block((buf), 2, block);                                                                                   \
      |         ^~~~~~~~~~~~~~~~~~~~~~~~~~~~~~~~~~~~~~~
vendor/picotls/include/picotls.h:1287:72: note: expanded from macro 'ptls_buffer_push_block'
 1287 |         ptls_buffer_pushv((buf), (uint8_t *)"\0\0\0\0\0\0\0", capacity != -1 ? capacity : 1);                                      \
      |                                                               ~~~~~~~~ ^  ~~
vendor/picotls/include/picotls.h:1241:57: note: expanded from macro 'ptls_buffer_pushv'
 1241 |         if ((ret = ptls_buffer__do_pushv((buf), (src), (len))) != 0)                                                               \
      |                                                         ^~~
vendor/picotls/include/picotls.h:1290:13: note: expanded from macro 'ptls_buffer_push_block'
 1290 |             block                                                                                                                  \
      |             ^~~~~
vendor/picotls/include/picotls.h:1334:41: note: expanded from macro 'ptls_buffer_push_message_body'
 1334 |         ptls_buffer_push_block(_buf, 3, block);                                                                                    \
      |                                         ^~~~~
vendor/picotls/include/picotls.h:1290:13: note: expanded from macro 'ptls_buffer_push_block'
 1290 |             block                                                                                                                  \
      |             ^~~~~
vendor/picotls/lib/picotls.c:2253:21: warning: comparison of integers of different signs: 'size_t' (aka 'unsigned long') and 'int' [-Wsign-compare]
 2253 |                     ptls_buffer_push_block(sendbuf, 1, {
      |                     ^~~~~~~~~~~~~~~~~~~~~~~~~~~~~~~~~~~~
 2254 |                         const uint16_t *algo = ctx->decompress_certificate->supported_algorithms;
      |                         ~~~~~~~~~~~~~~~~~~~~~~~~~~~~~~~~~~~~~~~~~~~~~~~~~~~~~~~~~~~~~~~~~~~~~~~~~
 2255 |                         assert(*algo != UINT16_MAX);
      |                         ~~~~~~~~~~~~~~~~~~~~~~~~~~~~
 2256 |                         for (; *algo != UINT16_MAX; ++algo)
      |                         ~~~~~~~~~~~~~~~~~~~~~~~~~~~~~~~~~~~
 2257 |                             ptls_buffer_push16(sendbuf, *algo);
      |                             ~~~~~~~~~~~~~~~~~~~~~~~~~~~~~~~~~~~
 2258 |                     });
      |                     ~~
vendor/picotls/include/picotls.h:1287:72: note: expanded from macro 'ptls_buffer_push_block'
 1287 |         ptls_buffer_pushv((buf), (uint8_t *)"\0\0\0\0\0\0\0", capacity != -1 ? capacity : 1);                                      \
      |                                                               ~~~~~~~~ ^  ~~
vendor/picotls/include/picotls.h:1241:57: note: expanded from macro 'ptls_buffer_pushv'
 1241 |         if ((ret = ptls_buffer__do_pushv((buf), (src), (len))) != 0)                                                               \
      |                                                         ^~~
vendor/picotls/lib/picotls.c:894:42: note: expanded from macro 'buffer_push_extension'
  894 |         ptls_buffer_push_block((buf), 2, block);                                                                                   \
      |                                          ^~~~~
note: (skipping 1 expansions in backtrace; use -fmacro-backtrace-limit=0 to see all)
vendor/picotls/include/picotls.h:1290:13: note: expanded from macro 'ptls_buffer_push_block'
 1290 |             block                                                                                                                  \
      |             ^~~~~
vendor/picotls/include/picotls.h:1334:41: note: expanded from macro 'ptls_buffer_push_message_body'
 1334 |         ptls_buffer_push_block(_buf, 3, block);                                                                                    \
      |                                         ^~~~~
vendor/picotls/include/picotls.h:1290:13: note: expanded from macro 'ptls_buffer_push_block'
 1290 |             block                                                                                                                  \
      |             ^~~~~
vendor/picotls/lib/picotls.c:2253:21: warning: comparison of integers of different signs: 'size_t' (aka 'unsigned long') and 'int' [-Wsign-compare]
 2253 |                     ptls_buffer_push_block(sendbuf, 1, {
      |                     ^~~~~~~~~~~~~~~~~~~~~~~~~~~~~~~~~~~~
 2254 |                         const uint16_t *algo = ctx->decompress_certificate->supported_algorithms;
      |                         ~~~~~~~~~~~~~~~~~~~~~~~~~~~~~~~~~~~~~~~~~~~~~~~~~~~~~~~~~~~~~~~~~~~~~~~~~
 2255 |                         assert(*algo != UINT16_MAX);
      |                         ~~~~~~~~~~~~~~~~~~~~~~~~~~~~
 2256 |                         for (; *algo != UINT16_MAX; ++algo)
      |                         ~~~~~~~~~~~~~~~~~~~~~~~~~~~~~~~~~~~
 2257 |                             ptls_buffer_push16(sendbuf, *algo);
      |                             ~~~~~~~~~~~~~~~~~~~~~~~~~~~~~~~~~~~
 2258 |                     });
      |                     ~~
vendor/picotls/include/picotls.h:1293:22: note: expanded from macro 'ptls_buffer_push_block'
 1293 |         if (capacity != -1) {                                                                                                      \
      |             ~~~~~~~~ ^  ~~
vendor/picotls/lib/picotls.c:894:42: note: expanded from macro 'buffer_push_extension'
  894 |         ptls_buffer_push_block((buf), 2, block);                                                                                   \
      |                                          ^~~~~
vendor/picotls/include/picotls.h:1290:13: note: expanded from macro 'ptls_buffer_push_block'
 1290 |             block                                                                                                                  \
      |             ^~~~~
vendor/picotls/include/picotls.h:1290:13: note: expanded from macro 'ptls_buffer_push_block'
 1290 |             block                                                                                                                  \
      |             ^~~~~
vendor/picotls/include/picotls.h:1334:41: note: expanded from macro 'ptls_buffer_push_message_body'
 1334 |         ptls_buffer_push_block(_buf, 3, block);                                                                                    \
      |                                         ^~~~~
vendor/picotls/include/picotls.h:1290:13: note: expanded from macro 'ptls_buffer_push_block'
 1290 |             block                                                                                                                  \
      |             ^~~~~
vendor/picotls/lib/picotls.c:2252:17: warning: comparison of integers of different signs: 'size_t' (aka 'unsigned long') and 'int' [-Wsign-compare]
 2252 |                 buffer_push_extension(sendbuf, PTLS_EXTENSION_TYPE_COMPRESS_CERTIFICATE, {
      |                 ^~~~~~~~~~~~~~~~~~~~~~~~~~~~~~~~~~~~~~~~~~~~~~~~~~~~~~~~~~~~~~~~~~~~~~~~~~
 2253 |                     ptls_buffer_push_block(sendbuf, 1, {
      |                     ~~~~~~~~~~~~~~~~~~~~~~~~~~~~~~~~~~~~
 2254 |                         const uint16_t *algo = ctx->decompress_certificate->supported_algorithms;
      |                         ~~~~~~~~~~~~~~~~~~~~~~~~~~~~~~~~~~~~~~~~~~~~~~~~~~~~~~~~~~~~~~~~~~~~~~~~~
 2255 |                         assert(*algo != UINT16_MAX);
      |                         ~~~~~~~~~~~~~~~~~~~~~~~~~~~~
 2256 |                         for (; *algo != UINT16_MAX; ++algo)
      |                         ~~~~~~~~~~~~~~~~~~~~~~~~~~~~~~~~~~~
 2257 |                             ptls_buffer_push16(sendbuf, *algo);
      |                             ~~~~~~~~~~~~~~~~~~~~~~~~~~~~~~~~~~~
 2258 |                     });
      |                     ~~~
 2259 |                 });
      |                 ~~
vendor/picotls/lib/picotls.c:894:9: note: expanded from macro 'buffer_push_extension'
  894 |         ptls_buffer_push_block((buf), 2, block);                                                                                   \
      |         ^~~~~~~~~~~~~~~~~~~~~~~~~~~~~~~~~~~~~~~
vendor/picotls/include/picotls.h:1293:22: note: expanded from macro 'ptls_buffer_push_block'
 1293 |         if (capacity != -1) {                                                                                                      \
      |             ~~~~~~~~ ^  ~~
vendor/picotls/include/picotls.h:1290:13: note: expanded from macro 'ptls_buffer_push_block'
 1290 |             block                                                                                                                  \
      |             ^~~~~
vendor/picotls/include/picotls.h:1334:41: note: expanded from macro 'ptls_buffer_push_message_body'
 1334 |         ptls_buffer_push_block(_buf, 3, block);                                                                                    \
      |                                         ^~~~~
vendor/picotls/include/picotls.h:1290:13: note: expanded from macro 'ptls_buffer_push_block'
 1290 |             block                                                                                                                  \
      |             ^~~~~
vendor/picotls/lib/picotls.c:2261:13: warning: comparison of integers of different signs: 'size_t' (aka 'unsigned long') and 'int' [-Wsign-compare]
 2261 |             buffer_push_extension(sendbuf, PTLS_EXTENSION_TYPE_SUPPORTED_VERSIONS, {
      |             ^~~~~~~~~~~~~~~~~~~~~~~~~~~~~~~~~~~~~~~~~~~~~~~~~~~~~~~~~~~~~~~~~~~~~~~~
 2262 |                 ptls_buffer_push_block(sendbuf, 1, {
      |                 ~~~~~~~~~~~~~~~~~~~~~~~~~~~~~~~~~~~~
 2263 |                     size_t i;
      |                     ~~~~~~~~~
 2264 |                     for (i = 0; i != PTLS_ELEMENTSOF(supported_versions); ++i)
      |                     ~~~~~~~~~~~~~~~~~~~~~~~~~~~~~~~~~~~~~~~~~~~~~~~~~~~~~~~~~~
 2265 |                         ptls_buffer_push16(sendbuf, supported_versions[i]);
      |                         ~~~~~~~~~~~~~~~~~~~~~~~~~~~~~~~~~~~~~~~~~~~~~~~~~~~
 2266 |                 });
      |                 ~~~
 2267 |             });
      |             ~~
vendor/picotls/lib/picotls.c:894:9: note: expanded from macro 'buffer_push_extension'
  894 |         ptls_buffer_push_block((buf), 2, block);                                                                                   \
      |         ^~~~~~~~~~~~~~~~~~~~~~~~~~~~~~~~~~~~~~~
vendor/picotls/include/picotls.h:1287:72: note: expanded from macro 'ptls_buffer_push_block'
 1287 |         ptls_buffer_pushv((buf), (uint8_t *)"\0\0\0\0\0\0\0", capacity != -1 ? capacity : 1);                                      \
      |                                                               ~~~~~~~~ ^  ~~
vendor/picotls/include/picotls.h:1241:57: note: expanded from macro 'ptls_buffer_pushv'
 1241 |         if ((ret = ptls_buffer__do_pushv((buf), (src), (len))) != 0)                                                               \
      |                                                         ^~~
vendor/picotls/include/picotls.h:1290:13: note: expanded from macro 'ptls_buffer_push_block'
 1290 |             block                                                                                                                  \
      |             ^~~~~
vendor/picotls/include/picotls.h:1334:41: note: expanded from macro 'ptls_buffer_push_message_body'
 1334 |         ptls_buffer_push_block(_buf, 3, block);                                                                                    \
      |                                         ^~~~~
vendor/picotls/include/picotls.h:1290:13: note: expanded from macro 'ptls_buffer_push_block'
 1290 |             block                                                                                                                  \
      |             ^~~~~
vendor/picotls/lib/picotls.c:2262:17: warning: comparison of integers of different signs: 'size_t' (aka 'unsigned long') and 'int' [-Wsign-compare]
 2262 |                 ptls_buffer_push_block(sendbuf, 1, {
      |                 ^~~~~~~~~~~~~~~~~~~~~~~~~~~~~~~~~~~~
 2263 |                     size_t i;
      |                     ~~~~~~~~~
 2264 |                     for (i = 0; i != PTLS_ELEMENTSOF(supported_versions); ++i)
      |                     ~~~~~~~~~~~~~~~~~~~~~~~~~~~~~~~~~~~~~~~~~~~~~~~~~~~~~~~~~~
 2265 |                         ptls_buffer_push16(sendbuf, supported_versions[i]);
      |                         ~~~~~~~~~~~~~~~~~~~~~~~~~~~~~~~~~~~~~~~~~~~~~~~~~~~
 2266 |                 });
      |                 ~~
vendor/picotls/include/picotls.h:1287:72: note: expanded from macro 'ptls_buffer_push_block'
 1287 |         ptls_buffer_pushv((buf), (uint8_t *)"\0\0\0\0\0\0\0", capacity != -1 ? capacity : 1);                                      \
      |                                                               ~~~~~~~~ ^  ~~
vendor/picotls/include/picotls.h:1241:57: note: expanded from macro 'ptls_buffer_pushv'
 1241 |         if ((ret = ptls_buffer__do_pushv((buf), (src), (len))) != 0)                                                               \
      |                                                         ^~~
vendor/picotls/lib/picotls.c:894:42: note: expanded from macro 'buffer_push_extension'
  894 |         ptls_buffer_push_block((buf), 2, block);                                                                                   \
      |                                          ^~~~~
note: (skipping 1 expansions in backtrace; use -fmacro-backtrace-limit=0 to see all)
vendor/picotls/include/picotls.h:1290:13: note: expanded from macro 'ptls_buffer_push_block'
 1290 |             block                                                                                                                  \
      |             ^~~~~
vendor/picotls/include/picotls.h:1334:41: note: expanded from macro 'ptls_buffer_push_message_body'
 1334 |         ptls_buffer_push_block(_buf, 3, block);                                                                                    \
      |                                         ^~~~~
vendor/picotls/include/picotls.h:1290:13: note: expanded from macro 'ptls_buffer_push_block'
 1290 |             block                                                                                                                  \
      |             ^~~~~
vendor/picotls/lib/picotls.c:2262:17: warning: comparison of integers of different signs: 'size_t' (aka 'unsigned long') and 'int' [-Wsign-compare]
 2262 |                 ptls_buffer_push_block(sendbuf, 1, {
      |                 ^~~~~~~~~~~~~~~~~~~~~~~~~~~~~~~~~~~~
 2263 |                     size_t i;
      |                     ~~~~~~~~~
 2264 |                     for (i = 0; i != PTLS_ELEMENTSOF(supported_versions); ++i)
      |                     ~~~~~~~~~~~~~~~~~~~~~~~~~~~~~~~~~~~~~~~~~~~~~~~~~~~~~~~~~~
 2265 |                         ptls_buffer_push16(sendbuf, supported_versions[i]);
      |                         ~~~~~~~~~~~~~~~~~~~~~~~~~~~~~~~~~~~~~~~~~~~~~~~~~~~
 2266 |                 });
      |                 ~~
vendor/picotls/include/picotls.h:1293:22: note: expanded from macro 'ptls_buffer_push_block'
 1293 |         if (capacity != -1) {                                                                                                      \
      |             ~~~~~~~~ ^  ~~
vendor/picotls/lib/picotls.c:894:42: note: expanded from macro 'buffer_push_extension'
  894 |         ptls_buffer_push_block((buf), 2, block);                                                                                   \
      |                                          ^~~~~
vendor/picotls/include/picotls.h:1290:13: note: expanded from macro 'ptls_buffer_push_block'
 1290 |             block                                                                                                                  \
      |             ^~~~~
vendor/picotls/include/picotls.h:1290:13: note: expanded from macro 'ptls_buffer_push_block'
 1290 |             block                                                                                                                  \
      |             ^~~~~
vendor/picotls/include/picotls.h:1334:41: note: expanded from macro 'ptls_buffer_push_message_body'
 1334 |         ptls_buffer_push_block(_buf, 3, block);                                                                                    \
      |                                         ^~~~~
vendor/picotls/include/picotls.h:1290:13: note: expanded from macro 'ptls_buffer_push_block'
 1290 |             block                                                                                                                  \
      |             ^~~~~
vendor/picotls/lib/picotls.c:2261:13: warning: comparison of integers of different signs: 'size_t' (aka 'unsigned long') and 'int' [-Wsign-compare]
 2261 |             buffer_push_extension(sendbuf, PTLS_EXTENSION_TYPE_SUPPORTED_VERSIONS, {
      |             ^~~~~~~~~~~~~~~~~~~~~~~~~~~~~~~~~~~~~~~~~~~~~~~~~~~~~~~~~~~~~~~~~~~~~~~~
 2262 |                 ptls_buffer_push_block(sendbuf, 1, {
      |                 ~~~~~~~~~~~~~~~~~~~~~~~~~~~~~~~~~~~~
 2263 |                     size_t i;
      |                     ~~~~~~~~~
 2264 |                     for (i = 0; i != PTLS_ELEMENTSOF(supported_versions); ++i)
      |                     ~~~~~~~~~~~~~~~~~~~~~~~~~~~~~~~~~~~~~~~~~~~~~~~~~~~~~~~~~~
 2265 |                         ptls_buffer_push16(sendbuf, supported_versions[i]);
      |                         ~~~~~~~~~~~~~~~~~~~~~~~~~~~~~~~~~~~~~~~~~~~~~~~~~~~
 2266 |                 });
      |                 ~~~
 2267 |             });
      |             ~~
vendor/picotls/lib/picotls.c:894:9: note: expanded from macro 'buffer_push_extension'
  894 |         ptls_buffer_push_block((buf), 2, block);                                                                                   \
      |         ^~~~~~~~~~~~~~~~~~~~~~~~~~~~~~~~~~~~~~~
vendor/picotls/include/picotls.h:1293:22: note: expanded from macro 'ptls_buffer_push_block'
 1293 |         if (capacity != -1) {                                                                                                      \
      |             ~~~~~~~~ ^  ~~
vendor/picotls/include/picotls.h:1290:13: note: expanded from macro 'ptls_buffer_push_block'
 1290 |             block                                                                                                                  \
      |             ^~~~~
vendor/picotls/include/picotls.h:1334:41: note: expanded from macro 'ptls_buffer_push_message_body'
 1334 |         ptls_buffer_push_block(_buf, 3, block);                                                                                    \
      |                                         ^~~~~
vendor/picotls/include/picotls.h:1290:13: note: expanded from macro 'ptls_buffer_push_block'
 1290 |             block                                                                                                                  \
      |             ^~~~~
vendor/picotls/lib/picotls.c:2268:13: warning: comparison of integers of different signs: 'size_t' (aka 'unsigned long') and 'int' [-Wsign-compare]
 2268 |             buffer_push_extension(sendbuf, PTLS_EXTENSION_TYPE_SIGNATURE_ALGORITHMS, {
      |             ^~~~~~~~~~~~~~~~~~~~~~~~~~~~~~~~~~~~~~~~~~~~~~~~~~~~~~~~~~~~~~~~~~~~~~~~~~
 2269 |                 if ((ret = push_signature_algorithms(ctx->verify_certificate, sendbuf)) != 0)
      |                 ~~~~~~~~~~~~~~~~~~~~~~~~~~~~~~~~~~~~~~~~~~~~~~~~~~~~~~~~~~~~~~~~~~~~~~~~~~~~~
 2270 |                     goto Exit;
      |                     ~~~~~~~~~~
 2271 |             });
      |             ~~
vendor/picotls/lib/picotls.c:894:9: note: expanded from macro 'buffer_push_extension'
  894 |         ptls_buffer_push_block((buf), 2, block);                                                                                   \
      |         ^~~~~~~~~~~~~~~~~~~~~~~~~~~~~~~~~~~~~~~
vendor/picotls/include/picotls.h:1287:72: note: expanded from macro 'ptls_buffer_push_block'
 1287 |         ptls_buffer_pushv((buf), (uint8_t *)"\0\0\0\0\0\0\0", capacity != -1 ? capacity : 1);                                      \
      |                                                               ~~~~~~~~ ^  ~~
vendor/picotls/include/picotls.h:1241:57: note: expanded from macro 'ptls_buffer_pushv'
 1241 |         if ((ret = ptls_buffer__do_pushv((buf), (src), (len))) != 0)                                                               \
      |                                                         ^~~
vendor/picotls/include/picotls.h:1290:13: note: expanded from macro 'ptls_buffer_push_block'
 1290 |             block                                                                                                                  \
      |             ^~~~~
vendor/picotls/include/picotls.h:1334:41: note: expanded from macro 'ptls_buffer_push_message_body'
 1334 |         ptls_buffer_push_block(_buf, 3, block);                                                                                    \
      |                                         ^~~~~
vendor/picotls/include/picotls.h:1290:13: note: expanded from macro 'ptls_buffer_push_block'
 1290 |             block                                                                                                                  \
      |             ^~~~~
vendor/picotls/lib/picotls.c:2268:13: warning: comparison of integers of different signs: 'size_t' (aka 'unsigned long') and 'int' [-Wsign-compare]
 2268 |             buffer_push_extension(sendbuf, PTLS_EXTENSION_TYPE_SIGNATURE_ALGORITHMS, {
      |             ^~~~~~~~~~~~~~~~~~~~~~~~~~~~~~~~~~~~~~~~~~~~~~~~~~~~~~~~~~~~~~~~~~~~~~~~~~
 2269 |                 if ((ret = push_signature_algorithms(ctx->verify_certificate, sendbuf)) != 0)
      |                 ~~~~~~~~~~~~~~~~~~~~~~~~~~~~~~~~~~~~~~~~~~~~~~~~~~~~~~~~~~~~~~~~~~~~~~~~~~~~~
 2270 |                     goto Exit;
      |                     ~~~~~~~~~~
 2271 |             });
      |             ~~
vendor/picotls/lib/picotls.c:894:9: note: expanded from macro 'buffer_push_extension'
  894 |         ptls_buffer_push_block((buf), 2, block);                                                                                   \
      |         ^~~~~~~~~~~~~~~~~~~~~~~~~~~~~~~~~~~~~~~
vendor/picotls/include/picotls.h:1293:22: note: expanded from macro 'ptls_buffer_push_block'
 1293 |         if (capacity != -1) {                                                                                                      \
      |             ~~~~~~~~ ^  ~~
vendor/picotls/include/picotls.h:1290:13: note: expanded from macro 'ptls_buffer_push_block'
 1290 |             block                                                                                                                  \
      |             ^~~~~
vendor/picotls/include/picotls.h:1334:41: note: expanded from macro 'ptls_buffer_push_message_body'
 1334 |         ptls_buffer_push_block(_buf, 3, block);                                                                                    \
      |                                         ^~~~~
vendor/picotls/include/picotls.h:1290:13: note: expanded from macro 'ptls_buffer_push_block'
 1290 |             block                                                                                                                  \
      |             ^~~~~
vendor/picotls/lib/picotls.c:2273:17: warning: comparison of integers of different signs: 'size_t' (aka 'unsigned long') and 'int' [-Wsign-compare]
 2273 |                 buffer_push_extension(sendbuf, PTLS_EXTENSION_TYPE_SUPPORTED_GROUPS, {
      |                 ^~~~~~~~~~~~~~~~~~~~~~~~~~~~~~~~~~~~~~~~~~~~~~~~~~~~~~~~~~~~~~~~~~~~~~
 2274 |                     ptls_key_exchange_algorithm_t **algo = ctx->key_exchanges;
      |                     ~~~~~~~~~~~~~~~~~~~~~~~~~~~~~~~~~~~~~~~~~~~~~~~~~~~~~~~~~~
 2275 |                     ptls_buffer_push_block(sendbuf, 2, {
      |                     ~~~~~~~~~~~~~~~~~~~~~~~~~~~~~~~~~~~~
 2276 |                         for (; *algo != NULL; ++algo)
      |                         ~~~~~~~~~~~~~~~~~~~~~~~~~~~~~
 2277 |                             ptls_buffer_push16(sendbuf, (*algo)->id);
      |                             ~~~~~~~~~~~~~~~~~~~~~~~~~~~~~~~~~~~~~~~~~
 2278 |                     });
      |                     ~~~
 2279 |                 });
      |                 ~~
vendor/picotls/lib/picotls.c:894:9: note: expanded from macro 'buffer_push_extension'
  894 |         ptls_buffer_push_block((buf), 2, block);                                                                                   \
      |         ^~~~~~~~~~~~~~~~~~~~~~~~~~~~~~~~~~~~~~~
vendor/picotls/include/picotls.h:1287:72: note: expanded from macro 'ptls_buffer_push_block'
 1287 |         ptls_buffer_pushv((buf), (uint8_t *)"\0\0\0\0\0\0\0", capacity != -1 ? capacity : 1);                                      \
      |                                                               ~~~~~~~~ ^  ~~
vendor/picotls/include/picotls.h:1241:57: note: expanded from macro 'ptls_buffer_pushv'
 1241 |         if ((ret = ptls_buffer__do_pushv((buf), (src), (len))) != 0)                                                               \
      |                                                         ^~~
vendor/picotls/include/picotls.h:1290:13: note: expanded from macro 'ptls_buffer_push_block'
 1290 |             block                                                                                                                  \
      |             ^~~~~
vendor/picotls/include/picotls.h:1334:41: note: expanded from macro 'ptls_buffer_push_message_body'
 1334 |         ptls_buffer_push_block(_buf, 3, block);                                                                                    \
      |                                         ^~~~~
vendor/picotls/include/picotls.h:1290:13: note: expanded from macro 'ptls_buffer_push_block'
 1290 |             block                                                                                                                  \
      |             ^~~~~
vendor/picotls/lib/picotls.c:2275:21: warning: comparison of integers of different signs: 'size_t' (aka 'unsigned long') and 'int' [-Wsign-compare]
 2275 |                     ptls_buffer_push_block(sendbuf, 2, {
      |                     ^~~~~~~~~~~~~~~~~~~~~~~~~~~~~~~~~~~~
 2276 |                         for (; *algo != NULL; ++algo)
      |                         ~~~~~~~~~~~~~~~~~~~~~~~~~~~~~
 2277 |                             ptls_buffer_push16(sendbuf, (*algo)->id);
      |                             ~~~~~~~~~~~~~~~~~~~~~~~~~~~~~~~~~~~~~~~~~
 2278 |                     });
      |                     ~~
vendor/picotls/include/picotls.h:1287:72: note: expanded from macro 'ptls_buffer_push_block'
 1287 |         ptls_buffer_pushv((buf), (uint8_t *)"\0\0\0\0\0\0\0", capacity != -1 ? capacity : 1);                                      \
      |                                                               ~~~~~~~~ ^  ~~
vendor/picotls/include/picotls.h:1241:57: note: expanded from macro 'ptls_buffer_pushv'
 1241 |         if ((ret = ptls_buffer__do_pushv((buf), (src), (len))) != 0)                                                               \
      |                                                         ^~~
vendor/picotls/lib/picotls.c:894:42: note: expanded from macro 'buffer_push_extension'
  894 |         ptls_buffer_push_block((buf), 2, block);                                                                                   \
      |                                          ^~~~~
note: (skipping 1 expansions in backtrace; use -fmacro-backtrace-limit=0 to see all)
vendor/picotls/include/picotls.h:1290:13: note: expanded from macro 'ptls_buffer_push_block'
 1290 |             block                                                                                                                  \
      |             ^~~~~
vendor/picotls/include/picotls.h:1334:41: note: expanded from macro 'ptls_buffer_push_message_body'
 1334 |         ptls_buffer_push_block(_buf, 3, block);                                                                                    \
      |                                         ^~~~~
vendor/picotls/include/picotls.h:1290:13: note: expanded from macro 'ptls_buffer_push_block'
 1290 |             block                                                                                                                  \
      |             ^~~~~
vendor/picotls/lib/picotls.c:2275:21: warning: comparison of integers of different signs: 'size_t' (aka 'unsigned long') and 'int' [-Wsign-compare]
 2275 |                     ptls_buffer_push_block(sendbuf, 2, {
      |                     ^~~~~~~~~~~~~~~~~~~~~~~~~~~~~~~~~~~~
 2276 |                         for (; *algo != NULL; ++algo)
      |                         ~~~~~~~~~~~~~~~~~~~~~~~~~~~~~
 2277 |                             ptls_buffer_push16(sendbuf, (*algo)->id);
      |                             ~~~~~~~~~~~~~~~~~~~~~~~~~~~~~~~~~~~~~~~~~
 2278 |                     });
      |                     ~~
vendor/picotls/include/picotls.h:1293:22: note: expanded from macro 'ptls_buffer_push_block'
 1293 |         if (capacity != -1) {                                                                                                      \
      |             ~~~~~~~~ ^  ~~
vendor/picotls/lib/picotls.c:894:42: note: expanded from macro 'buffer_push_extension'
  894 |         ptls_buffer_push_block((buf), 2, block);                                                                                   \
      |                                          ^~~~~
vendor/picotls/include/picotls.h:1290:13: note: expanded from macro 'ptls_buffer_push_block'
 1290 |             block                                                                                                                  \
      |             ^~~~~
vendor/picotls/include/picotls.h:1290:13: note: expanded from macro 'ptls_buffer_push_block'
 1290 |             block                                                                                                                  \
      |             ^~~~~
vendor/picotls/include/picotls.h:1334:41: note: expanded from macro 'ptls_buffer_push_message_body'
 1334 |         ptls_buffer_push_block(_buf, 3, block);                                                                                    \
      |                                         ^~~~~
vendor/picotls/include/picotls.h:1290:13: note: expanded from macro 'ptls_buffer_push_block'
 1290 |             block                                                                                                                  \
      |             ^~~~~
vendor/picotls/lib/picotls.c:2273:17: warning: comparison of integers of different signs: 'size_t' (aka 'unsigned long') and 'int' [-Wsign-compare]
 2273 |                 buffer_push_extension(sendbuf, PTLS_EXTENSION_TYPE_SUPPORTED_GROUPS, {
      |                 ^~~~~~~~~~~~~~~~~~~~~~~~~~~~~~~~~~~~~~~~~~~~~~~~~~~~~~~~~~~~~~~~~~~~~~
 2274 |                     ptls_key_exchange_algorithm_t **algo = ctx->key_exchanges;
      |                     ~~~~~~~~~~~~~~~~~~~~~~~~~~~~~~~~~~~~~~~~~~~~~~~~~~~~~~~~~~
 2275 |                     ptls_buffer_push_block(sendbuf, 2, {
      |                     ~~~~~~~~~~~~~~~~~~~~~~~~~~~~~~~~~~~~
 2276 |                         for (; *algo != NULL; ++algo)
      |                         ~~~~~~~~~~~~~~~~~~~~~~~~~~~~~
 2277 |                             ptls_buffer_push16(sendbuf, (*algo)->id);
      |                             ~~~~~~~~~~~~~~~~~~~~~~~~~~~~~~~~~~~~~~~~~
 2278 |                     });
      |                     ~~~
 2279 |                 });
      |                 ~~
vendor/picotls/lib/picotls.c:894:9: note: expanded from macro 'buffer_push_extension'
  894 |         ptls_buffer_push_block((buf), 2, block);                                                                                   \
      |         ^~~~~~~~~~~~~~~~~~~~~~~~~~~~~~~~~~~~~~~
vendor/picotls/include/picotls.h:1293:22: note: expanded from macro 'ptls_buffer_push_block'
 1293 |         if (capacity != -1) {                                                                                                      \
      |             ~~~~~~~~ ^  ~~
vendor/picotls/include/picotls.h:1290:13: note: expanded from macro 'ptls_buffer_push_block'
 1290 |             block                                                                                                                  \
      |             ^~~~~
vendor/picotls/include/picotls.h:1334:41: note: expanded from macro 'ptls_buffer_push_message_body'
 1334 |         ptls_buffer_push_block(_buf, 3, block);                                                                                    \
      |                                         ^~~~~
vendor/picotls/include/picotls.h:1290:13: note: expanded from macro 'ptls_buffer_push_block'
 1290 |             block                                                                                                                  \
      |             ^~~~~
vendor/picotls/lib/picotls.c:2282:17: warning: comparison of integers of different signs: 'size_t' (aka 'unsigned long') and 'int' [-Wsign-compare]
 2282 |                 buffer_push_extension(sendbuf, PTLS_EXTENSION_TYPE_COOKIE, {
      |                 ^~~~~~~~~~~~~~~~~~~~~~~~~~~~~~~~~~~~~~~~~~~~~~~~~~~~~~~~~~~~
 2283 |                     ptls_buffer_push_block(sendbuf, 2, { ptls_buffer_pushv(sendbuf, cookie->base, cookie->len); });
      |                     ~~~~~~~~~~~~~~~~~~~~~~~~~~~~~~~~~~~~~~~~~~~~~~~~~~~~~~~~~~~~~~~~~~~~~~~~~~~~~~~~~~~~~~~~~~~~~~~
 2284 |                 });
      |                 ~~
vendor/picotls/lib/picotls.c:894:9: note: expanded from macro 'buffer_push_extension'
  894 |         ptls_buffer_push_block((buf), 2, block);                                                                                   \
      |         ^~~~~~~~~~~~~~~~~~~~~~~~~~~~~~~~~~~~~~~
vendor/picotls/include/picotls.h:1287:72: note: expanded from macro 'ptls_buffer_push_block'
 1287 |         ptls_buffer_pushv((buf), (uint8_t *)"\0\0\0\0\0\0\0", capacity != -1 ? capacity : 1);                                      \
      |                                                               ~~~~~~~~ ^  ~~
vendor/picotls/include/picotls.h:1241:57: note: expanded from macro 'ptls_buffer_pushv'
 1241 |         if ((ret = ptls_buffer__do_pushv((buf), (src), (len))) != 0)                                                               \
      |                                                         ^~~
vendor/picotls/include/picotls.h:1290:13: note: expanded from macro 'ptls_buffer_push_block'
 1290 |             block                                                                                                                  \
      |             ^~~~~
vendor/picotls/include/picotls.h:1334:41: note: expanded from macro 'ptls_buffer_push_message_body'
 1334 |         ptls_buffer_push_block(_buf, 3, block);                                                                                    \
      |                                         ^~~~~
vendor/picotls/include/picotls.h:1290:13: note: expanded from macro 'ptls_buffer_push_block'
 1290 |             block                                                                                                                  \
      |             ^~~~~
vendor/picotls/lib/picotls.c:2283:21: warning: comparison of integers of different signs: 'size_t' (aka 'unsigned long') and 'int' [-Wsign-compare]
 2283 |                     ptls_buffer_push_block(sendbuf, 2, { ptls_buffer_pushv(sendbuf, cookie->base, cookie->len); });
      |                     ^~~~~~~~~~~~~~~~~~~~~~~~~~~~~~~~~~~~~~~~~~~~~~~~~~~~~~~~~~~~~~~~~~~~~~~~~~~~~~~~~~~~~~~~~~~~~~
vendor/picotls/include/picotls.h:1287:72: note: expanded from macro 'ptls_buffer_push_block'
 1287 |         ptls_buffer_pushv((buf), (uint8_t *)"\0\0\0\0\0\0\0", capacity != -1 ? capacity : 1);                                      \
      |                                                               ~~~~~~~~ ^  ~~
vendor/picotls/include/picotls.h:1241:57: note: expanded from macro 'ptls_buffer_pushv'
 1241 |         if ((ret = ptls_buffer__do_pushv((buf), (src), (len))) != 0)                                                               \
      |                                                         ^~~
vendor/picotls/lib/picotls.c:894:42: note: expanded from macro 'buffer_push_extension'
  894 |         ptls_buffer_push_block((buf), 2, block);                                                                                   \
      |                                          ^~~~~
note: (skipping 1 expansions in backtrace; use -fmacro-backtrace-limit=0 to see all)
vendor/picotls/include/picotls.h:1290:13: note: expanded from macro 'ptls_buffer_push_block'
 1290 |             block                                                                                                                  \
      |             ^~~~~
vendor/picotls/include/picotls.h:1334:41: note: expanded from macro 'ptls_buffer_push_message_body'
 1334 |         ptls_buffer_push_block(_buf, 3, block);                                                                                    \
      |                                         ^~~~~
vendor/picotls/include/picotls.h:1290:13: note: expanded from macro 'ptls_buffer_push_block'
 1290 |             block                                                                                                                  \
      |             ^~~~~
vendor/picotls/lib/picotls.c:2283:21: warning: comparison of integers of different signs: 'size_t' (aka 'unsigned long') and 'int' [-Wsign-compare]
 2283 |                     ptls_buffer_push_block(sendbuf, 2, { ptls_buffer_pushv(sendbuf, cookie->base, cookie->len); });
      |                     ^~~~~~~~~~~~~~~~~~~~~~~~~~~~~~~~~~~~~~~~~~~~~~~~~~~~~~~~~~~~~~~~~~~~~~~~~~~~~~~~~~~~~~~~~~~~~~
vendor/picotls/include/picotls.h:1293:22: note: expanded from macro 'ptls_buffer_push_block'
 1293 |         if (capacity != -1) {                                                                                                      \
      |             ~~~~~~~~ ^  ~~
vendor/picotls/lib/picotls.c:894:42: note: expanded from macro 'buffer_push_extension'
  894 |         ptls_buffer_push_block((buf), 2, block);                                                                                   \
      |                                          ^~~~~
vendor/picotls/include/picotls.h:1290:13: note: expanded from macro 'ptls_buffer_push_block'
 1290 |             block                                                                                                                  \
      |             ^~~~~
vendor/picotls/include/picotls.h:1290:13: note: expanded from macro 'ptls_buffer_push_block'
 1290 |             block                                                                                                                  \
      |             ^~~~~
vendor/picotls/include/picotls.h:1334:41: note: expanded from macro 'ptls_buffer_push_message_body'
 1334 |         ptls_buffer_push_block(_buf, 3, block);                                                                                    \
      |                                         ^~~~~
vendor/picotls/include/picotls.h:1290:13: note: expanded from macro 'ptls_buffer_push_block'
 1290 |             block                                                                                                                  \
      |             ^~~~~
vendor/picotls/lib/picotls.c:2282:17: warning: comparison of integers of different signs: 'size_t' (aka 'unsigned long') and 'int' [-Wsign-compare]
 2282 |                 buffer_push_extension(sendbuf, PTLS_EXTENSION_TYPE_COOKIE, {
      |                 ^~~~~~~~~~~~~~~~~~~~~~~~~~~~~~~~~~~~~~~~~~~~~~~~~~~~~~~~~~~~
 2283 |                     ptls_buffer_push_block(sendbuf, 2, { ptls_buffer_pushv(sendbuf, cookie->base, cookie->len); });
      |                     ~~~~~~~~~~~~~~~~~~~~~~~~~~~~~~~~~~~~~~~~~~~~~~~~~~~~~~~~~~~~~~~~~~~~~~~~~~~~~~~~~~~~~~~~~~~~~~~
 2284 |                 });
      |                 ~~
vendor/picotls/lib/picotls.c:894:9: note: expanded from macro 'buffer_push_extension'
  894 |         ptls_buffer_push_block((buf), 2, block);                                                                                   \
      |         ^~~~~~~~~~~~~~~~~~~~~~~~~~~~~~~~~~~~~~~
vendor/picotls/include/picotls.h:1293:22: note: expanded from macro 'ptls_buffer_push_block'
 1293 |         if (capacity != -1) {                                                                                                      \
      |             ~~~~~~~~ ^  ~~
vendor/picotls/include/picotls.h:1290:13: note: expanded from macro 'ptls_buffer_push_block'
 1290 |             block                                                                                                                  \
      |             ^~~~~
vendor/picotls/include/picotls.h:1334:41: note: expanded from macro 'ptls_buffer_push_message_body'
 1334 |         ptls_buffer_push_block(_buf, 3, block);                                                                                    \
      |                                         ^~~~~
vendor/picotls/include/picotls.h:1290:13: note: expanded from macro 'ptls_buffer_push_block'
 1290 |             block                                                                                                                  \
      |             ^~~~~
vendor/picotls/lib/picotls.c:2287:17: warning: comparison of integers of different signs: 'size_t' (aka 'unsigned long') and 'int' [-Wsign-compare]
 2287 |                 buffer_push_extension(sendbuf, PTLS_EXTENSION_TYPE_SERVER_CERTIFICATE_TYPE, {
      |                 ^~~~~~~~~~~~~~~~~~~~~~~~~~~~~~~~~~~~~~~~~~~~~~~~~~~~~~~~~~~~~~~~~~~~~~~~~~~~~
 2288 |                     ptls_buffer_push_block(sendbuf, 1, { ptls_buffer_push(sendbuf, PTLS_CERTIFICATE_TYPE_RAW_PUBLIC_KEY); });
      |                     ~~~~~~~~~~~~~~~~~~~~~~~~~~~~~~~~~~~~~~~~~~~~~~~~~~~~~~~~~~~~~~~~~~~~~~~~~~~~~~~~~~~~~~~~~~~~~~~~~~~~~~~~~
 2289 |                 });
      |                 ~~
vendor/picotls/lib/picotls.c:894:9: note: expanded from macro 'buffer_push_extension'
  894 |         ptls_buffer_push_block((buf), 2, block);                                                                                   \
      |         ^~~~~~~~~~~~~~~~~~~~~~~~~~~~~~~~~~~~~~~
vendor/picotls/include/picotls.h:1287:72: note: expanded from macro 'ptls_buffer_push_block'
 1287 |         ptls_buffer_pushv((buf), (uint8_t *)"\0\0\0\0\0\0\0", capacity != -1 ? capacity : 1);                                      \
      |                                                               ~~~~~~~~ ^  ~~
vendor/picotls/include/picotls.h:1241:57: note: expanded from macro 'ptls_buffer_pushv'
 1241 |         if ((ret = ptls_buffer__do_pushv((buf), (src), (len))) != 0)                                                               \
      |                                                         ^~~
vendor/picotls/include/picotls.h:1290:13: note: expanded from macro 'ptls_buffer_push_block'
 1290 |             block                                                                                                                  \
      |             ^~~~~
vendor/picotls/include/picotls.h:1334:41: note: expanded from macro 'ptls_buffer_push_message_body'
 1334 |         ptls_buffer_push_block(_buf, 3, block);                                                                                    \
      |                                         ^~~~~
vendor/picotls/include/picotls.h:1290:13: note: expanded from macro 'ptls_buffer_push_block'
 1290 |             block                                                                                                                  \
      |             ^~~~~
vendor/picotls/lib/picotls.c:2288:21: warning: comparison of integers of different signs: 'size_t' (aka 'unsigned long') and 'int' [-Wsign-compare]
 2288 |                     ptls_buffer_push_block(sendbuf, 1, { ptls_buffer_push(sendbuf, PTLS_CERTIFICATE_TYPE_RAW_PUBLIC_KEY); });
      |                     ^~~~~~~~~~~~~~~~~~~~~~~~~~~~~~~~~~~~~~~~~~~~~~~~~~~~~~~~~~~~~~~~~~~~~~~~~~~~~~~~~~~~~~~~~~~~~~~~~~~~~~~~
vendor/picotls/include/picotls.h:1287:72: note: expanded from macro 'ptls_buffer_push_block'
 1287 |         ptls_buffer_pushv((buf), (uint8_t *)"\0\0\0\0\0\0\0", capacity != -1 ? capacity : 1);                                      \
      |                                                               ~~~~~~~~ ^  ~~
vendor/picotls/include/picotls.h:1241:57: note: expanded from macro 'ptls_buffer_pushv'
 1241 |         if ((ret = ptls_buffer__do_pushv((buf), (src), (len))) != 0)                                                               \
      |                                                         ^~~
vendor/picotls/lib/picotls.c:894:42: note: expanded from macro 'buffer_push_extension'
  894 |         ptls_buffer_push_block((buf), 2, block);                                                                                   \
      |                                          ^~~~~
note: (skipping 1 expansions in backtrace; use -fmacro-backtrace-limit=0 to see all)
vendor/picotls/include/picotls.h:1290:13: note: expanded from macro 'ptls_buffer_push_block'
 1290 |             block                                                                                                                  \
      |             ^~~~~
vendor/picotls/include/picotls.h:1334:41: note: expanded from macro 'ptls_buffer_push_message_body'
 1334 |         ptls_buffer_push_block(_buf, 3, block);                                                                                    \
      |                                         ^~~~~
vendor/picotls/include/picotls.h:1290:13: note: expanded from macro 'ptls_buffer_push_block'
 1290 |             block                                                                                                                  \
      |             ^~~~~
vendor/picotls/lib/picotls.c:2288:21: warning: comparison of integers of different signs: 'size_t' (aka 'unsigned long') and 'int' [-Wsign-compare]
 2288 |                     ptls_buffer_push_block(sendbuf, 1, { ptls_buffer_push(sendbuf, PTLS_CERTIFICATE_TYPE_RAW_PUBLIC_KEY); });
      |                     ^~~~~~~~~~~~~~~~~~~~~~~~~~~~~~~~~~~~~~~~~~~~~~~~~~~~~~~~~~~~~~~~~~~~~~~~~~~~~~~~~~~~~~~~~~~~~~~~~~~~~~~~
vendor/picotls/include/picotls.h:1293:22: note: expanded from macro 'ptls_buffer_push_block'
 1293 |         if (capacity != -1) {                                                                                                      \
      |             ~~~~~~~~ ^  ~~
vendor/picotls/lib/picotls.c:894:42: note: expanded from macro 'buffer_push_extension'
  894 |         ptls_buffer_push_block((buf), 2, block);                                                                                   \
      |                                          ^~~~~
vendor/picotls/include/picotls.h:1290:13: note: expanded from macro 'ptls_buffer_push_block'
 1290 |             block                                                                                                                  \
      |             ^~~~~
vendor/picotls/include/picotls.h:1290:13: note: expanded from macro 'ptls_buffer_push_block'
 1290 |             block                                                                                                                  \
      |             ^~~~~
vendor/picotls/include/picotls.h:1334:41: note: expanded from macro 'ptls_buffer_push_message_body'
 1334 |         ptls_buffer_push_block(_buf, 3, block);                                                                                    \
      |                                         ^~~~~
vendor/picotls/include/picotls.h:1290:13: note: expanded from macro 'ptls_buffer_push_block'
 1290 |             block                                                                                                                  \
      |             ^~~~~
vendor/picotls/lib/picotls.c:2287:17: warning: comparison of integers of different signs: 'size_t' (aka 'unsigned long') and 'int' [-Wsign-compare]
 2287 |                 buffer_push_extension(sendbuf, PTLS_EXTENSION_TYPE_SERVER_CERTIFICATE_TYPE, {
      |                 ^~~~~~~~~~~~~~~~~~~~~~~~~~~~~~~~~~~~~~~~~~~~~~~~~~~~~~~~~~~~~~~~~~~~~~~~~~~~~
 2288 |                     ptls_buffer_push_block(sendbuf, 1, { ptls_buffer_push(sendbuf, PTLS_CERTIFICATE_TYPE_RAW_PUBLIC_KEY); });
      |                     ~~~~~~~~~~~~~~~~~~~~~~~~~~~~~~~~~~~~~~~~~~~~~~~~~~~~~~~~~~~~~~~~~~~~~~~~~~~~~~~~~~~~~~~~~~~~~~~~~~~~~~~~~
 2289 |                 });
      |                 ~~
vendor/picotls/lib/picotls.c:894:9: note: expanded from macro 'buffer_push_extension'
  894 |         ptls_buffer_push_block((buf), 2, block);                                                                                   \
      |         ^~~~~~~~~~~~~~~~~~~~~~~~~~~~~~~~~~~~~~~
vendor/picotls/include/picotls.h:1293:22: note: expanded from macro 'ptls_buffer_push_block'
 1293 |         if (capacity != -1) {                                                                                                      \
      |             ~~~~~~~~ ^  ~~
vendor/picotls/include/picotls.h:1290:13: note: expanded from macro 'ptls_buffer_push_block'
 1290 |             block                                                                                                                  \
      |             ^~~~~
vendor/picotls/include/picotls.h:1334:41: note: expanded from macro 'ptls_buffer_push_message_body'
 1334 |         ptls_buffer_push_block(_buf, 3, block);                                                                                    \
      |                                         ^~~~~
vendor/picotls/include/picotls.h:1290:13: note: expanded from macro 'ptls_buffer_push_block'
 1290 |             block                                                                                                                  \
      |             ^~~~~
vendor/picotls/lib/picotls.c:2293:17: warning: comparison of integers of different signs: 'size_t' (aka 'unsigned long') and 'int' [-Wsign-compare]
 2293 |                 buffer_push_extension(sendbuf, PTLS_EXTENSION_TYPE_TICKET_REQUEST, {
      |                 ^~~~~~~~~~~~~~~~~~~~~~~~~~~~~~~~~~~~~~~~~~~~~~~~~~~~~~~~~~~~~~~~~~~~
 2294 |                     ptls_buffer_push(sendbuf, ctx->ticket_requests.client.new_session_count,
      |                     ~~~~~~~~~~~~~~~~~~~~~~~~~~~~~~~~~~~~~~~~~~~~~~~~~~~~~~~~~~~~~~~~~~~~~~~~
 2295 |                                      ctx->ticket_requests.client.resumption_count);
      |                                      ~~~~~~~~~~~~~~~~~~~~~~~~~~~~~~~~~~~~~~~~~~~~~~
 2296 |                 });
      |                 ~~
vendor/picotls/lib/picotls.c:894:9: note: expanded from macro 'buffer_push_extension'
  894 |         ptls_buffer_push_block((buf), 2, block);                                                                                   \
      |         ^~~~~~~~~~~~~~~~~~~~~~~~~~~~~~~~~~~~~~~
vendor/picotls/include/picotls.h:1287:72: note: expanded from macro 'ptls_buffer_push_block'
 1287 |         ptls_buffer_pushv((buf), (uint8_t *)"\0\0\0\0\0\0\0", capacity != -1 ? capacity : 1);                                      \
      |                                                               ~~~~~~~~ ^  ~~
vendor/picotls/include/picotls.h:1241:57: note: expanded from macro 'ptls_buffer_pushv'
 1241 |         if ((ret = ptls_buffer__do_pushv((buf), (src), (len))) != 0)                                                               \
      |                                                         ^~~
vendor/picotls/include/picotls.h:1290:13: note: expanded from macro 'ptls_buffer_push_block'
 1290 |             block                                                                                                                  \
      |             ^~~~~
vendor/picotls/include/picotls.h:1334:41: note: expanded from macro 'ptls_buffer_push_message_body'
 1334 |         ptls_buffer_push_block(_buf, 3, block);                                                                                    \
      |                                         ^~~~~
vendor/picotls/include/picotls.h:1290:13: note: expanded from macro 'ptls_buffer_push_block'
 1290 |             block                                                                                                                  \
      |             ^~~~~
vendor/picotls/lib/picotls.c:2293:17: warning: comparison of integers of different signs: 'size_t' (aka 'unsigned long') and 'int' [-Wsign-compare]
 2293 |                 buffer_push_extension(sendbuf, PTLS_EXTENSION_TYPE_TICKET_REQUEST, {
      |                 ^~~~~~~~~~~~~~~~~~~~~~~~~~~~~~~~~~~~~~~~~~~~~~~~~~~~~~~~~~~~~~~~~~~~
 2294 |                     ptls_buffer_push(sendbuf, ctx->ticket_requests.client.new_session_count,
      |                     ~~~~~~~~~~~~~~~~~~~~~~~~~~~~~~~~~~~~~~~~~~~~~~~~~~~~~~~~~~~~~~~~~~~~~~~~
 2295 |                                      ctx->ticket_requests.client.resumption_count);
      |                                      ~~~~~~~~~~~~~~~~~~~~~~~~~~~~~~~~~~~~~~~~~~~~~~
 2296 |                 });
      |                 ~~
vendor/picotls/lib/picotls.c:894:9: note: expanded from macro 'buffer_push_extension'
  894 |         ptls_buffer_push_block((buf), 2, block);                                                                                   \
      |         ^~~~~~~~~~~~~~~~~~~~~~~~~~~~~~~~~~~~~~~
vendor/picotls/include/picotls.h:1293:22: note: expanded from macro 'ptls_buffer_push_block'
 1293 |         if (capacity != -1) {                                                                                                      \
      |             ~~~~~~~~ ^  ~~
vendor/picotls/include/picotls.h:1290:13: note: expanded from macro 'ptls_buffer_push_block'
 1290 |             block                                                                                                                  \
      |             ^~~~~
vendor/picotls/include/picotls.h:1334:41: note: expanded from macro 'ptls_buffer_push_message_body'
 1334 |         ptls_buffer_push_block(_buf, 3, block);                                                                                    \
      |                                         ^~~~~
vendor/picotls/include/picotls.h:1290:13: note: expanded from macro 'ptls_buffer_push_block'
 1290 |             block                                                                                                                  \
      |             ^~~~~
vendor/picotls/lib/picotls.c:2301:17: warning: comparison of integers of different signs: 'size_t' (aka 'unsigned long') and 'int' [-Wsign-compare]
 2301 |                 buffer_push_extension(sendbuf, PTLS_EXTENSION_TYPE_PSK_KEY_EXCHANGE_MODES, {
      |                 ^~~~~~~~~~~~~~~~~~~~~~~~~~~~~~~~~~~~~~~~~~~~~~~~~~~~~~~~~~~~~~~~~~~~~~~~~~~~
 2302 |                     ptls_buffer_push_block(sendbuf, 1, {
      |                     ~~~~~~~~~~~~~~~~~~~~~~~~~~~~~~~~~~~~
 2303 |                         if (!ctx->require_dhe_on_psk)
      |                         ~~~~~~~~~~~~~~~~~~~~~~~~~~~~~
 2304 |                             ptls_buffer_push(sendbuf, PTLS_PSK_KE_MODE_PSK);
      |                             ~~~~~~~~~~~~~~~~~~~~~~~~~~~~~~~~~~~~~~~~~~~~~~~~
 2305 |                         ptls_buffer_push(sendbuf, PTLS_PSK_KE_MODE_PSK_DHE);
      |                         ~~~~~~~~~~~~~~~~~~~~~~~~~~~~~~~~~~~~~~~~~~~~~~~~~~~~
 2306 |                     });
      |                     ~~~
 2307 |                 });
      |                 ~~
vendor/picotls/lib/picotls.c:894:9: note: expanded from macro 'buffer_push_extension'
  894 |         ptls_buffer_push_block((buf), 2, block);                                                                                   \
      |         ^~~~~~~~~~~~~~~~~~~~~~~~~~~~~~~~~~~~~~~
vendor/picotls/include/picotls.h:1287:72: note: expanded from macro 'ptls_buffer_push_block'
 1287 |         ptls_buffer_pushv((buf), (uint8_t *)"\0\0\0\0\0\0\0", capacity != -1 ? capacity : 1);                                      \
      |                                                               ~~~~~~~~ ^  ~~
vendor/picotls/include/picotls.h:1241:57: note: expanded from macro 'ptls_buffer_pushv'
 1241 |         if ((ret = ptls_buffer__do_pushv((buf), (src), (len))) != 0)                                                               \
      |                                                         ^~~
vendor/picotls/include/picotls.h:1290:13: note: expanded from macro 'ptls_buffer_push_block'
 1290 |             block                                                                                                                  \
      |             ^~~~~
vendor/picotls/include/picotls.h:1334:41: note: expanded from macro 'ptls_buffer_push_message_body'
 1334 |         ptls_buffer_push_block(_buf, 3, block);                                                                                    \
      |                                         ^~~~~
vendor/picotls/include/picotls.h:1290:13: note: expanded from macro 'ptls_buffer_push_block'
 1290 |             block                                                                                                                  \
      |             ^~~~~
vendor/picotls/lib/picotls.c:2302:21: warning: comparison of integers of different signs: 'size_t' (aka 'unsigned long') and 'int' [-Wsign-compare]
 2302 |                     ptls_buffer_push_block(sendbuf, 1, {
      |                     ^~~~~~~~~~~~~~~~~~~~~~~~~~~~~~~~~~~~
 2303 |                         if (!ctx->require_dhe_on_psk)
      |                         ~~~~~~~~~~~~~~~~~~~~~~~~~~~~~
 2304 |                             ptls_buffer_push(sendbuf, PTLS_PSK_KE_MODE_PSK);
      |                             ~~~~~~~~~~~~~~~~~~~~~~~~~~~~~~~~~~~~~~~~~~~~~~~~
 2305 |                         ptls_buffer_push(sendbuf, PTLS_PSK_KE_MODE_PSK_DHE);
      |                         ~~~~~~~~~~~~~~~~~~~~~~~~~~~~~~~~~~~~~~~~~~~~~~~~~~~~
 2306 |                     });
      |                     ~~
vendor/picotls/include/picotls.h:1287:72: note: expanded from macro 'ptls_buffer_push_block'
 1287 |         ptls_buffer_pushv((buf), (uint8_t *)"\0\0\0\0\0\0\0", capacity != -1 ? capacity : 1);                                      \
      |                                                               ~~~~~~~~ ^  ~~
vendor/picotls/include/picotls.h:1241:57: note: expanded from macro 'ptls_buffer_pushv'
 1241 |         if ((ret = ptls_buffer__do_pushv((buf), (src), (len))) != 0)                                                               \
      |                                                         ^~~
vendor/picotls/lib/picotls.c:894:42: note: expanded from macro 'buffer_push_extension'
  894 |         ptls_buffer_push_block((buf), 2, block);                                                                                   \
      |                                          ^~~~~
note: (skipping 1 expansions in backtrace; use -fmacro-backtrace-limit=0 to see all)
vendor/picotls/include/picotls.h:1290:13: note: expanded from macro 'ptls_buffer_push_block'
 1290 |             block                                                                                                                  \
      |             ^~~~~
vendor/picotls/include/picotls.h:1334:41: note: expanded from macro 'ptls_buffer_push_message_body'
 1334 |         ptls_buffer_push_block(_buf, 3, block);                                                                                    \
      |                                         ^~~~~
vendor/picotls/include/picotls.h:1290:13: note: expanded from macro 'ptls_buffer_push_block'
 1290 |             block                                                                                                                  \
      |             ^~~~~
vendor/picotls/lib/picotls.c:2302:21: warning: comparison of integers of different signs: 'size_t' (aka 'unsigned long') and 'int' [-Wsign-compare]
 2302 |                     ptls_buffer_push_block(sendbuf, 1, {
      |                     ^~~~~~~~~~~~~~~~~~~~~~~~~~~~~~~~~~~~
 2303 |                         if (!ctx->require_dhe_on_psk)
      |                         ~~~~~~~~~~~~~~~~~~~~~~~~~~~~~
 2304 |                             ptls_buffer_push(sendbuf, PTLS_PSK_KE_MODE_PSK);
      |                             ~~~~~~~~~~~~~~~~~~~~~~~~~~~~~~~~~~~~~~~~~~~~~~~~
 2305 |                         ptls_buffer_push(sendbuf, PTLS_PSK_KE_MODE_PSK_DHE);
      |                         ~~~~~~~~~~~~~~~~~~~~~~~~~~~~~~~~~~~~~~~~~~~~~~~~~~~~
 2306 |                     });
      |                     ~~
vendor/picotls/include/picotls.h:1293:22: note: expanded from macro 'ptls_buffer_push_block'
 1293 |         if (capacity != -1) {                                                                                                      \
      |             ~~~~~~~~ ^  ~~
vendor/picotls/lib/picotls.c:894:42: note: expanded from macro 'buffer_push_extension'
  894 |         ptls_buffer_push_block((buf), 2, block);                                                                                   \
      |                                          ^~~~~
vendor/picotls/include/picotls.h:1290:13: note: expanded from macro 'ptls_buffer_push_block'
 1290 |             block                                                                                                                  \
      |             ^~~~~
vendor/picotls/include/picotls.h:1290:13: note: expanded from macro 'ptls_buffer_push_block'
 1290 |             block                                                                                                                  \
      |             ^~~~~
vendor/picotls/include/picotls.h:1334:41: note: expanded from macro 'ptls_buffer_push_message_body'
 1334 |         ptls_buffer_push_block(_buf, 3, block);                                                                                    \
      |                                         ^~~~~
vendor/picotls/include/picotls.h:1290:13: note: expanded from macro 'ptls_buffer_push_block'
 1290 |             block                                                                                                                  \
      |             ^~~~~
vendor/picotls/lib/picotls.c:2301:17: warning: comparison of integers of different signs: 'size_t' (aka 'unsigned long') and 'int' [-Wsign-compare]
 2301 |                 buffer_push_extension(sendbuf, PTLS_EXTENSION_TYPE_PSK_KEY_EXCHANGE_MODES, {
      |                 ^~~~~~~~~~~~~~~~~~~~~~~~~~~~~~~~~~~~~~~~~~~~~~~~~~~~~~~~~~~~~~~~~~~~~~~~~~~~
 2302 |                     ptls_buffer_push_block(sendbuf, 1, {
      |                     ~~~~~~~~~~~~~~~~~~~~~~~~~~~~~~~~~~~~
 2303 |                         if (!ctx->require_dhe_on_psk)
      |                         ~~~~~~~~~~~~~~~~~~~~~~~~~~~~~
 2304 |                             ptls_buffer_push(sendbuf, PTLS_PSK_KE_MODE_PSK);
      |                             ~~~~~~~~~~~~~~~~~~~~~~~~~~~~~~~~~~~~~~~~~~~~~~~~
 2305 |                         ptls_buffer_push(sendbuf, PTLS_PSK_KE_MODE_PSK_DHE);
      |                         ~~~~~~~~~~~~~~~~~~~~~~~~~~~~~~~~~~~~~~~~~~~~~~~~~~~~
 2306 |                     });
      |                     ~~~
 2307 |                 });
      |                 ~~
vendor/picotls/lib/picotls.c:894:9: note: expanded from macro 'buffer_push_extension'
  894 |         ptls_buffer_push_block((buf), 2, block);                                                                                   \
      |         ^~~~~~~~~~~~~~~~~~~~~~~~~~~~~~~~~~~~~~~
vendor/picotls/include/picotls.h:1293:22: note: expanded from macro 'ptls_buffer_push_block'
 1293 |         if (capacity != -1) {                                                                                                      \
      |             ~~~~~~~~ ^  ~~
vendor/picotls/include/picotls.h:1290:13: note: expanded from macro 'ptls_buffer_push_block'
 1290 |             block                                                                                                                  \
      |             ^~~~~
vendor/picotls/include/picotls.h:1334:41: note: expanded from macro 'ptls_buffer_push_message_body'
 1334 |         ptls_buffer_push_block(_buf, 3, block);                                                                                    \
      |                                         ^~~~~
vendor/picotls/include/picotls.h:1290:13: note: expanded from macro 'ptls_buffer_push_block'
 1290 |             block                                                                                                                  \
      |             ^~~~~
vendor/picotls/lib/picotls.c:2311:21: warning: comparison of integers of different signs: 'size_t' (aka 'unsigned long') and 'int' [-Wsign-compare]
 2311 |                     buffer_push_extension(sendbuf, PTLS_EXTENSION_TYPE_EARLY_DATA, {});
      |                     ^~~~~~~~~~~~~~~~~~~~~~~~~~~~~~~~~~~~~~~~~~~~~~~~~~~~~~~~~~~~~~~~~~
vendor/picotls/lib/picotls.c:894:9: note: expanded from macro 'buffer_push_extension'
  894 |         ptls_buffer_push_block((buf), 2, block);                                                                                   \
      |         ^~~~~~~~~~~~~~~~~~~~~~~~~~~~~~~~~~~~~~~
vendor/picotls/include/picotls.h:1287:72: note: expanded from macro 'ptls_buffer_push_block'
 1287 |         ptls_buffer_pushv((buf), (uint8_t *)"\0\0\0\0\0\0\0", capacity != -1 ? capacity : 1);                                      \
      |                                                               ~~~~~~~~ ^  ~~
vendor/picotls/include/picotls.h:1241:57: note: expanded from macro 'ptls_buffer_pushv'
 1241 |         if ((ret = ptls_buffer__do_pushv((buf), (src), (len))) != 0)                                                               \
      |                                                         ^~~
vendor/picotls/include/picotls.h:1290:13: note: expanded from macro 'ptls_buffer_push_block'
 1290 |             block                                                                                                                  \
      |             ^~~~~
vendor/picotls/include/picotls.h:1334:41: note: expanded from macro 'ptls_buffer_push_message_body'
 1334 |         ptls_buffer_push_block(_buf, 3, block);                                                                                    \
      |                                         ^~~~~
vendor/picotls/include/picotls.h:1290:13: note: expanded from macro 'ptls_buffer_push_block'
 1290 |             block                                                                                                                  \
      |             ^~~~~
vendor/picotls/lib/picotls.c:2311:21: warning: comparison of integers of different signs: 'size_t' (aka 'unsigned long') and 'int' [-Wsign-compare]
 2311 |                     buffer_push_extension(sendbuf, PTLS_EXTENSION_TYPE_EARLY_DATA, {});
      |                     ^~~~~~~~~~~~~~~~~~~~~~~~~~~~~~~~~~~~~~~~~~~~~~~~~~~~~~~~~~~~~~~~~~
vendor/picotls/lib/picotls.c:894:9: note: expanded from macro 'buffer_push_extension'
  894 |         ptls_buffer_push_block((buf), 2, block);                                                                                   \
      |         ^~~~~~~~~~~~~~~~~~~~~~~~~~~~~~~~~~~~~~~
vendor/picotls/include/picotls.h:1293:22: note: expanded from macro 'ptls_buffer_push_block'
 1293 |         if (capacity != -1) {                                                                                                      \
      |             ~~~~~~~~ ^  ~~
vendor/picotls/include/picotls.h:1290:13: note: expanded from macro 'ptls_buffer_push_block'
 1290 |             block                                                                                                                  \
      |             ^~~~~
vendor/picotls/include/picotls.h:1334:41: note: expanded from macro 'ptls_buffer_push_message_body'
 1334 |         ptls_buffer_push_block(_buf, 3, block);                                                                                    \
      |                                         ^~~~~
vendor/picotls/include/picotls.h:1290:13: note: expanded from macro 'ptls_buffer_push_block'
 1290 |             block                                                                                                                  \
      |             ^~~~~
vendor/picotls/lib/picotls.c:2313:17: warning: comparison of integers of different signs: 'size_t' (aka 'unsigned long') and 'int' [-Wsign-compare]
 2313 |                 buffer_push_extension(sendbuf, PTLS_EXTENSION_TYPE_PRE_SHARED_KEY, {
      |                 ^~~~~~~~~~~~~~~~~~~~~~~~~~~~~~~~~~~~~~~~~~~~~~~~~~~~~~~~~~~~~~~~~~~~
 2314 |                     ptls_buffer_push_block(sendbuf, 2, {
      |                     ~~~~~~~~~~~~~~~~~~~~~~~~~~~~~~~~~~~~
 2315 |                         ptls_buffer_push_block(sendbuf, 2, {
      |                         ~~~~~~~~~~~~~~~~~~~~~~~~~~~~~~~~~~~~
 2316 |                             if (mode == ENCODE_CH_MODE_OUTER && ech->state != PTLS_ECH_STATE_GREASE) {
      |                             ~~~~~~~~~~~~~~~~~~~~~~~~~~~~~~~~~~~~~~~~~~~~~~~~~~~~~~~~~~~~~~~~~~~~~~~~~~
 2317 |                                 if ((ret = ptls_buffer_reserve(sendbuf, psk_identity.len)) != 0)
      |                                 ~~~~~~~~~~~~~~~~~~~~~~~~~~~~~~~~~~~~~~~~~~~~~~~~~~~~~~~~~~~~~~~~
 2318 |                                     goto Exit;
      |                                     ~~~~~~~~~~
 2319 |                                 ctx->random_bytes(sendbuf->base + sendbuf->off, psk_identity.len);
      |                                 ~~~~~~~~~~~~~~~~~~~~~~~~~~~~~~~~~~~~~~~~~~~~~~~~~~~~~~~~~~~~~~~~~~
 2320 |                                 sendbuf->off += psk_identity.len;
      |                                 ~~~~~~~~~~~~~~~~~~~~~~~~~~~~~~~~~
 2321 |                             } else {
      |                             ~~~~~~~~
 2322 |                                 ptls_buffer_pushv(sendbuf, psk_identity.base, psk_identity.len);
      |                                 ~~~~~~~~~~~~~~~~~~~~~~~~~~~~~~~~~~~~~~~~~~~~~~~~~~~~~~~~~~~~~~~~
 2323 |                             }
      |                             ~
 2324 |                         });
      |                         ~~~
 2325 |                         uint32_t age;
      |                         ~~~~~~~~~~~~~
 2326 |                         if (mode == ENCODE_CH_MODE_OUTER && ech->state != PTLS_ECH_STATE_GREASE) {
      |                         ~~~~~~~~~~~~~~~~~~~~~~~~~~~~~~~~~~~~~~~~~~~~~~~~~~~~~~~~~~~~~~~~~~~~~~~~~~
 2327 |                             ctx->random_bytes(&age, sizeof(age));
      |                             ~~~~~~~~~~~~~~~~~~~~~~~~~~~~~~~~~~~~~
 2328 |                         } else {
      |                         ~~~~~~~~
vendor/picotls/lib/picotls.c:894:9: note: expanded from macro 'buffer_push_extension'
  894 |         ptls_buffer_push_block((buf), 2, block);                                                                                   \
      |         ^~~~~~~~~~~~~~~~~~~~~~~~~~~~~~~~~~~~~~~
vendor/picotls/include/picotls.h:1287:72: note: expanded from macro 'ptls_buffer_push_block'
 1287 |         ptls_buffer_pushv((buf), (uint8_t *)"\0\0\0\0\0\0\0", capacity != -1 ? capacity : 1);                                      \
      |                                                               ~~~~~~~~ ^  ~~
vendor/picotls/include/picotls.h:1241:57: note: expanded from macro 'ptls_buffer_pushv'
 1241 |         if ((ret = ptls_buffer__do_pushv((buf), (src), (len))) != 0)                                                               \
      |                                                         ^~~
vendor/picotls/include/picotls.h:1290:13: note: expanded from macro 'ptls_buffer_push_block'
 1290 |             block                                                                                                                  \
      |             ^~~~~
vendor/picotls/include/picotls.h:1334:41: note: expanded from macro 'ptls_buffer_push_message_body'
 1334 |         ptls_buffer_push_block(_buf, 3, block);                                                                                    \
      |                                         ^~~~~
vendor/picotls/include/picotls.h:1290:13: note: expanded from macro 'ptls_buffer_push_block'
 1290 |             block                                                                                                                  \
      |             ^~~~~
vendor/picotls/lib/picotls.c:2314:21: warning: comparison of integers of different signs: 'size_t' (aka 'unsigned long') and 'int' [-Wsign-compare]
 2314 |                     ptls_buffer_push_block(sendbuf, 2, {
      |                     ^~~~~~~~~~~~~~~~~~~~~~~~~~~~~~~~~~~~
 2315 |                         ptls_buffer_push_block(sendbuf, 2, {
      |                         ~~~~~~~~~~~~~~~~~~~~~~~~~~~~~~~~~~~~
 2316 |                             if (mode == ENCODE_CH_MODE_OUTER && ech->state != PTLS_ECH_STATE_GREASE) {
      |                             ~~~~~~~~~~~~~~~~~~~~~~~~~~~~~~~~~~~~~~~~~~~~~~~~~~~~~~~~~~~~~~~~~~~~~~~~~~
 2317 |                                 if ((ret = ptls_buffer_reserve(sendbuf, psk_identity.len)) != 0)
      |                                 ~~~~~~~~~~~~~~~~~~~~~~~~~~~~~~~~~~~~~~~~~~~~~~~~~~~~~~~~~~~~~~~~
 2318 |                                     goto Exit;
      |                                     ~~~~~~~~~~
 2319 |                                 ctx->random_bytes(sendbuf->base + sendbuf->off, psk_identity.len);
      |                                 ~~~~~~~~~~~~~~~~~~~~~~~~~~~~~~~~~~~~~~~~~~~~~~~~~~~~~~~~~~~~~~~~~~
 2320 |                                 sendbuf->off += psk_identity.len;
      |                                 ~~~~~~~~~~~~~~~~~~~~~~~~~~~~~~~~~
 2321 |                             } else {
      |                             ~~~~~~~~
 2322 |                                 ptls_buffer_pushv(sendbuf, psk_identity.base, psk_identity.len);
      |                                 ~~~~~~~~~~~~~~~~~~~~~~~~~~~~~~~~~~~~~~~~~~~~~~~~~~~~~~~~~~~~~~~~
 2323 |                             }
      |                             ~
 2324 |                         });
      |                         ~~~
 2325 |                         uint32_t age;
      |                         ~~~~~~~~~~~~~
 2326 |                         if (mode == ENCODE_CH_MODE_OUTER && ech->state != PTLS_ECH_STATE_GREASE) {
      |                         ~~~~~~~~~~~~~~~~~~~~~~~~~~~~~~~~~~~~~~~~~~~~~~~~~~~~~~~~~~~~~~~~~~~~~~~~~~
 2327 |                             ctx->random_bytes(&age, sizeof(age));
      |                             ~~~~~~~~~~~~~~~~~~~~~~~~~~~~~~~~~~~~~
 2328 |                         } else {
      |                         ~~~~~~~~
 2329 |                             age = obfuscated_ticket_age;
      |                             ~~~~~~~~~~~~~~~~~~~~~~~~~~~~
vendor/picotls/include/picotls.h:1287:72: note: expanded from macro 'ptls_buffer_push_block'
 1287 |         ptls_buffer_pushv((buf), (uint8_t *)"\0\0\0\0\0\0\0", capacity != -1 ? capacity : 1);                                      \
      |                                                               ~~~~~~~~ ^  ~~
vendor/picotls/include/picotls.h:1241:57: note: expanded from macro 'ptls_buffer_pushv'
 1241 |         if ((ret = ptls_buffer__do_pushv((buf), (src), (len))) != 0)                                                               \
      |                                                         ^~~
vendor/picotls/lib/picotls.c:894:42: note: expanded from macro 'buffer_push_extension'
  894 |         ptls_buffer_push_block((buf), 2, block);                                                                                   \
      |                                          ^~~~~
note: (skipping 1 expansions in backtrace; use -fmacro-backtrace-limit=0 to see all)
vendor/picotls/include/picotls.h:1290:13: note: expanded from macro 'ptls_buffer_push_block'
 1290 |             block                                                                                                                  \
      |             ^~~~~
vendor/picotls/include/picotls.h:1334:41: note: expanded from macro 'ptls_buffer_push_message_body'
 1334 |         ptls_buffer_push_block(_buf, 3, block);                                                                                    \
      |                                         ^~~~~
vendor/picotls/include/picotls.h:1290:13: note: expanded from macro 'ptls_buffer_push_block'
 1290 |             block                                                                                                                  \
      |             ^~~~~
vendor/picotls/lib/picotls.c:2315:25: warning: comparison of integers of different signs: 'size_t' (aka 'unsigned long') and 'int' [-Wsign-compare]
 2315 |                         ptls_buffer_push_block(sendbuf, 2, {
      |                         ^~~~~~~~~~~~~~~~~~~~~~~~~~~~~~~~~~~~
 2316 |                             if (mode == ENCODE_CH_MODE_OUTER && ech->state != PTLS_ECH_STATE_GREASE) {
      |                             ~~~~~~~~~~~~~~~~~~~~~~~~~~~~~~~~~~~~~~~~~~~~~~~~~~~~~~~~~~~~~~~~~~~~~~~~~~
 2317 |                                 if ((ret = ptls_buffer_reserve(sendbuf, psk_identity.len)) != 0)
      |                                 ~~~~~~~~~~~~~~~~~~~~~~~~~~~~~~~~~~~~~~~~~~~~~~~~~~~~~~~~~~~~~~~~
 2318 |                                     goto Exit;
      |                                     ~~~~~~~~~~
 2319 |                                 ctx->random_bytes(sendbuf->base + sendbuf->off, psk_identity.len);
      |                                 ~~~~~~~~~~~~~~~~~~~~~~~~~~~~~~~~~~~~~~~~~~~~~~~~~~~~~~~~~~~~~~~~~~
 2320 |                                 sendbuf->off += psk_identity.len;
      |                                 ~~~~~~~~~~~~~~~~~~~~~~~~~~~~~~~~~
 2321 |                             } else {
      |                             ~~~~~~~~
 2322 |                                 ptls_buffer_pushv(sendbuf, psk_identity.base, psk_identity.len);
      |                                 ~~~~~~~~~~~~~~~~~~~~~~~~~~~~~~~~~~~~~~~~~~~~~~~~~~~~~~~~~~~~~~~~
 2323 |                             }
      |                             ~
 2324 |                         });
      |                         ~~
vendor/picotls/include/picotls.h:1287:72: note: expanded from macro 'ptls_buffer_push_block'
 1287 |         ptls_buffer_pushv((buf), (uint8_t *)"\0\0\0\0\0\0\0", capacity != -1 ? capacity : 1);                                      \
      |                                                               ~~~~~~~~ ^  ~~
vendor/picotls/include/picotls.h:1241:57: note: expanded from macro 'ptls_buffer_pushv'
 1241 |         if ((ret = ptls_buffer__do_pushv((buf), (src), (len))) != 0)                                                               \
      |                                                         ^~~
vendor/picotls/include/picotls.h:1290:13: note: expanded from macro 'ptls_buffer_push_block'
 1290 |             block                                                                                                                  \
      |             ^~~~~
note: (skipping 2 expansions in backtrace; use -fmacro-backtrace-limit=0 to see all)
vendor/picotls/include/picotls.h:1290:13: note: expanded from macro 'ptls_buffer_push_block'
 1290 |             block                                                                                                                  \
      |             ^~~~~
vendor/picotls/include/picotls.h:1334:41: note: expanded from macro 'ptls_buffer_push_message_body'
 1334 |         ptls_buffer_push_block(_buf, 3, block);                                                                                    \
      |                                         ^~~~~
vendor/picotls/include/picotls.h:1290:13: note: expanded from macro 'ptls_buffer_push_block'
 1290 |             block                                                                                                                  \
      |             ^~~~~
vendor/picotls/lib/picotls.c:2315:25: warning: comparison of integers of different signs: 'size_t' (aka 'unsigned long') and 'int' [-Wsign-compare]
 2315 |                         ptls_buffer_push_block(sendbuf, 2, {
      |                         ^~~~~~~~~~~~~~~~~~~~~~~~~~~~~~~~~~~~
 2316 |                             if (mode == ENCODE_CH_MODE_OUTER && ech->state != PTLS_ECH_STATE_GREASE) {
      |                             ~~~~~~~~~~~~~~~~~~~~~~~~~~~~~~~~~~~~~~~~~~~~~~~~~~~~~~~~~~~~~~~~~~~~~~~~~~
 2317 |                                 if ((ret = ptls_buffer_reserve(sendbuf, psk_identity.len)) != 0)
      |                                 ~~~~~~~~~~~~~~~~~~~~~~~~~~~~~~~~~~~~~~~~~~~~~~~~~~~~~~~~~~~~~~~~
 2318 |                                     goto Exit;
      |                                     ~~~~~~~~~~
 2319 |                                 ctx->random_bytes(sendbuf->base + sendbuf->off, psk_identity.len);
      |                                 ~~~~~~~~~~~~~~~~~~~~~~~~~~~~~~~~~~~~~~~~~~~~~~~~~~~~~~~~~~~~~~~~~~
 2320 |                                 sendbuf->off += psk_identity.len;
      |                                 ~~~~~~~~~~~~~~~~~~~~~~~~~~~~~~~~~
 2321 |                             } else {
      |                             ~~~~~~~~
 2322 |                                 ptls_buffer_pushv(sendbuf, psk_identity.base, psk_identity.len);
      |                                 ~~~~~~~~~~~~~~~~~~~~~~~~~~~~~~~~~~~~~~~~~~~~~~~~~~~~~~~~~~~~~~~~
 2323 |                             }
      |                             ~
 2324 |                         });
      |                         ~~
vendor/picotls/include/picotls.h:1293:22: note: expanded from macro 'ptls_buffer_push_block'
 1293 |         if (capacity != -1) {                                                                                                      \
      |             ~~~~~~~~ ^  ~~
vendor/picotls/include/picotls.h:1290:13: note: expanded from macro 'ptls_buffer_push_block'
 1290 |             block                                                                                                                  \
      |             ^~~~~
vendor/picotls/lib/picotls.c:894:42: note: expanded from macro 'buffer_push_extension'
  894 |         ptls_buffer_push_block((buf), 2, block);                                                                                   \
      |                                          ^~~~~
note: (skipping 1 expansions in backtrace; use -fmacro-backtrace-limit=0 to see all)
vendor/picotls/include/picotls.h:1290:13: note: expanded from macro 'ptls_buffer_push_block'
 1290 |             block                                                                                                                  \
      |             ^~~~~
vendor/picotls/include/picotls.h:1334:41: note: expanded from macro 'ptls_buffer_push_message_body'
 1334 |         ptls_buffer_push_block(_buf, 3, block);                                                                                    \
      |                                         ^~~~~
vendor/picotls/include/picotls.h:1290:13: note: expanded from macro 'ptls_buffer_push_block'
 1290 |             block                                                                                                                  \
      |             ^~~~~
vendor/picotls/lib/picotls.c:2314:21: warning: comparison of integers of different signs: 'size_t' (aka 'unsigned long') and 'int' [-Wsign-compare]
 2314 |                     ptls_buffer_push_block(sendbuf, 2, {
      |                     ^~~~~~~~~~~~~~~~~~~~~~~~~~~~~~~~~~~~
 2315 |                         ptls_buffer_push_block(sendbuf, 2, {
      |                         ~~~~~~~~~~~~~~~~~~~~~~~~~~~~~~~~~~~~
 2316 |                             if (mode == ENCODE_CH_MODE_OUTER && ech->state != PTLS_ECH_STATE_GREASE) {
      |                             ~~~~~~~~~~~~~~~~~~~~~~~~~~~~~~~~~~~~~~~~~~~~~~~~~~~~~~~~~~~~~~~~~~~~~~~~~~
 2317 |                                 if ((ret = ptls_buffer_reserve(sendbuf, psk_identity.len)) != 0)
      |                                 ~~~~~~~~~~~~~~~~~~~~~~~~~~~~~~~~~~~~~~~~~~~~~~~~~~~~~~~~~~~~~~~~
 2318 |                                     goto Exit;
      |                                     ~~~~~~~~~~
 2319 |                                 ctx->random_bytes(sendbuf->base + sendbuf->off, psk_identity.len);
      |                                 ~~~~~~~~~~~~~~~~~~~~~~~~~~~~~~~~~~~~~~~~~~~~~~~~~~~~~~~~~~~~~~~~~~
 2320 |                                 sendbuf->off += psk_identity.len;
      |                                 ~~~~~~~~~~~~~~~~~~~~~~~~~~~~~~~~~
 2321 |                             } else {
      |                             ~~~~~~~~
 2322 |                                 ptls_buffer_pushv(sendbuf, psk_identity.base, psk_identity.len);
      |                                 ~~~~~~~~~~~~~~~~~~~~~~~~~~~~~~~~~~~~~~~~~~~~~~~~~~~~~~~~~~~~~~~~
 2323 |                             }
      |                             ~
 2324 |                         });
      |                         ~~~
 2325 |                         uint32_t age;
      |                         ~~~~~~~~~~~~~
 2326 |                         if (mode == ENCODE_CH_MODE_OUTER && ech->state != PTLS_ECH_STATE_GREASE) {
      |                         ~~~~~~~~~~~~~~~~~~~~~~~~~~~~~~~~~~~~~~~~~~~~~~~~~~~~~~~~~~~~~~~~~~~~~~~~~~
 2327 |                             ctx->random_bytes(&age, sizeof(age));
      |                             ~~~~~~~~~~~~~~~~~~~~~~~~~~~~~~~~~~~~~
 2328 |                         } else {
      |                         ~~~~~~~~
 2329 |                             age = obfuscated_ticket_age;
      |                             ~~~~~~~~~~~~~~~~~~~~~~~~~~~~
vendor/picotls/include/picotls.h:1293:22: note: expanded from macro 'ptls_buffer_push_block'
 1293 |         if (capacity != -1) {                                                                                                      \
      |             ~~~~~~~~ ^  ~~
vendor/picotls/lib/picotls.c:894:42: note: expanded from macro 'buffer_push_extension'
  894 |         ptls_buffer_push_block((buf), 2, block);                                                                                   \
      |                                          ^~~~~
vendor/picotls/include/picotls.h:1290:13: note: expanded from macro 'ptls_buffer_push_block'
 1290 |             block                                                                                                                  \
      |             ^~~~~
vendor/picotls/include/picotls.h:1290:13: note: expanded from macro 'ptls_buffer_push_block'
 1290 |             block                                                                                                                  \
      |             ^~~~~
vendor/picotls/include/picotls.h:1334:41: note: expanded from macro 'ptls_buffer_push_message_body'
 1334 |         ptls_buffer_push_block(_buf, 3, block);                                                                                    \
      |                                         ^~~~~
vendor/picotls/include/picotls.h:1290:13: note: expanded from macro 'ptls_buffer_push_block'
 1290 |             block                                                                                                                  \
      |             ^~~~~
vendor/picotls/lib/picotls.c:2335:21: warning: comparison of integers of different signs: 'size_t' (aka 'unsigned long') and 'int' [-Wsign-compare]
 2335 |                     ptls_buffer_push_block(sendbuf, 2, {
      |                     ^~~~~~~~~~~~~~~~~~~~~~~~~~~~~~~~~~~~
 2336 |                         ptls_buffer_push_block(sendbuf, 1, {
      |                         ~~~~~~~~~~~~~~~~~~~~~~~~~~~~~~~~~~~~
 2337 |                             if ((ret = ptls_buffer_reserve(sendbuf, psk_binder_size)) != 0)
      |                             ~~~~~~~~~~~~~~~~~~~~~~~~~~~~~~~~~~~~~~~~~~~~~~~~~~~~~~~~~~~~~~~
 2338 |                                 goto Exit;
      |                                 ~~~~~~~~~~
 2339 |                             ctx->random_bytes(sendbuf->base + sendbuf->off, psk_binder_size);
      |                             ~~~~~~~~~~~~~~~~~~~~~~~~~~~~~~~~~~~~~~~~~~~~~~~~~~~~~~~~~~~~~~~~~
 2340 |                             sendbuf->off += psk_binder_size;
      |                             ~~~~~~~~~~~~~~~~~~~~~~~~~~~~~~~~
 2341 |                         });
      |                         ~~~
 2342 |                     });
      |                     ~~
vendor/picotls/include/picotls.h:1287:72: note: expanded from macro 'ptls_buffer_push_block'
 1287 |         ptls_buffer_pushv((buf), (uint8_t *)"\0\0\0\0\0\0\0", capacity != -1 ? capacity : 1);                                      \
      |                                                               ~~~~~~~~ ^  ~~
vendor/picotls/include/picotls.h:1241:57: note: expanded from macro 'ptls_buffer_pushv'
 1241 |         if ((ret = ptls_buffer__do_pushv((buf), (src), (len))) != 0)                                                               \
      |                                                         ^~~
vendor/picotls/lib/picotls.c:894:42: note: expanded from macro 'buffer_push_extension'
  894 |         ptls_buffer_push_block((buf), 2, block);                                                                                   \
      |                                          ^~~~~
note: (skipping 1 expansions in backtrace; use -fmacro-backtrace-limit=0 to see all)
vendor/picotls/include/picotls.h:1290:13: note: expanded from macro 'ptls_buffer_push_block'
 1290 |             block                                                                                                                  \
      |             ^~~~~
vendor/picotls/include/picotls.h:1334:41: note: expanded from macro 'ptls_buffer_push_message_body'
 1334 |         ptls_buffer_push_block(_buf, 3, block);                                                                                    \
      |                                         ^~~~~
vendor/picotls/include/picotls.h:1290:13: note: expanded from macro 'ptls_buffer_push_block'
 1290 |             block                                                                                                                  \
      |             ^~~~~
vendor/picotls/lib/picotls.c:2336:25: warning: comparison of integers of different signs: 'size_t' (aka 'unsigned long') and 'int' [-Wsign-compare]
 2336 |                         ptls_buffer_push_block(sendbuf, 1, {
      |                         ^~~~~~~~~~~~~~~~~~~~~~~~~~~~~~~~~~~~
 2337 |                             if ((ret = ptls_buffer_reserve(sendbuf, psk_binder_size)) != 0)
      |                             ~~~~~~~~~~~~~~~~~~~~~~~~~~~~~~~~~~~~~~~~~~~~~~~~~~~~~~~~~~~~~~~
 2338 |                                 goto Exit;
      |                                 ~~~~~~~~~~
 2339 |                             ctx->random_bytes(sendbuf->base + sendbuf->off, psk_binder_size);
      |                             ~~~~~~~~~~~~~~~~~~~~~~~~~~~~~~~~~~~~~~~~~~~~~~~~~~~~~~~~~~~~~~~~~
 2340 |                             sendbuf->off += psk_binder_size;
      |                             ~~~~~~~~~~~~~~~~~~~~~~~~~~~~~~~~
 2341 |                         });
      |                         ~~
vendor/picotls/include/picotls.h:1287:72: note: expanded from macro 'ptls_buffer_push_block'
 1287 |         ptls_buffer_pushv((buf), (uint8_t *)"\0\0\0\0\0\0\0", capacity != -1 ? capacity : 1);                                      \
      |                                                               ~~~~~~~~ ^  ~~
vendor/picotls/include/picotls.h:1241:57: note: expanded from macro 'ptls_buffer_pushv'
 1241 |         if ((ret = ptls_buffer__do_pushv((buf), (src), (len))) != 0)                                                               \
      |                                                         ^~~
vendor/picotls/include/picotls.h:1290:13: note: expanded from macro 'ptls_buffer_push_block'
 1290 |             block                                                                                                                  \
      |             ^~~~~
note: (skipping 2 expansions in backtrace; use -fmacro-backtrace-limit=0 to see all)
vendor/picotls/include/picotls.h:1290:13: note: expanded from macro 'ptls_buffer_push_block'
 1290 |             block                                                                                                                  \
      |             ^~~~~
vendor/picotls/include/picotls.h:1334:41: note: expanded from macro 'ptls_buffer_push_message_body'
 1334 |         ptls_buffer_push_block(_buf, 3, block);                                                                                    \
      |                                         ^~~~~
vendor/picotls/include/picotls.h:1290:13: note: expanded from macro 'ptls_buffer_push_block'
 1290 |             block                                                                                                                  \
      |             ^~~~~
vendor/picotls/lib/picotls.c:2336:25: warning: comparison of integers of different signs: 'size_t' (aka 'unsigned long') and 'int' [-Wsign-compare]
 2336 |                         ptls_buffer_push_block(sendbuf, 1, {
      |                         ^~~~~~~~~~~~~~~~~~~~~~~~~~~~~~~~~~~~
 2337 |                             if ((ret = ptls_buffer_reserve(sendbuf, psk_binder_size)) != 0)
      |                             ~~~~~~~~~~~~~~~~~~~~~~~~~~~~~~~~~~~~~~~~~~~~~~~~~~~~~~~~~~~~~~~
 2338 |                                 goto Exit;
      |                                 ~~~~~~~~~~
 2339 |                             ctx->random_bytes(sendbuf->base + sendbuf->off, psk_binder_size);
      |                             ~~~~~~~~~~~~~~~~~~~~~~~~~~~~~~~~~~~~~~~~~~~~~~~~~~~~~~~~~~~~~~~~~
 2340 |                             sendbuf->off += psk_binder_size;
      |                             ~~~~~~~~~~~~~~~~~~~~~~~~~~~~~~~~
 2341 |                         });
      |                         ~~
vendor/picotls/include/picotls.h:1293:22: note: expanded from macro 'ptls_buffer_push_block'
 1293 |         if (capacity != -1) {                                                                                                      \
      |             ~~~~~~~~ ^  ~~
vendor/picotls/include/picotls.h:1290:13: note: expanded from macro 'ptls_buffer_push_block'
 1290 |             block                                                                                                                  \
      |             ^~~~~
vendor/picotls/lib/picotls.c:894:42: note: expanded from macro 'buffer_push_extension'
  894 |         ptls_buffer_push_block((buf), 2, block);                                                                                   \
      |                                          ^~~~~
note: (skipping 1 expansions in backtrace; use -fmacro-backtrace-limit=0 to see all)
vendor/picotls/include/picotls.h:1290:13: note: expanded from macro 'ptls_buffer_push_block'
 1290 |             block                                                                                                                  \
      |             ^~~~~
vendor/picotls/include/picotls.h:1334:41: note: expanded from macro 'ptls_buffer_push_message_body'
 1334 |         ptls_buffer_push_block(_buf, 3, block);                                                                                    \
      |                                         ^~~~~
vendor/picotls/include/picotls.h:1290:13: note: expanded from macro 'ptls_buffer_push_block'
 1290 |             block                                                                                                                  \
      |             ^~~~~
vendor/picotls/lib/picotls.c:2335:21: warning: comparison of integers of different signs: 'size_t' (aka 'unsigned long') and 'int' [-Wsign-compare]
 2335 |                     ptls_buffer_push_block(sendbuf, 2, {
      |                     ^~~~~~~~~~~~~~~~~~~~~~~~~~~~~~~~~~~~
 2336 |                         ptls_buffer_push_block(sendbuf, 1, {
      |                         ~~~~~~~~~~~~~~~~~~~~~~~~~~~~~~~~~~~~
 2337 |                             if ((ret = ptls_buffer_reserve(sendbuf, psk_binder_size)) != 0)
      |                             ~~~~~~~~~~~~~~~~~~~~~~~~~~~~~~~~~~~~~~~~~~~~~~~~~~~~~~~~~~~~~~~
 2338 |                                 goto Exit;
      |                                 ~~~~~~~~~~
 2339 |                             ctx->random_bytes(sendbuf->base + sendbuf->off, psk_binder_size);
      |                             ~~~~~~~~~~~~~~~~~~~~~~~~~~~~~~~~~~~~~~~~~~~~~~~~~~~~~~~~~~~~~~~~~
 2340 |                             sendbuf->off += psk_binder_size;
      |                             ~~~~~~~~~~~~~~~~~~~~~~~~~~~~~~~~
 2341 |                         });
      |                         ~~~
 2342 |                     });
      |                     ~~
vendor/picotls/include/picotls.h:1293:22: note: expanded from macro 'ptls_buffer_push_block'
 1293 |         if (capacity != -1) {                                                                                                      \
      |             ~~~~~~~~ ^  ~~
vendor/picotls/lib/picotls.c:894:42: note: expanded from macro 'buffer_push_extension'
  894 |         ptls_buffer_push_block((buf), 2, block);                                                                                   \
      |                                          ^~~~~
vendor/picotls/include/picotls.h:1290:13: note: expanded from macro 'ptls_buffer_push_block'
 1290 |             block                                                                                                                  \
      |             ^~~~~
vendor/picotls/include/picotls.h:1290:13: note: expanded from macro 'ptls_buffer_push_block'
 1290 |             block                                                                                                                  \
      |             ^~~~~
vendor/picotls/include/picotls.h:1334:41: note: expanded from macro 'ptls_buffer_push_message_body'
 1334 |         ptls_buffer_push_block(_buf, 3, block);                                                                                    \
      |                                         ^~~~~
vendor/picotls/include/picotls.h:1290:13: note: expanded from macro 'ptls_buffer_push_block'
 1290 |             block                                                                                                                  \
      |             ^~~~~
vendor/picotls/lib/picotls.c:2313:17: warning: comparison of integers of different signs: 'size_t' (aka 'unsigned long') and 'int' [-Wsign-compare]
 2313 |                 buffer_push_extension(sendbuf, PTLS_EXTENSION_TYPE_PRE_SHARED_KEY, {
      |                 ^~~~~~~~~~~~~~~~~~~~~~~~~~~~~~~~~~~~~~~~~~~~~~~~~~~~~~~~~~~~~~~~~~~~
 2314 |                     ptls_buffer_push_block(sendbuf, 2, {
      |                     ~~~~~~~~~~~~~~~~~~~~~~~~~~~~~~~~~~~~
 2315 |                         ptls_buffer_push_block(sendbuf, 2, {
      |                         ~~~~~~~~~~~~~~~~~~~~~~~~~~~~~~~~~~~~
 2316 |                             if (mode == ENCODE_CH_MODE_OUTER && ech->state != PTLS_ECH_STATE_GREASE) {
      |                             ~~~~~~~~~~~~~~~~~~~~~~~~~~~~~~~~~~~~~~~~~~~~~~~~~~~~~~~~~~~~~~~~~~~~~~~~~~
 2317 |                                 if ((ret = ptls_buffer_reserve(sendbuf, psk_identity.len)) != 0)
      |                                 ~~~~~~~~~~~~~~~~~~~~~~~~~~~~~~~~~~~~~~~~~~~~~~~~~~~~~~~~~~~~~~~~
 2318 |                                     goto Exit;
      |                                     ~~~~~~~~~~
 2319 |                                 ctx->random_bytes(sendbuf->base + sendbuf->off, psk_identity.len);
      |                                 ~~~~~~~~~~~~~~~~~~~~~~~~~~~~~~~~~~~~~~~~~~~~~~~~~~~~~~~~~~~~~~~~~~
 2320 |                                 sendbuf->off += psk_identity.len;
      |                                 ~~~~~~~~~~~~~~~~~~~~~~~~~~~~~~~~~
 2321 |                             } else {
      |                             ~~~~~~~~
 2322 |                                 ptls_buffer_pushv(sendbuf, psk_identity.base, psk_identity.len);
      |                                 ~~~~~~~~~~~~~~~~~~~~~~~~~~~~~~~~~~~~~~~~~~~~~~~~~~~~~~~~~~~~~~~~
 2323 |                             }
      |                             ~
 2324 |                         });
      |                         ~~~
 2325 |                         uint32_t age;
      |                         ~~~~~~~~~~~~~
 2326 |                         if (mode == ENCODE_CH_MODE_OUTER && ech->state != PTLS_ECH_STATE_GREASE) {
      |                         ~~~~~~~~~~~~~~~~~~~~~~~~~~~~~~~~~~~~~~~~~~~~~~~~~~~~~~~~~~~~~~~~~~~~~~~~~~
 2327 |                             ctx->random_bytes(&age, sizeof(age));
      |                             ~~~~~~~~~~~~~~~~~~~~~~~~~~~~~~~~~~~~~
 2328 |                         } else {
      |                         ~~~~~~~~
vendor/picotls/lib/picotls.c:894:9: note: expanded from macro 'buffer_push_extension'
  894 |         ptls_buffer_push_block((buf), 2, block);                                                                                   \
      |         ^~~~~~~~~~~~~~~~~~~~~~~~~~~~~~~~~~~~~~~
vendor/picotls/include/picotls.h:1293:22: note: expanded from macro 'ptls_buffer_push_block'
 1293 |         if (capacity != -1) {                                                                                                      \
      |             ~~~~~~~~ ^  ~~
vendor/picotls/include/picotls.h:1290:13: note: expanded from macro 'ptls_buffer_push_block'
 1290 |             block                                                                                                                  \
      |             ^~~~~
vendor/picotls/include/picotls.h:1334:41: note: expanded from macro 'ptls_buffer_push_message_body'
 1334 |         ptls_buffer_push_block(_buf, 3, block);                                                                                    \
      |                                         ^~~~~
vendor/picotls/include/picotls.h:1290:13: note: expanded from macro 'ptls_buffer_push_block'
 1290 |             block                                                                                                                  \
      |             ^~~~~
vendor/picotls/lib/picotls.c:2190:9: warning: comparison of integers of different signs: 'size_t' (aka 'unsigned long') and 'int' [-Wsign-compare]
 2190 |         ptls_buffer_push_block(sendbuf, 2, {
      |         ^~~~~~~~~~~~~~~~~~~~~~~~~~~~~~~~~~~~
 2191 |             if (mode == ENCODE_CH_MODE_OUTER) {
      |             ~~~~~~~~~~~~~~~~~~~~~~~~~~~~~~~~~~~
 2192 |                 buffer_push_extension(sendbuf, PTLS_EXTENSION_TYPE_ENCRYPTED_CLIENT_HELLO, {
      |                 ~~~~~~~~~~~~~~~~~~~~~~~~~~~~~~~~~~~~~~~~~~~~~~~~~~~~~~~~~~~~~~~~~~~~~~~~~~~~
 2193 |                     size_t ext_payload_from = sendbuf->off;
      |                     ~~~~~~~~~~~~~~~~~~~~~~~~~~~~~~~~~~~~~~~
 2194 |                     ptls_buffer_push(sendbuf, PTLS_ECH_CLIENT_HELLO_TYPE_OUTER);
      |                     ~~~~~~~~~~~~~~~~~~~~~~~~~~~~~~~~~~~~~~~~~~~~~~~~~~~~~~~~~~~~
 2195 |                     ptls_buffer_push16(sendbuf, ech->cipher->id.kdf);
      |                     ~~~~~~~~~~~~~~~~~~~~~~~~~~~~~~~~~~~~~~~~~~~~~~~~~
 2196 |                     ptls_buffer_push16(sendbuf, ech->cipher->id.aead);
      |                     ~~~~~~~~~~~~~~~~~~~~~~~~~~~~~~~~~~~~~~~~~~~~~~~~~~
 2197 |                     ptls_buffer_push(sendbuf, ech->config_id);
      |                     ~~~~~~~~~~~~~~~~~~~~~~~~~~~~~~~~~~~~~~~~~~
 2198 |                     ptls_buffer_push_block(sendbuf, 2, {
      |                     ~~~~~~~~~~~~~~~~~~~~~~~~~~~~~~~~~~~~
 2199 |                         if (!is_second_flight)
      |                         ~~~~~~~~~~~~~~~~~~~~~~
 2200 |                             ptls_buffer_pushv(sendbuf, ech->client.enc.base, ech->client.enc.len);
      |                             ~~~~~~~~~~~~~~~~~~~~~~~~~~~~~~~~~~~~~~~~~~~~~~~~~~~~~~~~~~~~~~~~~~~~~~
 2201 |                     });
      |                     ~~~
 2202 |                     ptls_buffer_push_block(sendbuf, 2, {
      |                     ~~~~~~~~~~~~~~~~~~~~~~~~~~~~~~~~~~~~
 2203 |                         assert(sendbuf->off - ext_payload_from ==
      |                         ~~~~~~~~~~~~~~~~~~~~~~~~~~~~~~~~~~~~~~~~~
 2204 |                                outer_ech_header_size(is_second_flight ? 0 : ech->client.enc.len));
      |                                ~~~~~~~~~~~~~~~~~~~~~~~~~~~~~~~~~~~~~~~~~~~~~~~~~~~~~~~~~~~~~~~~~~~
 2205 |                         if ((ret = ptls_buffer_reserve(sendbuf, *ech_size_offset)) != 0)
      |                         ~~~~~~~~~~~~~~~~~~~~~~~~~~~~~~~~~~~~~~~~~~~~~~~~~~~~~~~~~~~~~~~~
vendor/picotls/include/picotls.h:1293:22: note: expanded from macro 'ptls_buffer_push_block'
 1293 |         if (capacity != -1) {                                                                                                      \
      |             ~~~~~~~~ ^  ~~
vendor/picotls/include/picotls.h:1334:41: note: expanded from macro 'ptls_buffer_push_message_body'
 1334 |         ptls_buffer_push_block(_buf, 3, block);                                                                                    \
      |                                         ^~~~~
vendor/picotls/include/picotls.h:1290:13: note: expanded from macro 'ptls_buffer_push_block'
 1290 |             block                                                                                                                  \
      |             ^~~~~
vendor/picotls/lib/picotls.c:2171:5: warning: comparison of integers of different signs: 'size_t' (aka 'unsigned long') and 'int' [-Wsign-compare]
 2171 |     ptls_buffer_push_message_body(sendbuf, NULL, PTLS_HANDSHAKE_TYPE_CLIENT_HELLO, {
      |     ^~~~~~~~~~~~~~~~~~~~~~~~~~~~~~~~~~~~~~~~~~~~~~~~~~~~~~~~~~~~~~~~~~~~~~~~~~~~~~~~
 2172 |         /* legacy_version */
      |         ~~~~~~~~~~~~~~~~~~~~
 2173 |         ptls_buffer_push16(sendbuf, 0x0303);
      |         ~~~~~~~~~~~~~~~~~~~~~~~~~~~~~~~~~~~~
 2174 |         /* random_bytes */
      |         ~~~~~~~~~~~~~~~~~~
 2175 |         ptls_buffer_pushv(sendbuf, client_random, PTLS_HELLO_RANDOM_SIZE);
      |         ~~~~~~~~~~~~~~~~~~~~~~~~~~~~~~~~~~~~~~~~~~~~~~~~~~~~~~~~~~~~~~~~~~
 2176 |         /* lecagy_session_id */
      |         ~~~~~~~~~~~~~~~~~~~~~~~
 2177 |         ptls_buffer_push_block(sendbuf, 1, {
      |         ~~~~~~~~~~~~~~~~~~~~~~~~~~~~~~~~~~~~
 2178 |             if (mode != ENCODE_CH_MODE_ENCODED_INNER)
      |             ~~~~~~~~~~~~~~~~~~~~~~~~~~~~~~~~~~~~~~~~~
 2179 |                 ptls_buffer_pushv(sendbuf, legacy_session_id.base, legacy_session_id.len);
      |                 ~~~~~~~~~~~~~~~~~~~~~~~~~~~~~~~~~~~~~~~~~~~~~~~~~~~~~~~~~~~~~~~~~~~~~~~~~~
 2180 |         });
      |         ~~~
 2181 |         /* cipher_suites */
      |         ~~~~~~~~~~~~~~~~~~~
 2182 |         ptls_buffer_push_block(sendbuf, 2, {
      |         ~~~~~~~~~~~~~~~~~~~~~~~~~~~~~~~~~~~~
 2183 |             ptls_cipher_suite_t **cs = ctx->cipher_suites;
      |             ~~~~~~~~~~~~~~~~~~~~~~~~~~~~~~~~~~~~~~~~~~~~~~
 2184 |             for (; *cs != NULL; ++cs)
      |             ~~~~~~~~~~~~~~~~~~~~~~~~~
 2185 |                 ptls_buffer_push16(sendbuf, (*cs)->id);
      |                 ~~~~~~~~~~~~~~~~~~~~~~~~~~~~~~~~~~~~~~~
 2186 |         });
      |         ~~~
vendor/picotls/include/picotls.h:1334:9: note: expanded from macro 'ptls_buffer_push_message_body'
 1334 |         ptls_buffer_push_block(_buf, 3, block);                                                                                    \
      |         ^~~~~~~~~~~~~~~~~~~~~~~~~~~~~~~~~~~~~~
vendor/picotls/include/picotls.h:1293:22: note: expanded from macro 'ptls_buffer_push_block'
 1293 |         if (capacity != -1) {                                                                                                      \
      |             ~~~~~~~~ ^  ~~
vendor/picotls/lib/picotls.c:2381:19: warning: missing field 'len' initializer [-Wmissing-field-initializers]
 2381 |     } psk = {{NULL}};
      |                   ^
vendor/picotls/lib/picotls.c:2381:20: warning: missing field 'identity' initializer [-Wmissing-field-initializers]
 2381 |     } psk = {{NULL}};
      |                    ^
vendor/picotls/lib/picotls.c:2632:46: warning: missing field 'legacy_session_id' initializer [-Wmissing-field-initializers]
 2632 |     *sh = (struct st_ptls_server_hello_t){{0}};
      |                                              ^
vendor/picotls/lib/picotls.c:2654:5: warning: comparison of integers of different signs: 'size_t' (aka 'unsigned long') and 'int' [-Wsign-compare]
 2654 |     ptls_decode_open_block(src, end, 1, {
      |     ^~~~~~~~~~~~~~~~~~~~~~~~~~~~~~~~~~~~~
 2655 |         if (end - src > 32) {
      |         ~~~~~~~~~~~~~~~~~~~~~
 2656 |             ret = PTLS_ALERT_DECODE_ERROR;
      |             ~~~~~~~~~~~~~~~~~~~~~~~~~~~~~~
 2657 |             goto Exit;
      |             ~~~~~~~~~~
 2658 |         }
      |         ~
 2659 |         sh->legacy_session_id = ptls_iovec_init(src, end - src);
      |         ~~~~~~~~~~~~~~~~~~~~~~~~~~~~~~~~~~~~~~~~~~~~~~~~~~~~~~~~
 2660 |         src = end;
      |         ~~~~~~~~~~
 2661 |     });
      |     ~~
vendor/picotls/include/picotls.h:1360:23: note: expanded from macro 'ptls_decode_open_block'
 1360 |         if (_capacity == -1) {                                                                                                     \
      |             ~~~~~~~~~ ^  ~~
vendor/picotls/lib/picotls.c:2695:5: warning: comparison of integers of different signs: 'size_t' (aka 'unsigned long') and 'int' [-Wsign-compare]
 2695 |     decode_extensions(src, end, sh->is_retry_request ? PTLS_HANDSHAKE_TYPE_PSEUDO_HRR : PTLS_HANDSHAKE_TYPE_SERVER_HELLO, &exttype,
      |     ^~~~~~~~~~~~~~~~~~~~~~~~~~~~~~~~~~~~~~~~~~~~~~~~~~~~~~~~~~~~~~~~~~~~~~~~~~~~~~~~~~~~~~~~~~~~~~~~~~~~~~~~~~~~~~~~~~~~~~~~~~~~~~~
 2696 |                       {
      |                       ~
 2697 |                           if (tls->ctx->on_extension != NULL &&
      |                           ~~~~~~~~~~~~~~~~~~~~~~~~~~~~~~~~~~~~~
 2698 |                               (ret = tls->ctx->on_extension->cb(tls->ctx->on_extension, tls, PTLS_HANDSHAKE_TYPE_SERVER_HELLO,
      |                               ~~~~~~~~~~~~~~~~~~~~~~~~~~~~~~~~~~~~~~~~~~~~~~~~~~~~~~~~~~~~~~~~~~~~~~~~~~~~~~~~~~~~~~~~~~~~~~~~
 2699 |                                                                 exttype, ptls_iovec_init(src, end - src)) != 0))
      |                                                                 ~~~~~~~~~~~~~~~~~~~~~~~~~~~~~~~~~~~~~~~~~~~~~~~~
 2700 |                               goto Exit;
      |                               ~~~~~~~~~~
 2701 |                           switch (exttype) {
      |                           ~~~~~~~~~~~~~~~~~~
 2702 |                           case PTLS_EXTENSION_TYPE_SUPPORTED_VERSIONS:
      |                           ~~~~~~~~~~~~~~~~~~~~~~~~~~~~~~~~~~~~~~~~~~~~
 2703 |                               if ((ret = ptls_decode16(&found_version, &src, end)) != 0)
      |                               ~~~~~~~~~~~~~~~~~~~~~~~~~~~~~~~~~~~~~~~~~~~~~~~~~~~~~~~~~~
 2704 |                                   goto Exit;
      |                                   ~~~~~~~~~~
 2705 |                               break;
      |                               ~~~~~~
 2706 |                           case PTLS_EXTENSION_TYPE_KEY_SHARE:
      |                           ~~~~~~~~~~~~~~~~~~~~~~~~~~~~~~~~~~~
 2707 |                               if (tls->ctx->key_exchanges == NULL) {
      |                               ~~~~~~~~~~~~~~~~~~~~~~~~~~~~~~~~~~~~~~
 2708 |                                   ret = PTLS_ALERT_HANDSHAKE_FAILURE;
      |                                   ~~~~~~~~~~~~~~~~~~~~~~~~~~~~~~~~~~~
 2709 |                                   goto Exit;
      |                                   ~~~~~~~~~~
 2710 |                               }
      |                               ~
vendor/picotls/lib/picotls.c:915:9: note: expanded from macro 'decode_extensions'
  915 |         decode_open_extensions((src), end, hstype, exttype, block);                                                                \
      |         ^~~~~~~~~~~~~~~~~~~~~~~~~~~~~~~~~~~~~~~~~~~~~~~~~~~~~~~~~~
vendor/picotls/lib/picotls.c:900:9: note: expanded from macro 'decode_open_extensions'
  900 |         ptls_decode_open_block((src), end, 2, {                                                                                    \
      |         ^~~~~~~~~~~~~~~~~~~~~~~~~~~~~~~~~~~~~~~~~~~~~~~~~~~~~~~~~~~~~~~~~~~~~~~~~~~~~~~~~~~~~~~~~~~~~~~~~~~~~~~~~~~~~~~~~~~~~~~~~~~~
  901 |             while ((src) != end) {                                                                                                 \
      |             ~~~~~~~~~~~~~~~~~~~~~~~~~~~~~~~~~~~~~~~~~~~~~~~~~~~~~~~~~~~~~~~~~~~~~~~~~~~~~~~~~~~~~~~~~~~~~~~~~~~~~~~~~~~~~~~~~~~~~~~~
  902 |                 if ((ret = ptls_decode16((exttype), &(src), end)) != 0)                                                            \
      |                 ~~~~~~~~~~~~~~~~~~~~~~~~~~~~~~~~~~~~~~~~~~~~~~~~~~~~~~~~~~~~~~~~~~~~~~~~~~~~~~~~~~~~~~~~~~~~~~~~~~~~~~~~~~~~~~~~~~~~
  903 |                     goto Exit;                                                                                                     \
      |                     ~~~~~~~~~~~~~~~~~~~~~~~~~~~~~~~~~~~~~~~~~~~~~~~~~~~~~~~~~~~~~~~~~~~~~~~~~~~~~~~~~~~~~~~~~~~~~~~~~~~~~~~~~~~~~~~~
  904 |                 if (!extension_bitmap_testandset(&bitmap, (hstype), *(exttype))) {                                                 \
      |                 ~~~~~~~~~~~~~~~~~~~~~~~~~~~~~~~~~~~~~~~~~~~~~~~~~~~~~~~~~~~~~~~~~~~~~~~~~~~~~~~~~~~~~~~~~~~~~~~~~~~~~~~~~~~~~~~~~~~~
  905 |                     ret = PTLS_ALERT_ILLEGAL_PARAMETER;                                                                            \
      |                     ~~~~~~~~~~~~~~~~~~~~~~~~~~~~~~~~~~~~~~~~~~~~~~~~~~~~~~~~~~~~~~~~~~~~~~~~~~~~~~~~~~~~~~~~~~~~~~~~~~~~~~~~~~~~~~~~
  906 |                     goto Exit;                                                                                                     \
      |                     ~~~~~~~~~~~~~~~~~~~~~~~~~~~~~~~~~~~~~~~~~~~~~~~~~~~~~~~~~~~~~~~~~~~~~~~~~~~~~~~~~~~~~~~~~~~~~~~~~~~~~~~~~~~~~~~~
  907 |                 }                                                                                                                  \
      |                 ~~~~~~~~~~~~~~~~~~~~~~~~~~~~~~~~~~~~~~~~~~~~~~~~~~~~~~~~~~~~~~~~~~~~~~~~~~~~~~~~~~~~~~~~~~~~~~~~~~~~~~~~~~~~~~~~~~~~
  908 |                 ptls_decode_open_block((src), end, 2, block);                                                                      \
      |                 ~~~~~~~~~~~~~~~~~~~~~~~~~~~~~~~~~~~~~~~~~~~~~~~~~~~~~~~~~~~~~~~~~~~~~~~~~~~~~~~~~~~~~~~~~~~~~~~~~~~~~~~~~~~~~~~~~~~~
  909 |             }                                                                                                                      \
      |             ~~~~~~~~~~~~~~~~~~~~~~~~~~~~~~~~~~~~~~~~~~~~~~~~~~~~~~~~~~~~~~~~~~~~~~~~~~~~~~~~~~~~~~~~~~~~~~~~~~~~~~~~~~~~~~~~~~~~~~~~
  910 |         });                                                                                                                        \
      |         ~~
vendor/picotls/include/picotls.h:1360:23: note: expanded from macro 'ptls_decode_open_block'
 1360 |         if (_capacity == -1) {                                                                                                     \
      |             ~~~~~~~~~ ^  ~~
vendor/picotls/lib/picotls.c:2695:5: warning: comparison of integers of different signs: 'size_t' (aka 'unsigned long') and 'int' [-Wsign-compare]
 2695 |     decode_extensions(src, end, sh->is_retry_request ? PTLS_HANDSHAKE_TYPE_PSEUDO_HRR : PTLS_HANDSHAKE_TYPE_SERVER_HELLO, &exttype,
      |     ^~~~~~~~~~~~~~~~~~~~~~~~~~~~~~~~~~~~~~~~~~~~~~~~~~~~~~~~~~~~~~~~~~~~~~~~~~~~~~~~~~~~~~~~~~~~~~~~~~~~~~~~~~~~~~~~~~~~~~~~~~~~~~~
 2696 |                       {
      |                       ~
 2697 |                           if (tls->ctx->on_extension != NULL &&
      |                           ~~~~~~~~~~~~~~~~~~~~~~~~~~~~~~~~~~~~~
 2698 |                               (ret = tls->ctx->on_extension->cb(tls->ctx->on_extension, tls, PTLS_HANDSHAKE_TYPE_SERVER_HELLO,
      |                               ~~~~~~~~~~~~~~~~~~~~~~~~~~~~~~~~~~~~~~~~~~~~~~~~~~~~~~~~~~~~~~~~~~~~~~~~~~~~~~~~~~~~~~~~~~~~~~~~
 2699 |                                                                 exttype, ptls_iovec_init(src, end - src)) != 0))
      |                                                                 ~~~~~~~~~~~~~~~~~~~~~~~~~~~~~~~~~~~~~~~~~~~~~~~~
 2700 |                               goto Exit;
      |                               ~~~~~~~~~~
 2701 |                           switch (exttype) {
      |                           ~~~~~~~~~~~~~~~~~~
 2702 |                           case PTLS_EXTENSION_TYPE_SUPPORTED_VERSIONS:
      |                           ~~~~~~~~~~~~~~~~~~~~~~~~~~~~~~~~~~~~~~~~~~~~
 2703 |                               if ((ret = ptls_decode16(&found_version, &src, end)) != 0)
      |                               ~~~~~~~~~~~~~~~~~~~~~~~~~~~~~~~~~~~~~~~~~~~~~~~~~~~~~~~~~~
 2704 |                                   goto Exit;
      |                                   ~~~~~~~~~~
 2705 |                               break;
      |                               ~~~~~~
 2706 |                           case PTLS_EXTENSION_TYPE_KEY_SHARE:
      |                           ~~~~~~~~~~~~~~~~~~~~~~~~~~~~~~~~~~~
 2707 |                               if (tls->ctx->key_exchanges == NULL) {
      |                               ~~~~~~~~~~~~~~~~~~~~~~~~~~~~~~~~~~~~~~
 2708 |                                   ret = PTLS_ALERT_HANDSHAKE_FAILURE;
      |                                   ~~~~~~~~~~~~~~~~~~~~~~~~~~~~~~~~~~~
 2709 |                                   goto Exit;
      |                                   ~~~~~~~~~~
 2710 |                               }
      |                               ~
vendor/picotls/lib/picotls.c:915:9: note: expanded from macro 'decode_extensions'
  915 |         decode_open_extensions((src), end, hstype, exttype, block);                                                                \
      |         ^~~~~~~~~~~~~~~~~~~~~~~~~~~~~~~~~~~~~~~~~~~~~~~~~~~~~~~~~~
vendor/picotls/lib/picotls.c:908:17: note: expanded from macro 'decode_open_extensions'
  908 |                 ptls_decode_open_block((src), end, 2, block);                                                                      \
      |                 ^~~~~~~~~~~~~~~~~~~~~~~~~~~~~~~~~~~~~~~~~~~~
vendor/picotls/include/picotls.h:1360:23: note: expanded from macro 'ptls_decode_open_block'
 1360 |         if (_capacity == -1) {                                                                                                     \
      |             ~~~~~~~~~ ^  ~~
vendor/picotls/include/picotls.h:1387:17: note: expanded from macro 'ptls_decode_open_block'
 1387 |                 block                                                                                                              \
      |                 ^~~~~
vendor/picotls/lib/picotls.c:2730:31: warning: comparison of integers of different signs: 'size_t' (aka 'unsigned long') and 'int' [-Wsign-compare]
 2730 |                               ptls_decode_block(src, end, 2, {
      |                               ^~~~~~~~~~~~~~~~~~~~~~~~~~~~~~~~
 2731 |                                   if (src == end) {
      |                                   ~~~~~~~~~~~~~~~~~
 2732 |                                       ret = PTLS_ALERT_DECODE_ERROR;
      |                                       ~~~~~~~~~~~~~~~~~~~~~~~~~~~~~~
 2733 |                                       goto Exit;
      |                                       ~~~~~~~~~~
 2734 |                                   }
      |                                   ~
 2735 |                                   sh->retry_request.cookie = ptls_iovec_init(src, end - src);
      |                                   ~~~~~~~~~~~~~~~~~~~~~~~~~~~~~~~~~~~~~~~~~~~~~~~~~~~~~~~~~~~
 2736 |                                   src = end;
      |                                   ~~~~~~~~~~
 2737 |                               });
      |                               ~~
vendor/picotls/include/picotls.h:1406:9: note: expanded from macro 'ptls_decode_block'
 1406 |         ptls_decode_open_block((src), end, capacity, block);                                                                       \
      |         ^~~~~~~~~~~~~~~~~~~~~~~~~~~~~~~~~~~~~~~~~~~~~~~~~~~
vendor/picotls/include/picotls.h:1360:23: note: expanded from macro 'ptls_decode_open_block'
 1360 |         if (_capacity == -1) {                                                                                                     \
      |             ~~~~~~~~~ ^  ~~
vendor/picotls/lib/picotls.c:915:61: note: expanded from macro 'decode_extensions'
  915 |         decode_open_extensions((src), end, hstype, exttype, block);                                                                \
      |                                                             ^~~~~
vendor/picotls/lib/picotls.c:908:55: note: expanded from macro 'decode_open_extensions'
  908 |                 ptls_decode_open_block((src), end, 2, block);                                                                      \
      |                                                       ^~~~~
vendor/picotls/include/picotls.h:1387:17: note: expanded from macro 'ptls_decode_open_block'
 1387 |                 block                                                                                                              \
      |                 ^~~~~
vendor/picotls/include/picotls.h:1387:17: note: expanded from macro 'ptls_decode_open_block'
 1387 |                 block                                                                                                              \
      |                 ^~~~~
vendor/picotls/lib/picotls.c:2875:37: warning: missing field 'len' initializer [-Wmissing-field-initializers]
 2875 |     ptls_iovec_t ecdh_secret = {NULL};
      |                                     ^
vendor/picotls/lib/picotls.c:3006:74: warning: missing field 'data' initializer [-Wmissing-field-initializers]
 3006 |     static const ptls_raw_extension_t no_unknown_extensions = {UINT16_MAX};
      |                                                                          ^
vendor/picotls/lib/picotls.c:3011:5: warning: comparison of integers of different signs: 'size_t' (aka 'unsigned long') and 'int' [-Wsign-compare]
 3011 |     decode_extensions(src, end, PTLS_HANDSHAKE_TYPE_ENCRYPTED_EXTENSIONS, &type, {
      |     ^~~~~~~~~~~~~~~~~~~~~~~~~~~~~~~~~~~~~~~~~~~~~~~~~~~~~~~~~~~~~~~~~~~~~~~~~~~~~~
 3012 |         if (tls->ctx->on_extension != NULL &&
      |         ~~~~~~~~~~~~~~~~~~~~~~~~~~~~~~~~~~~~~
 3013 |             (ret = tls->ctx->on_extension->cb(tls->ctx->on_extension, tls, PTLS_HANDSHAKE_TYPE_ENCRYPTED_EXTENSIONS, type,
      |             ~~~~~~~~~~~~~~~~~~~~~~~~~~~~~~~~~~~~~~~~~~~~~~~~~~~~~~~~~~~~~~~~~~~~~~~~~~~~~~~~~~~~~~~~~~~~~~~~~~~~~~~~~~~~~~
 3014 |                                               ptls_iovec_init(src, end - src)) != 0))
      |                                               ~~~~~~~~~~~~~~~~~~~~~~~~~~~~~~~~~~~~~~~
 3015 |             goto Exit;
      |             ~~~~~~~~~~
 3016 |         switch (type) {
      |         ~~~~~~~~~~~~~~~
 3017 |         case PTLS_EXTENSION_TYPE_SERVER_NAME:
      |         ~~~~~~~~~~~~~~~~~~~~~~~~~~~~~~~~~~~~~
 3018 |             if (src != end) {
      |             ~~~~~~~~~~~~~~~~~
 3019 |                 ret = PTLS_ALERT_DECODE_ERROR;
      |                 ~~~~~~~~~~~~~~~~~~~~~~~~~~~~~~
 3020 |                 goto Exit;
      |                 ~~~~~~~~~~
 3021 |             }
      |             ~
 3022 |             if (!(tls->server_name != NULL && !ptls_server_name_is_ipaddr(tls->server_name))) {
      |             ~~~~~~~~~~~~~~~~~~~~~~~~~~~~~~~~~~~~~~~~~~~~~~~~~~~~~~~~~~~~~~~~~~~~~~~~~~~~~~~~~~~
 3023 |                 ret = PTLS_ALERT_ILLEGAL_PARAMETER;
      |                 ~~~~~~~~~~~~~~~~~~~~~~~~~~~~~~~~~~~
 3024 |                 goto Exit;
      |                 ~~~~~~~~~~
 3025 |             }
      |             ~
 3026 |             break;
      |             ~~~~~~
vendor/picotls/lib/picotls.c:915:9: note: expanded from macro 'decode_extensions'
  915 |         decode_open_extensions((src), end, hstype, exttype, block);                                                                \
      |         ^~~~~~~~~~~~~~~~~~~~~~~~~~~~~~~~~~~~~~~~~~~~~~~~~~~~~~~~~~
vendor/picotls/lib/picotls.c:900:9: note: expanded from macro 'decode_open_extensions'
  900 |         ptls_decode_open_block((src), end, 2, {                                                                                    \
      |         ^~~~~~~~~~~~~~~~~~~~~~~~~~~~~~~~~~~~~~~~~~~~~~~~~~~~~~~~~~~~~~~~~~~~~~~~~~~~~~~~~~~~~~~~~~~~~~~~~~~~~~~~~~~~~~~~~~~~~~~~~~~~
  901 |             while ((src) != end) {                                                                                                 \
      |             ~~~~~~~~~~~~~~~~~~~~~~~~~~~~~~~~~~~~~~~~~~~~~~~~~~~~~~~~~~~~~~~~~~~~~~~~~~~~~~~~~~~~~~~~~~~~~~~~~~~~~~~~~~~~~~~~~~~~~~~~
  902 |                 if ((ret = ptls_decode16((exttype), &(src), end)) != 0)                                                            \
      |                 ~~~~~~~~~~~~~~~~~~~~~~~~~~~~~~~~~~~~~~~~~~~~~~~~~~~~~~~~~~~~~~~~~~~~~~~~~~~~~~~~~~~~~~~~~~~~~~~~~~~~~~~~~~~~~~~~~~~~
  903 |                     goto Exit;                                                                                                     \
      |                     ~~~~~~~~~~~~~~~~~~~~~~~~~~~~~~~~~~~~~~~~~~~~~~~~~~~~~~~~~~~~~~~~~~~~~~~~~~~~~~~~~~~~~~~~~~~~~~~~~~~~~~~~~~~~~~~~
  904 |                 if (!extension_bitmap_testandset(&bitmap, (hstype), *(exttype))) {                                                 \
      |                 ~~~~~~~~~~~~~~~~~~~~~~~~~~~~~~~~~~~~~~~~~~~~~~~~~~~~~~~~~~~~~~~~~~~~~~~~~~~~~~~~~~~~~~~~~~~~~~~~~~~~~~~~~~~~~~~~~~~~
  905 |                     ret = PTLS_ALERT_ILLEGAL_PARAMETER;                                                                            \
      |                     ~~~~~~~~~~~~~~~~~~~~~~~~~~~~~~~~~~~~~~~~~~~~~~~~~~~~~~~~~~~~~~~~~~~~~~~~~~~~~~~~~~~~~~~~~~~~~~~~~~~~~~~~~~~~~~~~
  906 |                     goto Exit;                                                                                                     \
      |                     ~~~~~~~~~~~~~~~~~~~~~~~~~~~~~~~~~~~~~~~~~~~~~~~~~~~~~~~~~~~~~~~~~~~~~~~~~~~~~~~~~~~~~~~~~~~~~~~~~~~~~~~~~~~~~~~~
  907 |                 }                                                                                                                  \
      |                 ~~~~~~~~~~~~~~~~~~~~~~~~~~~~~~~~~~~~~~~~~~~~~~~~~~~~~~~~~~~~~~~~~~~~~~~~~~~~~~~~~~~~~~~~~~~~~~~~~~~~~~~~~~~~~~~~~~~~
  908 |                 ptls_decode_open_block((src), end, 2, block);                                                                      \
      |                 ~~~~~~~~~~~~~~~~~~~~~~~~~~~~~~~~~~~~~~~~~~~~~~~~~~~~~~~~~~~~~~~~~~~~~~~~~~~~~~~~~~~~~~~~~~~~~~~~~~~~~~~~~~~~~~~~~~~~
  909 |             }                                                                                                                      \
      |             ~~~~~~~~~~~~~~~~~~~~~~~~~~~~~~~~~~~~~~~~~~~~~~~~~~~~~~~~~~~~~~~~~~~~~~~~~~~~~~~~~~~~~~~~~~~~~~~~~~~~~~~~~~~~~~~~~~~~~~~~
  910 |         });                                                                                                                        \
      |         ~~
vendor/picotls/include/picotls.h:1360:23: note: expanded from macro 'ptls_decode_open_block'
 1360 |         if (_capacity == -1) {                                                                                                     \
      |             ~~~~~~~~~ ^  ~~
vendor/picotls/lib/picotls.c:3011:5: warning: comparison of integers of different signs: 'size_t' (aka 'unsigned long') and 'int' [-Wsign-compare]
 3011 |     decode_extensions(src, end, PTLS_HANDSHAKE_TYPE_ENCRYPTED_EXTENSIONS, &type, {
      |     ^~~~~~~~~~~~~~~~~~~~~~~~~~~~~~~~~~~~~~~~~~~~~~~~~~~~~~~~~~~~~~~~~~~~~~~~~~~~~~
 3012 |         if (tls->ctx->on_extension != NULL &&
      |         ~~~~~~~~~~~~~~~~~~~~~~~~~~~~~~~~~~~~~
 3013 |             (ret = tls->ctx->on_extension->cb(tls->ctx->on_extension, tls, PTLS_HANDSHAKE_TYPE_ENCRYPTED_EXTENSIONS, type,
      |             ~~~~~~~~~~~~~~~~~~~~~~~~~~~~~~~~~~~~~~~~~~~~~~~~~~~~~~~~~~~~~~~~~~~~~~~~~~~~~~~~~~~~~~~~~~~~~~~~~~~~~~~~~~~~~~
 3014 |                                               ptls_iovec_init(src, end - src)) != 0))
      |                                               ~~~~~~~~~~~~~~~~~~~~~~~~~~~~~~~~~~~~~~~
 3015 |             goto Exit;
      |             ~~~~~~~~~~
 3016 |         switch (type) {
      |         ~~~~~~~~~~~~~~~
 3017 |         case PTLS_EXTENSION_TYPE_SERVER_NAME:
      |         ~~~~~~~~~~~~~~~~~~~~~~~~~~~~~~~~~~~~~
 3018 |             if (src != end) {
      |             ~~~~~~~~~~~~~~~~~
 3019 |                 ret = PTLS_ALERT_DECODE_ERROR;
      |                 ~~~~~~~~~~~~~~~~~~~~~~~~~~~~~~
 3020 |                 goto Exit;
      |                 ~~~~~~~~~~
 3021 |             }
      |             ~
 3022 |             if (!(tls->server_name != NULL && !ptls_server_name_is_ipaddr(tls->server_name))) {
      |             ~~~~~~~~~~~~~~~~~~~~~~~~~~~~~~~~~~~~~~~~~~~~~~~~~~~~~~~~~~~~~~~~~~~~~~~~~~~~~~~~~~~
 3023 |                 ret = PTLS_ALERT_ILLEGAL_PARAMETER;
      |                 ~~~~~~~~~~~~~~~~~~~~~~~~~~~~~~~~~~~
 3024 |                 goto Exit;
      |                 ~~~~~~~~~~
 3025 |             }
      |             ~
 3026 |             break;
      |             ~~~~~~
vendor/picotls/lib/picotls.c:915:9: note: expanded from macro 'decode_extensions'
  915 |         decode_open_extensions((src), end, hstype, exttype, block);                                                                \
      |         ^~~~~~~~~~~~~~~~~~~~~~~~~~~~~~~~~~~~~~~~~~~~~~~~~~~~~~~~~~
vendor/picotls/lib/picotls.c:908:17: note: expanded from macro 'decode_open_extensions'
  908 |                 ptls_decode_open_block((src), end, 2, block);                                                                      \
      |                 ^~~~~~~~~~~~~~~~~~~~~~~~~~~~~~~~~~~~~~~~~~~~
vendor/picotls/include/picotls.h:1360:23: note: expanded from macro 'ptls_decode_open_block'
 1360 |         if (_capacity == -1) {                                                                                                     \
      |             ~~~~~~~~~ ^  ~~
vendor/picotls/include/picotls.h:1387:17: note: expanded from macro 'ptls_decode_open_block'
 1387 |                 block                                                                                                              \
      |                 ^~~~~
vendor/picotls/lib/picotls.c:3028:13: warning: comparison of integers of different signs: 'size_t' (aka 'unsigned long') and 'int' [-Wsign-compare]
 3028 |             ptls_decode_block(src, end, 2, {
      |             ^~~~~~~~~~~~~~~~~~~~~~~~~~~~~~~~
 3029 |                 ptls_decode_open_block(src, end, 1, {
      |                 ~~~~~~~~~~~~~~~~~~~~~~~~~~~~~~~~~~~~~
 3030 |                     if (src == end) {
      |                     ~~~~~~~~~~~~~~~~~
 3031 |                         ret = PTLS_ALERT_DECODE_ERROR;
      |                         ~~~~~~~~~~~~~~~~~~~~~~~~~~~~~~
 3032 |                         goto Exit;
      |                         ~~~~~~~~~~
 3033 |                     }
      |                     ~
 3034 |                     if ((ret = ptls_set_negotiated_protocol(tls, (const char *)src, end - src)) != 0)
      |                     ~~~~~~~~~~~~~~~~~~~~~~~~~~~~~~~~~~~~~~~~~~~~~~~~~~~~~~~~~~~~~~~~~~~~~~~~~~~~~~~~~
 3035 |                         goto Exit;
      |                         ~~~~~~~~~~
 3036 |                     src = end;
      |                     ~~~~~~~~~~
 3037 |                 });
      |                 ~~~
 3038 |                 if (src != end) {
      |                 ~~~~~~~~~~~~~~~~~
 3039 |                     ret = PTLS_ALERT_HANDSHAKE_FAILURE;
      |                     ~~~~~~~~~~~~~~~~~~~~~~~~~~~~~~~~~~~
 3040 |                     goto Exit;
      |                     ~~~~~~~~~~
 3041 |                 }
      |                 ~
 3042 |             });
      |             ~~
vendor/picotls/include/picotls.h:1406:9: note: expanded from macro 'ptls_decode_block'
 1406 |         ptls_decode_open_block((src), end, capacity, block);                                                                       \
      |         ^~~~~~~~~~~~~~~~~~~~~~~~~~~~~~~~~~~~~~~~~~~~~~~~~~~
vendor/picotls/include/picotls.h:1360:23: note: expanded from macro 'ptls_decode_open_block'
 1360 |         if (_capacity == -1) {                                                                                                     \
      |             ~~~~~~~~~ ^  ~~
vendor/picotls/lib/picotls.c:915:61: note: expanded from macro 'decode_extensions'
  915 |         decode_open_extensions((src), end, hstype, exttype, block);                                                                \
      |                                                             ^~~~~
vendor/picotls/lib/picotls.c:908:55: note: expanded from macro 'decode_open_extensions'
  908 |                 ptls_decode_open_block((src), end, 2, block);                                                                      \
      |                                                       ^~~~~
vendor/picotls/include/picotls.h:1387:17: note: expanded from macro 'ptls_decode_open_block'
 1387 |                 block                                                                                                              \
      |                 ^~~~~
vendor/picotls/include/picotls.h:1387:17: note: expanded from macro 'ptls_decode_open_block'
 1387 |                 block                                                                                                              \
      |                 ^~~~~
vendor/picotls/lib/picotls.c:3029:17: warning: comparison of integers of different signs: 'size_t' (aka 'unsigned long') and 'int' [-Wsign-compare]
 3029 |                 ptls_decode_open_block(src, end, 1, {
      |                 ^~~~~~~~~~~~~~~~~~~~~~~~~~~~~~~~~~~~~
 3030 |                     if (src == end) {
      |                     ~~~~~~~~~~~~~~~~~
 3031 |                         ret = PTLS_ALERT_DECODE_ERROR;
      |                         ~~~~~~~~~~~~~~~~~~~~~~~~~~~~~~
 3032 |                         goto Exit;
      |                         ~~~~~~~~~~
 3033 |                     }
      |                     ~
 3034 |                     if ((ret = ptls_set_negotiated_protocol(tls, (const char *)src, end - src)) != 0)
      |                     ~~~~~~~~~~~~~~~~~~~~~~~~~~~~~~~~~~~~~~~~~~~~~~~~~~~~~~~~~~~~~~~~~~~~~~~~~~~~~~~~~
 3035 |                         goto Exit;
      |                         ~~~~~~~~~~
 3036 |                     src = end;
      |                     ~~~~~~~~~~
 3037 |                 });
      |                 ~~
vendor/picotls/include/picotls.h:1360:23: note: expanded from macro 'ptls_decode_open_block'
 1360 |         if (_capacity == -1) {                                                                                                     \
      |             ~~~~~~~~~ ^  ~~
vendor/picotls/include/picotls.h:1406:54: note: expanded from macro 'ptls_decode_block'
 1406 |         ptls_decode_open_block((src), end, capacity, block);                                                                       \
      |                                                      ^~~~~
vendor/picotls/include/picotls.h:1387:17: note: expanded from macro 'ptls_decode_open_block'
 1387 |                 block                                                                                                              \
      |                 ^~~~~
note: (skipping 1 expansions in backtrace; use -fmacro-backtrace-limit=0 to see all)
vendor/picotls/lib/picotls.c:908:55: note: expanded from macro 'decode_open_extensions'
  908 |                 ptls_decode_open_block((src), end, 2, block);                                                                      \
      |                                                       ^~~~~
vendor/picotls/include/picotls.h:1387:17: note: expanded from macro 'ptls_decode_open_block'
 1387 |                 block                                                                                                              \
      |                 ^~~~~
vendor/picotls/include/picotls.h:1387:17: note: expanded from macro 'ptls_decode_open_block'
 1387 |                 block                                                                                                              \
      |                 ^~~~~
vendor/picotls/lib/picotls.c:3132:5: warning: comparison of integers of different signs: 'size_t' (aka 'unsigned long') and 'int' [-Wsign-compare]
 3132 |     ptls_decode_open_block(src, end, 1, {
      |     ^~~~~~~~~~~~~~~~~~~~~~~~~~~~~~~~~~~~~
 3133 |         size_t len = end - src;
      |         ~~~~~~~~~~~~~~~~~~~~~~~
 3134 |         if (len > 255) {
      |         ~~~~~~~~~~~~~~~~
 3135 |             ret = PTLS_ALERT_DECODE_ERROR;
      |             ~~~~~~~~~~~~~~~~~~~~~~~~~~~~~~
 3136 |             goto Exit;
      |             ~~~~~~~~~~
 3137 |         }
      |         ~
 3138 |         if ((cr->context.base = malloc(len != 0 ? len : 1)) == NULL) {
      |         ~~~~~~~~~~~~~~~~~~~~~~~~~~~~~~~~~~~~~~~~~~~~~~~~~~~~~~~~~~~~~~
 3139 |             ret = PTLS_ERROR_NO_MEMORY;
      |             ~~~~~~~~~~~~~~~~~~~~~~~~~~~
 3140 |             goto Exit;
      |             ~~~~~~~~~~
 3141 |         }
      |         ~
 3142 |         cr->context.len = len;
      |         ~~~~~~~~~~~~~~~~~~~~~~
 3143 |         memcpy(cr->context.base, src, len);
      |         ~~~~~~~~~~~~~~~~~~~~~~~~~~~~~~~~~~~
 3144 |         src = end;
      |         ~~~~~~~~~~
 3145 |     });
      |     ~~
vendor/picotls/include/picotls.h:1360:23: note: expanded from macro 'ptls_decode_open_block'
 1360 |         if (_capacity == -1) {                                                                                                     \
      |             ~~~~~~~~~ ^  ~~
vendor/picotls/lib/picotls.c:3148:5: warning: comparison of integers of different signs: 'size_t' (aka 'unsigned long') and 'int' [-Wsign-compare]
 3148 |     decode_extensions(src, end, PTLS_HANDSHAKE_TYPE_CERTIFICATE_REQUEST, &exttype, {
      |     ^~~~~~~~~~~~~~~~~~~~~~~~~~~~~~~~~~~~~~~~~~~~~~~~~~~~~~~~~~~~~~~~~~~~~~~~~~~~~~~~
 3149 |         if (tls->ctx->on_extension != NULL &&
      |         ~~~~~~~~~~~~~~~~~~~~~~~~~~~~~~~~~~~~~
 3150 |             (ret = tls->ctx->on_extension->cb(tls->ctx->on_extension, tls, PTLS_HANDSHAKE_TYPE_CERTIFICATE_REQUEST, exttype,
      |             ~~~~~~~~~~~~~~~~~~~~~~~~~~~~~~~~~~~~~~~~~~~~~~~~~~~~~~~~~~~~~~~~~~~~~~~~~~~~~~~~~~~~~~~~~~~~~~~~~~~~~~~~~~~~~~~~
 3151 |                                               ptls_iovec_init(src, end - src)) != 0))
      |                                               ~~~~~~~~~~~~~~~~~~~~~~~~~~~~~~~~~~~~~~~
 3152 |             goto Exit;
      |             ~~~~~~~~~~
 3153 |         switch (exttype) {
      |         ~~~~~~~~~~~~~~~~~~
 3154 |         case PTLS_EXTENSION_TYPE_SIGNATURE_ALGORITHMS:
      |         ~~~~~~~~~~~~~~~~~~~~~~~~~~~~~~~~~~~~~~~~~~~~~~
 3155 |             if ((ret = decode_signature_algorithms(&cr->signature_algorithms, &src, end)) != 0)
      |             ~~~~~~~~~~~~~~~~~~~~~~~~~~~~~~~~~~~~~~~~~~~~~~~~~~~~~~~~~~~~~~~~~~~~~~~~~~~~~~~~~~~
 3156 |                 goto Exit;
      |                 ~~~~~~~~~~
 3157 |             break;
      |             ~~~~~~
 3158 |         }
      |         ~
 3159 |         src = end;
      |         ~~~~~~~~~~
 3160 |     });
      |     ~~
vendor/picotls/lib/picotls.c:915:9: note: expanded from macro 'decode_extensions'
  915 |         decode_open_extensions((src), end, hstype, exttype, block);                                                                \
      |         ^~~~~~~~~~~~~~~~~~~~~~~~~~~~~~~~~~~~~~~~~~~~~~~~~~~~~~~~~~
vendor/picotls/lib/picotls.c:900:9: note: expanded from macro 'decode_open_extensions'
  900 |         ptls_decode_open_block((src), end, 2, {                                                                                    \
      |         ^~~~~~~~~~~~~~~~~~~~~~~~~~~~~~~~~~~~~~~~~~~~~~~~~~~~~~~~~~~~~~~~~~~~~~~~~~~~~~~~~~~~~~~~~~~~~~~~~~~~~~~~~~~~~~~~~~~~~~~~~~~~
  901 |             while ((src) != end) {                                                                                                 \
      |             ~~~~~~~~~~~~~~~~~~~~~~~~~~~~~~~~~~~~~~~~~~~~~~~~~~~~~~~~~~~~~~~~~~~~~~~~~~~~~~~~~~~~~~~~~~~~~~~~~~~~~~~~~~~~~~~~~~~~~~~~
  902 |                 if ((ret = ptls_decode16((exttype), &(src), end)) != 0)                                                            \
      |                 ~~~~~~~~~~~~~~~~~~~~~~~~~~~~~~~~~~~~~~~~~~~~~~~~~~~~~~~~~~~~~~~~~~~~~~~~~~~~~~~~~~~~~~~~~~~~~~~~~~~~~~~~~~~~~~~~~~~~
  903 |                     goto Exit;                                                                                                     \
      |                     ~~~~~~~~~~~~~~~~~~~~~~~~~~~~~~~~~~~~~~~~~~~~~~~~~~~~~~~~~~~~~~~~~~~~~~~~~~~~~~~~~~~~~~~~~~~~~~~~~~~~~~~~~~~~~~~~
  904 |                 if (!extension_bitmap_testandset(&bitmap, (hstype), *(exttype))) {                                                 \
      |                 ~~~~~~~~~~~~~~~~~~~~~~~~~~~~~~~~~~~~~~~~~~~~~~~~~~~~~~~~~~~~~~~~~~~~~~~~~~~~~~~~~~~~~~~~~~~~~~~~~~~~~~~~~~~~~~~~~~~~
  905 |                     ret = PTLS_ALERT_ILLEGAL_PARAMETER;                                                                            \
      |                     ~~~~~~~~~~~~~~~~~~~~~~~~~~~~~~~~~~~~~~~~~~~~~~~~~~~~~~~~~~~~~~~~~~~~~~~~~~~~~~~~~~~~~~~~~~~~~~~~~~~~~~~~~~~~~~~~
  906 |                     goto Exit;                                                                                                     \
      |                     ~~~~~~~~~~~~~~~~~~~~~~~~~~~~~~~~~~~~~~~~~~~~~~~~~~~~~~~~~~~~~~~~~~~~~~~~~~~~~~~~~~~~~~~~~~~~~~~~~~~~~~~~~~~~~~~~
  907 |                 }                                                                                                                  \
      |                 ~~~~~~~~~~~~~~~~~~~~~~~~~~~~~~~~~~~~~~~~~~~~~~~~~~~~~~~~~~~~~~~~~~~~~~~~~~~~~~~~~~~~~~~~~~~~~~~~~~~~~~~~~~~~~~~~~~~~
  908 |                 ptls_decode_open_block((src), end, 2, block);                                                                      \
      |                 ~~~~~~~~~~~~~~~~~~~~~~~~~~~~~~~~~~~~~~~~~~~~~~~~~~~~~~~~~~~~~~~~~~~~~~~~~~~~~~~~~~~~~~~~~~~~~~~~~~~~~~~~~~~~~~~~~~~~
  909 |             }                                                                                                                      \
      |             ~~~~~~~~~~~~~~~~~~~~~~~~~~~~~~~~~~~~~~~~~~~~~~~~~~~~~~~~~~~~~~~~~~~~~~~~~~~~~~~~~~~~~~~~~~~~~~~~~~~~~~~~~~~~~~~~~~~~~~~~
  910 |         });                                                                                                                        \
      |         ~~
vendor/picotls/include/picotls.h:1360:23: note: expanded from macro 'ptls_decode_open_block'
 1360 |         if (_capacity == -1) {                                                                                                     \
      |             ~~~~~~~~~ ^  ~~
vendor/picotls/lib/picotls.c:3148:5: warning: comparison of integers of different signs: 'size_t' (aka 'unsigned long') and 'int' [-Wsign-compare]
 3148 |     decode_extensions(src, end, PTLS_HANDSHAKE_TYPE_CERTIFICATE_REQUEST, &exttype, {
      |     ^~~~~~~~~~~~~~~~~~~~~~~~~~~~~~~~~~~~~~~~~~~~~~~~~~~~~~~~~~~~~~~~~~~~~~~~~~~~~~~~
 3149 |         if (tls->ctx->on_extension != NULL &&
      |         ~~~~~~~~~~~~~~~~~~~~~~~~~~~~~~~~~~~~~
 3150 |             (ret = tls->ctx->on_extension->cb(tls->ctx->on_extension, tls, PTLS_HANDSHAKE_TYPE_CERTIFICATE_REQUEST, exttype,
      |             ~~~~~~~~~~~~~~~~~~~~~~~~~~~~~~~~~~~~~~~~~~~~~~~~~~~~~~~~~~~~~~~~~~~~~~~~~~~~~~~~~~~~~~~~~~~~~~~~~~~~~~~~~~~~~~~~
 3151 |                                               ptls_iovec_init(src, end - src)) != 0))
      |                                               ~~~~~~~~~~~~~~~~~~~~~~~~~~~~~~~~~~~~~~~
 3152 |             goto Exit;
      |             ~~~~~~~~~~
 3153 |         switch (exttype) {
      |         ~~~~~~~~~~~~~~~~~~
 3154 |         case PTLS_EXTENSION_TYPE_SIGNATURE_ALGORITHMS:
      |         ~~~~~~~~~~~~~~~~~~~~~~~~~~~~~~~~~~~~~~~~~~~~~~
 3155 |             if ((ret = decode_signature_algorithms(&cr->signature_algorithms, &src, end)) != 0)
      |             ~~~~~~~~~~~~~~~~~~~~~~~~~~~~~~~~~~~~~~~~~~~~~~~~~~~~~~~~~~~~~~~~~~~~~~~~~~~~~~~~~~~
 3156 |                 goto Exit;
      |                 ~~~~~~~~~~
 3157 |             break;
      |             ~~~~~~
 3158 |         }
      |         ~
 3159 |         src = end;
      |         ~~~~~~~~~~
 3160 |     });
      |     ~~
vendor/picotls/lib/picotls.c:915:9: note: expanded from macro 'decode_extensions'
  915 |         decode_open_extensions((src), end, hstype, exttype, block);                                                                \
      |         ^~~~~~~~~~~~~~~~~~~~~~~~~~~~~~~~~~~~~~~~~~~~~~~~~~~~~~~~~~
vendor/picotls/lib/picotls.c:908:17: note: expanded from macro 'decode_open_extensions'
  908 |                 ptls_decode_open_block((src), end, 2, block);                                                                      \
      |                 ^~~~~~~~~~~~~~~~~~~~~~~~~~~~~~~~~~~~~~~~~~~~
vendor/picotls/include/picotls.h:1360:23: note: expanded from macro 'ptls_decode_open_block'
 1360 |         if (_capacity == -1) {                                                                                                     \
      |             ~~~~~~~~~ ^  ~~
vendor/picotls/include/picotls.h:1387:17: note: expanded from macro 'ptls_decode_open_block'
 1387 |                 block                                                                                                              \
      |                 ^~~~~
vendor/picotls/lib/picotls.c:3177:5: warning: comparison of integers of different signs: 'size_t' (aka 'unsigned long') and 'int' [-Wsign-compare]
 3177 |     ptls_buffer_push_block(buf, 1, { ptls_buffer_pushv(buf, context.base, context.len); });
      |     ^~~~~~~~~~~~~~~~~~~~~~~~~~~~~~~~~~~~~~~~~~~~~~~~~~~~~~~~~~~~~~~~~~~~~~~~~~~~~~~~~~~~~~
vendor/picotls/include/picotls.h:1287:72: note: expanded from macro 'ptls_buffer_push_block'
 1287 |         ptls_buffer_pushv((buf), (uint8_t *)"\0\0\0\0\0\0\0", capacity != -1 ? capacity : 1);                                      \
      |                                                               ~~~~~~~~ ^  ~~
vendor/picotls/include/picotls.h:1241:57: note: expanded from macro 'ptls_buffer_pushv'
 1241 |         if ((ret = ptls_buffer__do_pushv((buf), (src), (len))) != 0)                                                               \
      |                                                         ^~~
vendor/picotls/lib/picotls.c:3177:5: warning: comparison of integers of different signs: 'size_t' (aka 'unsigned long') and 'int' [-Wsign-compare]
 3177 |     ptls_buffer_push_block(buf, 1, { ptls_buffer_pushv(buf, context.base, context.len); });
      |     ^~~~~~~~~~~~~~~~~~~~~~~~~~~~~~~~~~~~~~~~~~~~~~~~~~~~~~~~~~~~~~~~~~~~~~~~~~~~~~~~~~~~~~
vendor/picotls/include/picotls.h:1293:22: note: expanded from macro 'ptls_buffer_push_block'
 1293 |         if (capacity != -1) {                                                                                                      \
      |             ~~~~~~~~ ^  ~~
vendor/picotls/lib/picotls.c:3178:5: warning: comparison of integers of different signs: 'size_t' (aka 'unsigned long') and 'int' [-Wsign-compare]
 3178 |     ptls_buffer_push_block(buf, 3, {
      |     ^~~~~~~~~~~~~~~~~~~~~~~~~~~~~~~~
 3179 |         size_t i;
      |         ~~~~~~~~~
 3180 |         for (i = 0; i != num_certificates; ++i) {
      |         ~~~~~~~~~~~~~~~~~~~~~~~~~~~~~~~~~~~~~~~~~
 3181 |             ptls_buffer_push_block(buf, 3, { ptls_buffer_pushv(buf, certificates[i].base, certificates[i].len); });
      |             ~~~~~~~~~~~~~~~~~~~~~~~~~~~~~~~~~~~~~~~~~~~~~~~~~~~~~~~~~~~~~~~~~~~~~~~~~~~~~~~~~~~~~~~~~~~~~~~~~~~~~~~
 3182 |             ptls_buffer_push_block(buf, 2, {
      |             ~~~~~~~~~~~~~~~~~~~~~~~~~~~~~~~~
 3183 |                 if (i == 0 && ocsp_status.len != 0) {
      |                 ~~~~~~~~~~~~~~~~~~~~~~~~~~~~~~~~~~~~~
 3184 |                     buffer_push_extension(buf, PTLS_EXTENSION_TYPE_STATUS_REQUEST, {
      |                     ~~~~~~~~~~~~~~~~~~~~~~~~~~~~~~~~~~~~~~~~~~~~~~~~~~~~~~~~~~~~~~~~
 3185 |                         ptls_buffer_push(buf, 1); /* status_type == ocsp */
      |                         ~~~~~~~~~~~~~~~~~~~~~~~~~~~~~~~~~~~~~~~~~~~~~~~~~~~
 3186 |                         ptls_buffer_push_block(buf, 3, { ptls_buffer_pushv(buf, ocsp_status.base, ocsp_status.len); });
      |                         ~~~~~~~~~~~~~~~~~~~~~~~~~~~~~~~~~~~~~~~~~~~~~~~~~~~~~~~~~~~~~~~~~~~~~~~~~~~~~~~~~~~~~~~~~~~~~~~
 3187 |                     });
      |                     ~~~
 3188 |                 }
      |                 ~
 3189 |             });
      |             ~~~
 3190 |         }
      |         ~
 3191 |     });
      |     ~~
vendor/picotls/include/picotls.h:1287:72: note: expanded from macro 'ptls_buffer_push_block'
 1287 |         ptls_buffer_pushv((buf), (uint8_t *)"\0\0\0\0\0\0\0", capacity != -1 ? capacity : 1);                                      \
      |                                                               ~~~~~~~~ ^  ~~
vendor/picotls/include/picotls.h:1241:57: note: expanded from macro 'ptls_buffer_pushv'
 1241 |         if ((ret = ptls_buffer__do_pushv((buf), (src), (len))) != 0)                                                               \
      |                                                         ^~~
vendor/picotls/lib/picotls.c:3181:13: warning: comparison of integers of different signs: 'size_t' (aka 'unsigned long') and 'int' [-Wsign-compare]
 3181 |             ptls_buffer_push_block(buf, 3, { ptls_buffer_pushv(buf, certificates[i].base, certificates[i].len); });
      |             ^~~~~~~~~~~~~~~~~~~~~~~~~~~~~~~~~~~~~~~~~~~~~~~~~~~~~~~~~~~~~~~~~~~~~~~~~~~~~~~~~~~~~~~~~~~~~~~~~~~~~~
vendor/picotls/include/picotls.h:1287:72: note: expanded from macro 'ptls_buffer_push_block'
 1287 |         ptls_buffer_pushv((buf), (uint8_t *)"\0\0\0\0\0\0\0", capacity != -1 ? capacity : 1);                                      \
      |                                                               ~~~~~~~~ ^  ~~
vendor/picotls/include/picotls.h:1241:57: note: expanded from macro 'ptls_buffer_pushv'
 1241 |         if ((ret = ptls_buffer__do_pushv((buf), (src), (len))) != 0)                                                               \
      |                                                         ^~~
vendor/picotls/include/picotls.h:1290:13: note: expanded from macro 'ptls_buffer_push_block'
 1290 |             block                                                                                                                  \
      |             ^~~~~
vendor/picotls/lib/picotls.c:3181:13: warning: comparison of integers of different signs: 'size_t' (aka 'unsigned long') and 'int' [-Wsign-compare]
 3181 |             ptls_buffer_push_block(buf, 3, { ptls_buffer_pushv(buf, certificates[i].base, certificates[i].len); });
      |             ^~~~~~~~~~~~~~~~~~~~~~~~~~~~~~~~~~~~~~~~~~~~~~~~~~~~~~~~~~~~~~~~~~~~~~~~~~~~~~~~~~~~~~~~~~~~~~~~~~~~~~
vendor/picotls/include/picotls.h:1293:22: note: expanded from macro 'ptls_buffer_push_block'
 1293 |         if (capacity != -1) {                                                                                                      \
      |             ~~~~~~~~ ^  ~~
vendor/picotls/include/picotls.h:1290:13: note: expanded from macro 'ptls_buffer_push_block'
 1290 |             block                                                                                                                  \
      |             ^~~~~
vendor/picotls/lib/picotls.c:3182:13: warning: comparison of integers of different signs: 'size_t' (aka 'unsigned long') and 'int' [-Wsign-compare]
 3182 |             ptls_buffer_push_block(buf, 2, {
      |             ^~~~~~~~~~~~~~~~~~~~~~~~~~~~~~~~
 3183 |                 if (i == 0 && ocsp_status.len != 0) {
      |                 ~~~~~~~~~~~~~~~~~~~~~~~~~~~~~~~~~~~~~
 3184 |                     buffer_push_extension(buf, PTLS_EXTENSION_TYPE_STATUS_REQUEST, {
      |                     ~~~~~~~~~~~~~~~~~~~~~~~~~~~~~~~~~~~~~~~~~~~~~~~~~~~~~~~~~~~~~~~~
 3185 |                         ptls_buffer_push(buf, 1); /* status_type == ocsp */
      |                         ~~~~~~~~~~~~~~~~~~~~~~~~~~~~~~~~~~~~~~~~~~~~~~~~~~~
 3186 |                         ptls_buffer_push_block(buf, 3, { ptls_buffer_pushv(buf, ocsp_status.base, ocsp_status.len); });
      |                         ~~~~~~~~~~~~~~~~~~~~~~~~~~~~~~~~~~~~~~~~~~~~~~~~~~~~~~~~~~~~~~~~~~~~~~~~~~~~~~~~~~~~~~~~~~~~~~~
 3187 |                     });
      |                     ~~~
 3188 |                 }
      |                 ~
 3189 |             });
      |             ~~
vendor/picotls/include/picotls.h:1287:72: note: expanded from macro 'ptls_buffer_push_block'
 1287 |         ptls_buffer_pushv((buf), (uint8_t *)"\0\0\0\0\0\0\0", capacity != -1 ? capacity : 1);                                      \
      |                                                               ~~~~~~~~ ^  ~~
vendor/picotls/include/picotls.h:1241:57: note: expanded from macro 'ptls_buffer_pushv'
 1241 |         if ((ret = ptls_buffer__do_pushv((buf), (src), (len))) != 0)                                                               \
      |                                                         ^~~
vendor/picotls/include/picotls.h:1290:13: note: expanded from macro 'ptls_buffer_push_block'
 1290 |             block                                                                                                                  \
      |             ^~~~~
vendor/picotls/lib/picotls.c:3184:21: warning: comparison of integers of different signs: 'size_t' (aka 'unsigned long') and 'int' [-Wsign-compare]
 3184 |                     buffer_push_extension(buf, PTLS_EXTENSION_TYPE_STATUS_REQUEST, {
      |                     ^~~~~~~~~~~~~~~~~~~~~~~~~~~~~~~~~~~~~~~~~~~~~~~~~~~~~~~~~~~~~~~~
 3185 |                         ptls_buffer_push(buf, 1); /* status_type == ocsp */
      |                         ~~~~~~~~~~~~~~~~~~~~~~~~~~~~~~~~~~~~~~~~~~~~~~~~~~~
 3186 |                         ptls_buffer_push_block(buf, 3, { ptls_buffer_pushv(buf, ocsp_status.base, ocsp_status.len); });
      |                         ~~~~~~~~~~~~~~~~~~~~~~~~~~~~~~~~~~~~~~~~~~~~~~~~~~~~~~~~~~~~~~~~~~~~~~~~~~~~~~~~~~~~~~~~~~~~~~~
 3187 |                     });
      |                     ~~
vendor/picotls/lib/picotls.c:894:9: note: expanded from macro 'buffer_push_extension'
  894 |         ptls_buffer_push_block((buf), 2, block);                                                                                   \
      |         ^~~~~~~~~~~~~~~~~~~~~~~~~~~~~~~~~~~~~~~
vendor/picotls/include/picotls.h:1287:72: note: expanded from macro 'ptls_buffer_push_block'
 1287 |         ptls_buffer_pushv((buf), (uint8_t *)"\0\0\0\0\0\0\0", capacity != -1 ? capacity : 1);                                      \
      |                                                               ~~~~~~~~ ^  ~~
vendor/picotls/include/picotls.h:1241:57: note: expanded from macro 'ptls_buffer_pushv'
 1241 |         if ((ret = ptls_buffer__do_pushv((buf), (src), (len))) != 0)                                                               \
      |                                                         ^~~
vendor/picotls/include/picotls.h:1290:13: note: expanded from macro 'ptls_buffer_push_block'
 1290 |             block                                                                                                                  \
      |             ^~~~~
vendor/picotls/include/picotls.h:1290:13: note: expanded from macro 'ptls_buffer_push_block'
 1290 |             block                                                                                                                  \
      |             ^~~~~
vendor/picotls/lib/picotls.c:3186:25: warning: comparison of integers of different signs: 'size_t' (aka 'unsigned long') and 'int' [-Wsign-compare]
 3186 |                         ptls_buffer_push_block(buf, 3, { ptls_buffer_pushv(buf, ocsp_status.base, ocsp_status.len); });
      |                         ^~~~~~~~~~~~~~~~~~~~~~~~~~~~~~~~~~~~~~~~~~~~~~~~~~~~~~~~~~~~~~~~~~~~~~~~~~~~~~~~~~~~~~~~~~~~~~
vendor/picotls/include/picotls.h:1287:72: note: expanded from macro 'ptls_buffer_push_block'
 1287 |         ptls_buffer_pushv((buf), (uint8_t *)"\0\0\0\0\0\0\0", capacity != -1 ? capacity : 1);                                      \
      |                                                               ~~~~~~~~ ^  ~~
vendor/picotls/include/picotls.h:1241:57: note: expanded from macro 'ptls_buffer_pushv'
 1241 |         if ((ret = ptls_buffer__do_pushv((buf), (src), (len))) != 0)                                                               \
      |                                                         ^~~
vendor/picotls/lib/picotls.c:894:42: note: expanded from macro 'buffer_push_extension'
  894 |         ptls_buffer_push_block((buf), 2, block);                                                                                   \
      |                                          ^~~~~
vendor/picotls/include/picotls.h:1290:13: note: expanded from macro 'ptls_buffer_push_block'
 1290 |             block                                                                                                                  \
      |             ^~~~~
vendor/picotls/include/picotls.h:1290:13: note: expanded from macro 'ptls_buffer_push_block'
 1290 |             block                                                                                                                  \
      |             ^~~~~
vendor/picotls/include/picotls.h:1290:13: note: expanded from macro 'ptls_buffer_push_block'
 1290 |             block                                                                                                                  \
      |             ^~~~~
vendor/picotls/lib/picotls.c:3186:25: warning: comparison of integers of different signs: 'size_t' (aka 'unsigned long') and 'int' [-Wsign-compare]
 3186 |                         ptls_buffer_push_block(buf, 3, { ptls_buffer_pushv(buf, ocsp_status.base, ocsp_status.len); });
      |                         ^~~~~~~~~~~~~~~~~~~~~~~~~~~~~~~~~~~~~~~~~~~~~~~~~~~~~~~~~~~~~~~~~~~~~~~~~~~~~~~~~~~~~~~~~~~~~~
vendor/picotls/include/picotls.h:1293:22: note: expanded from macro 'ptls_buffer_push_block'
 1293 |         if (capacity != -1) {                                                                                                      \
      |             ~~~~~~~~ ^  ~~
vendor/picotls/lib/picotls.c:894:42: note: expanded from macro 'buffer_push_extension'
  894 |         ptls_buffer_push_block((buf), 2, block);                                                                                   \
      |                                          ^~~~~
vendor/picotls/include/picotls.h:1290:13: note: expanded from macro 'ptls_buffer_push_block'
 1290 |             block                                                                                                                  \
      |             ^~~~~
vendor/picotls/include/picotls.h:1290:13: note: expanded from macro 'ptls_buffer_push_block'
 1290 |             block                                                                                                                  \
      |             ^~~~~
vendor/picotls/include/picotls.h:1290:13: note: expanded from macro 'ptls_buffer_push_block'
 1290 |             block                                                                                                                  \
      |             ^~~~~
vendor/picotls/lib/picotls.c:3184:21: warning: comparison of integers of different signs: 'size_t' (aka 'unsigned long') and 'int' [-Wsign-compare]
 3184 |                     buffer_push_extension(buf, PTLS_EXTENSION_TYPE_STATUS_REQUEST, {
      |                     ^~~~~~~~~~~~~~~~~~~~~~~~~~~~~~~~~~~~~~~~~~~~~~~~~~~~~~~~~~~~~~~~
 3185 |                         ptls_buffer_push(buf, 1); /* status_type == ocsp */
      |                         ~~~~~~~~~~~~~~~~~~~~~~~~~~~~~~~~~~~~~~~~~~~~~~~~~~~
 3186 |                         ptls_buffer_push_block(buf, 3, { ptls_buffer_pushv(buf, ocsp_status.base, ocsp_status.len); });
      |                         ~~~~~~~~~~~~~~~~~~~~~~~~~~~~~~~~~~~~~~~~~~~~~~~~~~~~~~~~~~~~~~~~~~~~~~~~~~~~~~~~~~~~~~~~~~~~~~~
 3187 |                     });
      |                     ~~
vendor/picotls/lib/picotls.c:894:9: note: expanded from macro 'buffer_push_extension'
  894 |         ptls_buffer_push_block((buf), 2, block);                                                                                   \
      |         ^~~~~~~~~~~~~~~~~~~~~~~~~~~~~~~~~~~~~~~
vendor/picotls/include/picotls.h:1293:22: note: expanded from macro 'ptls_buffer_push_block'
 1293 |         if (capacity != -1) {                                                                                                      \
      |             ~~~~~~~~ ^  ~~
vendor/picotls/include/picotls.h:1290:13: note: expanded from macro 'ptls_buffer_push_block'
 1290 |             block                                                                                                                  \
      |             ^~~~~
vendor/picotls/include/picotls.h:1290:13: note: expanded from macro 'ptls_buffer_push_block'
 1290 |             block                                                                                                                  \
      |             ^~~~~
vendor/picotls/lib/picotls.c:3182:13: warning: comparison of integers of different signs: 'size_t' (aka 'unsigned long') and 'int' [-Wsign-compare]
 3182 |             ptls_buffer_push_block(buf, 2, {
      |             ^~~~~~~~~~~~~~~~~~~~~~~~~~~~~~~~
 3183 |                 if (i == 0 && ocsp_status.len != 0) {
      |                 ~~~~~~~~~~~~~~~~~~~~~~~~~~~~~~~~~~~~~
 3184 |                     buffer_push_extension(buf, PTLS_EXTENSION_TYPE_STATUS_REQUEST, {
      |                     ~~~~~~~~~~~~~~~~~~~~~~~~~~~~~~~~~~~~~~~~~~~~~~~~~~~~~~~~~~~~~~~~
 3185 |                         ptls_buffer_push(buf, 1); /* status_type == ocsp */
      |                         ~~~~~~~~~~~~~~~~~~~~~~~~~~~~~~~~~~~~~~~~~~~~~~~~~~~
 3186 |                         ptls_buffer_push_block(buf, 3, { ptls_buffer_pushv(buf, ocsp_status.base, ocsp_status.len); });
      |                         ~~~~~~~~~~~~~~~~~~~~~~~~~~~~~~~~~~~~~~~~~~~~~~~~~~~~~~~~~~~~~~~~~~~~~~~~~~~~~~~~~~~~~~~~~~~~~~~
 3187 |                     });
      |                     ~~~
 3188 |                 }
      |                 ~
 3189 |             });
      |             ~~
vendor/picotls/include/picotls.h:1293:22: note: expanded from macro 'ptls_buffer_push_block'
 1293 |         if (capacity != -1) {                                                                                                      \
      |             ~~~~~~~~ ^  ~~
vendor/picotls/include/picotls.h:1290:13: note: expanded from macro 'ptls_buffer_push_block'
 1290 |             block                                                                                                                  \
      |             ^~~~~
vendor/picotls/lib/picotls.c:3178:5: warning: comparison of integers of different signs: 'size_t' (aka 'unsigned long') and 'int' [-Wsign-compare]
 3178 |     ptls_buffer_push_block(buf, 3, {
      |     ^~~~~~~~~~~~~~~~~~~~~~~~~~~~~~~~
 3179 |         size_t i;
      |         ~~~~~~~~~
 3180 |         for (i = 0; i != num_certificates; ++i) {
      |         ~~~~~~~~~~~~~~~~~~~~~~~~~~~~~~~~~~~~~~~~~
 3181 |             ptls_buffer_push_block(buf, 3, { ptls_buffer_pushv(buf, certificates[i].base, certificates[i].len); });
      |             ~~~~~~~~~~~~~~~~~~~~~~~~~~~~~~~~~~~~~~~~~~~~~~~~~~~~~~~~~~~~~~~~~~~~~~~~~~~~~~~~~~~~~~~~~~~~~~~~~~~~~~~
 3182 |             ptls_buffer_push_block(buf, 2, {
      |             ~~~~~~~~~~~~~~~~~~~~~~~~~~~~~~~~
 3183 |                 if (i == 0 && ocsp_status.len != 0) {
      |                 ~~~~~~~~~~~~~~~~~~~~~~~~~~~~~~~~~~~~~
 3184 |                     buffer_push_extension(buf, PTLS_EXTENSION_TYPE_STATUS_REQUEST, {
      |                     ~~~~~~~~~~~~~~~~~~~~~~~~~~~~~~~~~~~~~~~~~~~~~~~~~~~~~~~~~~~~~~~~
 3185 |                         ptls_buffer_push(buf, 1); /* status_type == ocsp */
      |                         ~~~~~~~~~~~~~~~~~~~~~~~~~~~~~~~~~~~~~~~~~~~~~~~~~~~
 3186 |                         ptls_buffer_push_block(buf, 3, { ptls_buffer_pushv(buf, ocsp_status.base, ocsp_status.len); });
      |                         ~~~~~~~~~~~~~~~~~~~~~~~~~~~~~~~~~~~~~~~~~~~~~~~~~~~~~~~~~~~~~~~~~~~~~~~~~~~~~~~~~~~~~~~~~~~~~~~
 3187 |                     });
      |                     ~~~
 3188 |                 }
      |                 ~
 3189 |             });
      |             ~~~
 3190 |         }
      |         ~
 3191 |     });
      |     ~~
vendor/picotls/include/picotls.h:1293:22: note: expanded from macro 'ptls_buffer_push_block'
 1293 |         if (capacity != -1) {                                                                                                      \
      |             ~~~~~~~~ ^  ~~
vendor/picotls/lib/picotls.c:3204:5: warning: comparison of integers of different signs: 'size_t' (aka 'unsigned long') and 'int' [-Wsign-compare]
 3204 |     ptls_push_message(emitter, key_sched, PTLS_HANDSHAKE_TYPE_CERTIFICATE, {
      |     ^~~~~~~~~~~~~~~~~~~~~~~~~~~~~~~~~~~~~~~~~~~~~~~~~~~~~~~~~~~~~~~~~~~~~~~~
 3205 |         if ((ret = ptls_build_certificate_message(emitter->buf, context, tls->ctx->certificates.list, tls->ctx->certificates.count,
      |         ~~~~~~~~~~~~~~~~~~~~~~~~~~~~~~~~~~~~~~~~~~~~~~~~~~~~~~~~~~~~~~~~~~~~~~~~~~~~~~~~~~~~~~~~~~~~~~~~~~~~~~~~~~~~~~~~~~~~~~~~~~~
 3206 |                                                   ptls_iovec_init(NULL, 0))) != 0)
      |                                                   ~~~~~~~~~~~~~~~~~~~~~~~~~~~~~~~~
 3207 |             goto Exit;
      |             ~~~~~~~~~~
 3208 |     });
      |     ~~
vendor/picotls/include/picotls.h:1344:9: note: expanded from macro 'ptls_push_message'
 1344 |         ptls_buffer_push_message_body(_emitter->buf, (key_sched), (type), block);                                                  \
      |         ^~~~~~~~~~~~~~~~~~~~~~~~~~~~~~~~~~~~~~~~~~~~~~~~~~~~~~~~~~~~~~~~~~~~~~~~
vendor/picotls/include/picotls.h:1334:9: note: expanded from macro 'ptls_buffer_push_message_body'
 1334 |         ptls_buffer_push_block(_buf, 3, block);                                                                                    \
      |         ^~~~~~~~~~~~~~~~~~~~~~~~~~~~~~~~~~~~~~
vendor/picotls/include/picotls.h:1287:72: note: expanded from macro 'ptls_buffer_push_block'
 1287 |         ptls_buffer_pushv((buf), (uint8_t *)"\0\0\0\0\0\0\0", capacity != -1 ? capacity : 1);                                      \
      |                                                               ~~~~~~~~ ^  ~~
vendor/picotls/include/picotls.h:1241:57: note: expanded from macro 'ptls_buffer_pushv'
 1241 |         if ((ret = ptls_buffer__do_pushv((buf), (src), (len))) != 0)                                                               \
      |                                                         ^~~
vendor/picotls/lib/picotls.c:3204:5: warning: comparison of integers of different signs: 'size_t' (aka 'unsigned long') and 'int' [-Wsign-compare]
 3204 |     ptls_push_message(emitter, key_sched, PTLS_HANDSHAKE_TYPE_CERTIFICATE, {
      |     ^~~~~~~~~~~~~~~~~~~~~~~~~~~~~~~~~~~~~~~~~~~~~~~~~~~~~~~~~~~~~~~~~~~~~~~~
 3205 |         if ((ret = ptls_build_certificate_message(emitter->buf, context, tls->ctx->certificates.list, tls->ctx->certificates.count,
      |         ~~~~~~~~~~~~~~~~~~~~~~~~~~~~~~~~~~~~~~~~~~~~~~~~~~~~~~~~~~~~~~~~~~~~~~~~~~~~~~~~~~~~~~~~~~~~~~~~~~~~~~~~~~~~~~~~~~~~~~~~~~~
 3206 |                                                   ptls_iovec_init(NULL, 0))) != 0)
      |                                                   ~~~~~~~~~~~~~~~~~~~~~~~~~~~~~~~~
 3207 |             goto Exit;
      |             ~~~~~~~~~~
 3208 |     });
      |     ~~
vendor/picotls/include/picotls.h:1344:9: note: expanded from macro 'ptls_push_message'
 1344 |         ptls_buffer_push_message_body(_emitter->buf, (key_sched), (type), block);                                                  \
      |         ^~~~~~~~~~~~~~~~~~~~~~~~~~~~~~~~~~~~~~~~~~~~~~~~~~~~~~~~~~~~~~~~~~~~~~~~
vendor/picotls/include/picotls.h:1334:9: note: expanded from macro 'ptls_buffer_push_message_body'
 1334 |         ptls_buffer_push_block(_buf, 3, block);                                                                                    \
      |         ^~~~~~~~~~~~~~~~~~~~~~~~~~~~~~~~~~~~~~
vendor/picotls/include/picotls.h:1293:22: note: expanded from macro 'ptls_buffer_push_block'
 1293 |         if (capacity != -1) {                                                                                                      \
      |             ~~~~~~~~ ^  ~~
vendor/picotls/lib/picotls.c:3255:5: warning: comparison of integers of different signs: 'size_t' (aka 'unsigned long') and 'int' [-Wsign-compare]
 3255 |     ptls_push_message(emitter, tls->key_schedule, PTLS_HANDSHAKE_TYPE_CERTIFICATE_VERIFY, {
      |     ^~~~~~~~~~~~~~~~~~~~~~~~~~~~~~~~~~~~~~~~~~~~~~~~~~~~~~~~~~~~~~~~~~~~~~~~~~~~~~~~~~~~~~~
 3256 |         ptls_buffer_t *sendbuf = emitter->buf;
      |         ~~~~~~~~~~~~~~~~~~~~~~~~~~~~~~~~~~~~~~
 3257 |         size_t algo_off = sendbuf->off;
      |         ~~~~~~~~~~~~~~~~~~~~~~~~~~~~~~~
 3258 |         ptls_buffer_push16(sendbuf, 0); /* filled in later */
      |         ~~~~~~~~~~~~~~~~~~~~~~~~~~~~~~~~~~~~~~~~~~~~~~~~~~~~~
 3259 |         ptls_buffer_push_block(sendbuf, 2, {
      |         ~~~~~~~~~~~~~~~~~~~~~~~~~~~~~~~~~~~~
 3260 |             uint16_t algo;
      |             ~~~~~~~~~~~~~~
 3261 |             uint8_t data[PTLS_MAX_CERTIFICATE_VERIFY_SIGNDATA_SIZE];
      |             ~~~~~~~~~~~~~~~~~~~~~~~~~~~~~~~~~~~~~~~~~~~~~~~~~~~~~~~~
 3262 |             size_t datalen = build_certificate_verify_signdata(data, tls->key_schedule, context_string);
      |             ~~~~~~~~~~~~~~~~~~~~~~~~~~~~~~~~~~~~~~~~~~~~~~~~~~~~~~~~~~~~~~~~~~~~~~~~~~~~~~~~~~~~~~~~~~~~
 3263 |             if ((ret = tls->ctx->sign_certificate->cb(
      |             ~~~~~~~~~~~~~~~~~~~~~~~~~~~~~~~~~~~~~~~~~~
 3264 |                      tls->ctx->sign_certificate, tls, tls->is_server ? &tls->server.async_job : NULL, &algo, sendbuf,
      |                      ~~~~~~~~~~~~~~~~~~~~~~~~~~~~~~~~~~~~~~~~~~~~~~~~~~~~~~~~~~~~~~~~~~~~~~~~~~~~~~~~~~~~~~~~~~~~~~~~
 3265 |                      ptls_iovec_init(data, datalen), signature_algorithms != NULL ? signature_algorithms->list : NULL,
      |                      ~~~~~~~~~~~~~~~~~~~~~~~~~~~~~~~~~~~~~~~~~~~~~~~~~~~~~~~~~~~~~~~~~~~~~~~~~~~~~~~~~~~~~~~~~~~~~~~~~
 3266 |                      signature_algorithms != NULL ? signature_algorithms->count : 0)) == PTLS_ERROR_ASYNC_OPERATION) {
      |                      ~~~~~~~~~~~~~~~~~~~~~~~~~~~~~~~~~~~~~~~~~~~~~~~~~~~~~~~~~~~~~~~~~~~~~~~~~~~~~~~~~~~~~~~~~~~~~~~~~
 3267 |                 assert(tls->is_server || !"async operation only supported on the server-side");
      |                 ~~~~~~~~~~~~~~~~~~~~~~~~~~~~~~~~~~~~~~~~~~~~~~~~~~~~~~~~~~~~~~~~~~~~~~~~~~~~~~~
 3268 |                 assert(tls->server.async_job != NULL);
      |                 ~~~~~~~~~~~~~~~~~~~~~~~~~~~~~~~~~~~~~~
 3269 |                 /* Reset the output to the end of the previous handshake message. CertificateVerify will be rebuilt when the async
      |                 ~~~~~~~~~~~~~~~~~~~~~~~~~~~~~~~~~~~~~~~~~~~~~~~~~~~~~~~~~~~~~~~~~~~~~~~~~~~~~~~~~~~~~~~~~~~~~~~~~~~~~~~~~~~~~~~~~~
 3270 |                  * operation completes. */
      |                  ~~~~~~~~~~~~~~~~~~~~~~~~~
vendor/picotls/include/picotls.h:1344:9: note: expanded from macro 'ptls_push_message'
 1344 |         ptls_buffer_push_message_body(_emitter->buf, (key_sched), (type), block);                                                  \
      |         ^~~~~~~~~~~~~~~~~~~~~~~~~~~~~~~~~~~~~~~~~~~~~~~~~~~~~~~~~~~~~~~~~~~~~~~~
vendor/picotls/include/picotls.h:1334:9: note: expanded from macro 'ptls_buffer_push_message_body'
 1334 |         ptls_buffer_push_block(_buf, 3, block);                                                                                    \
      |         ^~~~~~~~~~~~~~~~~~~~~~~~~~~~~~~~~~~~~~
vendor/picotls/include/picotls.h:1287:72: note: expanded from macro 'ptls_buffer_push_block'
 1287 |         ptls_buffer_pushv((buf), (uint8_t *)"\0\0\0\0\0\0\0", capacity != -1 ? capacity : 1);                                      \
      |                                                               ~~~~~~~~ ^  ~~
vendor/picotls/include/picotls.h:1241:57: note: expanded from macro 'ptls_buffer_pushv'
 1241 |         if ((ret = ptls_buffer__do_pushv((buf), (src), (len))) != 0)                                                               \
      |                                                         ^~~
vendor/picotls/lib/picotls.c:3259:9: warning: comparison of integers of different signs: 'size_t' (aka 'unsigned long') and 'int' [-Wsign-compare]
 3259 |         ptls_buffer_push_block(sendbuf, 2, {
      |         ^~~~~~~~~~~~~~~~~~~~~~~~~~~~~~~~~~~~
 3260 |             uint16_t algo;
      |             ~~~~~~~~~~~~~~
 3261 |             uint8_t data[PTLS_MAX_CERTIFICATE_VERIFY_SIGNDATA_SIZE];
      |             ~~~~~~~~~~~~~~~~~~~~~~~~~~~~~~~~~~~~~~~~~~~~~~~~~~~~~~~~
 3262 |             size_t datalen = build_certificate_verify_signdata(data, tls->key_schedule, context_string);
      |             ~~~~~~~~~~~~~~~~~~~~~~~~~~~~~~~~~~~~~~~~~~~~~~~~~~~~~~~~~~~~~~~~~~~~~~~~~~~~~~~~~~~~~~~~~~~~
 3263 |             if ((ret = tls->ctx->sign_certificate->cb(
      |             ~~~~~~~~~~~~~~~~~~~~~~~~~~~~~~~~~~~~~~~~~~
 3264 |                      tls->ctx->sign_certificate, tls, tls->is_server ? &tls->server.async_job : NULL, &algo, sendbuf,
      |                      ~~~~~~~~~~~~~~~~~~~~~~~~~~~~~~~~~~~~~~~~~~~~~~~~~~~~~~~~~~~~~~~~~~~~~~~~~~~~~~~~~~~~~~~~~~~~~~~~
 3265 |                      ptls_iovec_init(data, datalen), signature_algorithms != NULL ? signature_algorithms->list : NULL,
      |                      ~~~~~~~~~~~~~~~~~~~~~~~~~~~~~~~~~~~~~~~~~~~~~~~~~~~~~~~~~~~~~~~~~~~~~~~~~~~~~~~~~~~~~~~~~~~~~~~~~
 3266 |                      signature_algorithms != NULL ? signature_algorithms->count : 0)) == PTLS_ERROR_ASYNC_OPERATION) {
      |                      ~~~~~~~~~~~~~~~~~~~~~~~~~~~~~~~~~~~~~~~~~~~~~~~~~~~~~~~~~~~~~~~~~~~~~~~~~~~~~~~~~~~~~~~~~~~~~~~~~
 3267 |                 assert(tls->is_server || !"async operation only supported on the server-side");
      |                 ~~~~~~~~~~~~~~~~~~~~~~~~~~~~~~~~~~~~~~~~~~~~~~~~~~~~~~~~~~~~~~~~~~~~~~~~~~~~~~~
 3268 |                 assert(tls->server.async_job != NULL);
      |                 ~~~~~~~~~~~~~~~~~~~~~~~~~~~~~~~~~~~~~~
 3269 |                 /* Reset the output to the end of the previous handshake message. CertificateVerify will be rebuilt when the async
      |                 ~~~~~~~~~~~~~~~~~~~~~~~~~~~~~~~~~~~~~~~~~~~~~~~~~~~~~~~~~~~~~~~~~~~~~~~~~~~~~~~~~~~~~~~~~~~~~~~~~~~~~~~~~~~~~~~~~~
 3270 |                  * operation completes. */
      |                  ~~~~~~~~~~~~~~~~~~~~~~~~~
 3271 |                 emitter->buf->off = start_off;
      |                 ~~~~~~~~~~~~~~~~~~~~~~~~~~~~~~
 3272 |                 goto Exit;
      |                 ~~~~~~~~~~
 3273 |             }
      |             ~
 3274 |             assert(!tls->is_server || tls->server.async_job == NULL);
      |             ~~~~~~~~~~~~~~~~~~~~~~~~~~~~~~~~~~~~~~~~~~~~~~~~~~~~~~~~~
vendor/picotls/include/picotls.h:1287:72: note: expanded from macro 'ptls_buffer_push_block'
 1287 |         ptls_buffer_pushv((buf), (uint8_t *)"\0\0\0\0\0\0\0", capacity != -1 ? capacity : 1);                                      \
      |                                                               ~~~~~~~~ ^  ~~
vendor/picotls/include/picotls.h:1241:57: note: expanded from macro 'ptls_buffer_pushv'
 1241 |         if ((ret = ptls_buffer__do_pushv((buf), (src), (len))) != 0)                                                               \
      |                                                         ^~~
vendor/picotls/include/picotls.h:1344:75: note: expanded from macro 'ptls_push_message'
 1344 |         ptls_buffer_push_message_body(_emitter->buf, (key_sched), (type), block);                                                  \
      |                                                                           ^~~~~
vendor/picotls/include/picotls.h:1334:41: note: expanded from macro 'ptls_buffer_push_message_body'
 1334 |         ptls_buffer_push_block(_buf, 3, block);                                                                                    \
      |                                         ^~~~~
vendor/picotls/include/picotls.h:1290:13: note: expanded from macro 'ptls_buffer_push_block'
 1290 |             block                                                                                                                  \
      |             ^~~~~
vendor/picotls/lib/picotls.c:3259:9: warning: comparison of integers of different signs: 'size_t' (aka 'unsigned long') and 'int' [-Wsign-compare]
 3259 |         ptls_buffer_push_block(sendbuf, 2, {
      |         ^~~~~~~~~~~~~~~~~~~~~~~~~~~~~~~~~~~~
 3260 |             uint16_t algo;
      |             ~~~~~~~~~~~~~~
 3261 |             uint8_t data[PTLS_MAX_CERTIFICATE_VERIFY_SIGNDATA_SIZE];
      |             ~~~~~~~~~~~~~~~~~~~~~~~~~~~~~~~~~~~~~~~~~~~~~~~~~~~~~~~~
 3262 |             size_t datalen = build_certificate_verify_signdata(data, tls->key_schedule, context_string);
      |             ~~~~~~~~~~~~~~~~~~~~~~~~~~~~~~~~~~~~~~~~~~~~~~~~~~~~~~~~~~~~~~~~~~~~~~~~~~~~~~~~~~~~~~~~~~~~
 3263 |             if ((ret = tls->ctx->sign_certificate->cb(
      |             ~~~~~~~~~~~~~~~~~~~~~~~~~~~~~~~~~~~~~~~~~~
 3264 |                      tls->ctx->sign_certificate, tls, tls->is_server ? &tls->server.async_job : NULL, &algo, sendbuf,
      |                      ~~~~~~~~~~~~~~~~~~~~~~~~~~~~~~~~~~~~~~~~~~~~~~~~~~~~~~~~~~~~~~~~~~~~~~~~~~~~~~~~~~~~~~~~~~~~~~~~
 3265 |                      ptls_iovec_init(data, datalen), signature_algorithms != NULL ? signature_algorithms->list : NULL,
      |                      ~~~~~~~~~~~~~~~~~~~~~~~~~~~~~~~~~~~~~~~~~~~~~~~~~~~~~~~~~~~~~~~~~~~~~~~~~~~~~~~~~~~~~~~~~~~~~~~~~
 3266 |                      signature_algorithms != NULL ? signature_algorithms->count : 0)) == PTLS_ERROR_ASYNC_OPERATION) {
      |                      ~~~~~~~~~~~~~~~~~~~~~~~~~~~~~~~~~~~~~~~~~~~~~~~~~~~~~~~~~~~~~~~~~~~~~~~~~~~~~~~~~~~~~~~~~~~~~~~~~
 3267 |                 assert(tls->is_server || !"async operation only supported on the server-side");
      |                 ~~~~~~~~~~~~~~~~~~~~~~~~~~~~~~~~~~~~~~~~~~~~~~~~~~~~~~~~~~~~~~~~~~~~~~~~~~~~~~~
 3268 |                 assert(tls->server.async_job != NULL);
      |                 ~~~~~~~~~~~~~~~~~~~~~~~~~~~~~~~~~~~~~~
 3269 |                 /* Reset the output to the end of the previous handshake message. CertificateVerify will be rebuilt when the async
      |                 ~~~~~~~~~~~~~~~~~~~~~~~~~~~~~~~~~~~~~~~~~~~~~~~~~~~~~~~~~~~~~~~~~~~~~~~~~~~~~~~~~~~~~~~~~~~~~~~~~~~~~~~~~~~~~~~~~~
 3270 |                  * operation completes. */
      |                  ~~~~~~~~~~~~~~~~~~~~~~~~~
 3271 |                 emitter->buf->off = start_off;
      |                 ~~~~~~~~~~~~~~~~~~~~~~~~~~~~~~
 3272 |                 goto Exit;
      |                 ~~~~~~~~~~
 3273 |             }
      |             ~
 3274 |             assert(!tls->is_server || tls->server.async_job == NULL);
      |             ~~~~~~~~~~~~~~~~~~~~~~~~~~~~~~~~~~~~~~~~~~~~~~~~~~~~~~~~~
vendor/picotls/include/picotls.h:1293:22: note: expanded from macro 'ptls_buffer_push_block'
 1293 |         if (capacity != -1) {                                                                                                      \
      |             ~~~~~~~~ ^  ~~
vendor/picotls/include/picotls.h:1344:75: note: expanded from macro 'ptls_push_message'
 1344 |         ptls_buffer_push_message_body(_emitter->buf, (key_sched), (type), block);                                                  \
      |                                                                           ^~~~~
vendor/picotls/include/picotls.h:1334:41: note: expanded from macro 'ptls_buffer_push_message_body'
 1334 |         ptls_buffer_push_block(_buf, 3, block);                                                                                    \
      |                                         ^~~~~
vendor/picotls/include/picotls.h:1290:13: note: expanded from macro 'ptls_buffer_push_block'
 1290 |             block                                                                                                                  \
      |             ^~~~~
vendor/picotls/lib/picotls.c:3255:5: warning: comparison of integers of different signs: 'size_t' (aka 'unsigned long') and 'int' [-Wsign-compare]
 3255 |     ptls_push_message(emitter, tls->key_schedule, PTLS_HANDSHAKE_TYPE_CERTIFICATE_VERIFY, {
      |     ^~~~~~~~~~~~~~~~~~~~~~~~~~~~~~~~~~~~~~~~~~~~~~~~~~~~~~~~~~~~~~~~~~~~~~~~~~~~~~~~~~~~~~~
 3256 |         ptls_buffer_t *sendbuf = emitter->buf;
      |         ~~~~~~~~~~~~~~~~~~~~~~~~~~~~~~~~~~~~~~
 3257 |         size_t algo_off = sendbuf->off;
      |         ~~~~~~~~~~~~~~~~~~~~~~~~~~~~~~~
 3258 |         ptls_buffer_push16(sendbuf, 0); /* filled in later */
      |         ~~~~~~~~~~~~~~~~~~~~~~~~~~~~~~~~~~~~~~~~~~~~~~~~~~~~~
 3259 |         ptls_buffer_push_block(sendbuf, 2, {
      |         ~~~~~~~~~~~~~~~~~~~~~~~~~~~~~~~~~~~~
 3260 |             uint16_t algo;
      |             ~~~~~~~~~~~~~~
 3261 |             uint8_t data[PTLS_MAX_CERTIFICATE_VERIFY_SIGNDATA_SIZE];
      |             ~~~~~~~~~~~~~~~~~~~~~~~~~~~~~~~~~~~~~~~~~~~~~~~~~~~~~~~~
 3262 |             size_t datalen = build_certificate_verify_signdata(data, tls->key_schedule, context_string);
      |             ~~~~~~~~~~~~~~~~~~~~~~~~~~~~~~~~~~~~~~~~~~~~~~~~~~~~~~~~~~~~~~~~~~~~~~~~~~~~~~~~~~~~~~~~~~~~
 3263 |             if ((ret = tls->ctx->sign_certificate->cb(
      |             ~~~~~~~~~~~~~~~~~~~~~~~~~~~~~~~~~~~~~~~~~~
 3264 |                      tls->ctx->sign_certificate, tls, tls->is_server ? &tls->server.async_job : NULL, &algo, sendbuf,
      |                      ~~~~~~~~~~~~~~~~~~~~~~~~~~~~~~~~~~~~~~~~~~~~~~~~~~~~~~~~~~~~~~~~~~~~~~~~~~~~~~~~~~~~~~~~~~~~~~~~
 3265 |                      ptls_iovec_init(data, datalen), signature_algorithms != NULL ? signature_algorithms->list : NULL,
      |                      ~~~~~~~~~~~~~~~~~~~~~~~~~~~~~~~~~~~~~~~~~~~~~~~~~~~~~~~~~~~~~~~~~~~~~~~~~~~~~~~~~~~~~~~~~~~~~~~~~
 3266 |                      signature_algorithms != NULL ? signature_algorithms->count : 0)) == PTLS_ERROR_ASYNC_OPERATION) {
      |                      ~~~~~~~~~~~~~~~~~~~~~~~~~~~~~~~~~~~~~~~~~~~~~~~~~~~~~~~~~~~~~~~~~~~~~~~~~~~~~~~~~~~~~~~~~~~~~~~~~
 3267 |                 assert(tls->is_server || !"async operation only supported on the server-side");
      |                 ~~~~~~~~~~~~~~~~~~~~~~~~~~~~~~~~~~~~~~~~~~~~~~~~~~~~~~~~~~~~~~~~~~~~~~~~~~~~~~~
 3268 |                 assert(tls->server.async_job != NULL);
      |                 ~~~~~~~~~~~~~~~~~~~~~~~~~~~~~~~~~~~~~~
 3269 |                 /* Reset the output to the end of the previous handshake message. CertificateVerify will be rebuilt when the async
      |                 ~~~~~~~~~~~~~~~~~~~~~~~~~~~~~~~~~~~~~~~~~~~~~~~~~~~~~~~~~~~~~~~~~~~~~~~~~~~~~~~~~~~~~~~~~~~~~~~~~~~~~~~~~~~~~~~~~~
 3270 |                  * operation completes. */
      |                  ~~~~~~~~~~~~~~~~~~~~~~~~~
vendor/picotls/include/picotls.h:1344:9: note: expanded from macro 'ptls_push_message'
 1344 |         ptls_buffer_push_message_body(_emitter->buf, (key_sched), (type), block);                                                  \
      |         ^~~~~~~~~~~~~~~~~~~~~~~~~~~~~~~~~~~~~~~~~~~~~~~~~~~~~~~~~~~~~~~~~~~~~~~~
vendor/picotls/include/picotls.h:1334:9: note: expanded from macro 'ptls_buffer_push_message_body'
 1334 |         ptls_buffer_push_block(_buf, 3, block);                                                                                    \
      |         ^~~~~~~~~~~~~~~~~~~~~~~~~~~~~~~~~~~~~~
vendor/picotls/include/picotls.h:1293:22: note: expanded from macro 'ptls_buffer_push_block'
 1293 |         if (capacity != -1) {                                                                                                      \
      |             ~~~~~~~~ ^  ~~
vendor/picotls/lib/picotls.c:3312:5: warning: comparison of integers of different signs: 'size_t' (aka 'unsigned long') and 'int' [-Wsign-compare]
 3312 |     ptls_decode_open_block(src, end, 1, {
      |     ^~~~~~~~~~~~~~~~~~~~~~~~~~~~~~~~~~~~~
 3313 |         if (src != end) {
      |         ~~~~~~~~~~~~~~~~~
 3314 |             ret = PTLS_ALERT_ILLEGAL_PARAMETER;
      |             ~~~~~~~~~~~~~~~~~~~~~~~~~~~~~~~~~~~
 3315 |             goto Exit;
      |             ~~~~~~~~~~
 3316 |         }
      |         ~
 3317 |     });
      |     ~~
vendor/picotls/include/picotls.h:1360:23: note: expanded from macro 'ptls_decode_open_block'
 1360 |         if (_capacity == -1) {                                                                                                     \
      |             ~~~~~~~~~ ^  ~~
vendor/picotls/lib/picotls.c:3319:5: warning: comparison of integers of different signs: 'size_t' (aka 'unsigned long') and 'int' [-Wsign-compare]
 3319 |     ptls_decode_block(src, end, 3, {
      |     ^~~~~~~~~~~~~~~~~~~~~~~~~~~~~~~~
 3320 |         while (src != end) {
      |         ~~~~~~~~~~~~~~~~~~~~
 3321 |             ptls_decode_open_block(src, end, 3, {
      |             ~~~~~~~~~~~~~~~~~~~~~~~~~~~~~~~~~~~~~
 3322 |                 if (num_certs < PTLS_ELEMENTSOF(certs))
      |                 ~~~~~~~~~~~~~~~~~~~~~~~~~~~~~~~~~~~~~~~
 3323 |                     certs[num_certs++] = ptls_iovec_init(src, end - src);
      |                     ~~~~~~~~~~~~~~~~~~~~~~~~~~~~~~~~~~~~~~~~~~~~~~~~~~~~~
 3324 |                 src = end;
      |                 ~~~~~~~~~~
 3325 |             });
      |             ~~~
 3326 |             uint16_t type;
      |             ~~~~~~~~~~~~~~
 3327 |             decode_open_extensions(src, end, PTLS_HANDSHAKE_TYPE_CERTIFICATE, &type, {
      |             ~~~~~~~~~~~~~~~~~~~~~~~~~~~~~~~~~~~~~~~~~~~~~~~~~~~~~~~~~~~~~~~~~~~~~~~~~~
 3328 |                 if (tls->ctx->on_extension != NULL &&
      |                 ~~~~~~~~~~~~~~~~~~~~~~~~~~~~~~~~~~~~~
 3329 |                     (ret = tls->ctx->on_extension->cb(tls->ctx->on_extension, tls, PTLS_HANDSHAKE_TYPE_CERTIFICATE, type,
      |                     ~~~~~~~~~~~~~~~~~~~~~~~~~~~~~~~~~~~~~~~~~~~~~~~~~~~~~~~~~~~~~~~~~~~~~~~~~~~~~~~~~~~~~~~~~~~~~~~~~~~~~
 3330 |                                                       ptls_iovec_init(src, end - src)) != 0))
      |                                                       ~~~~~~~~~~~~~~~~~~~~~~~~~~~~~~~~~~~~~~~
 3331 |                     goto Exit;
      |                     ~~~~~~~~~~
 3332 |                 src = end;
      |                 ~~~~~~~~~~
 3333 |             });
      |             ~~~
 3334 |         }
      |         ~
vendor/picotls/include/picotls.h:1406:9: note: expanded from macro 'ptls_decode_block'
 1406 |         ptls_decode_open_block((src), end, capacity, block);                                                                       \
      |         ^~~~~~~~~~~~~~~~~~~~~~~~~~~~~~~~~~~~~~~~~~~~~~~~~~~
vendor/picotls/include/picotls.h:1360:23: note: expanded from macro 'ptls_decode_open_block'
 1360 |         if (_capacity == -1) {                                                                                                     \
      |             ~~~~~~~~~ ^  ~~
vendor/picotls/lib/picotls.c:3321:13: warning: comparison of integers of different signs: 'size_t' (aka 'unsigned long') and 'int' [-Wsign-compare]
 3321 |             ptls_decode_open_block(src, end, 3, {
      |             ^~~~~~~~~~~~~~~~~~~~~~~~~~~~~~~~~~~~~
 3322 |                 if (num_certs < PTLS_ELEMENTSOF(certs))
      |                 ~~~~~~~~~~~~~~~~~~~~~~~~~~~~~~~~~~~~~~~
 3323 |                     certs[num_certs++] = ptls_iovec_init(src, end - src);
      |                     ~~~~~~~~~~~~~~~~~~~~~~~~~~~~~~~~~~~~~~~~~~~~~~~~~~~~~
 3324 |                 src = end;
      |                 ~~~~~~~~~~
 3325 |             });
      |             ~~
vendor/picotls/include/picotls.h:1360:23: note: expanded from macro 'ptls_decode_open_block'
 1360 |         if (_capacity == -1) {                                                                                                     \
      |             ~~~~~~~~~ ^  ~~
vendor/picotls/include/picotls.h:1406:54: note: expanded from macro 'ptls_decode_block'
 1406 |         ptls_decode_open_block((src), end, capacity, block);                                                                       \
      |                                                      ^~~~~
vendor/picotls/include/picotls.h:1387:17: note: expanded from macro 'ptls_decode_open_block'
 1387 |                 block                                                                                                              \
      |                 ^~~~~
vendor/picotls/lib/picotls.c:3327:13: warning: comparison of integers of different signs: 'size_t' (aka 'unsigned long') and 'int' [-Wsign-compare]
 3327 |             decode_open_extensions(src, end, PTLS_HANDSHAKE_TYPE_CERTIFICATE, &type, {
      |             ^~~~~~~~~~~~~~~~~~~~~~~~~~~~~~~~~~~~~~~~~~~~~~~~~~~~~~~~~~~~~~~~~~~~~~~~~~
 3328 |                 if (tls->ctx->on_extension != NULL &&
      |                 ~~~~~~~~~~~~~~~~~~~~~~~~~~~~~~~~~~~~~
 3329 |                     (ret = tls->ctx->on_extension->cb(tls->ctx->on_extension, tls, PTLS_HANDSHAKE_TYPE_CERTIFICATE, type,
      |                     ~~~~~~~~~~~~~~~~~~~~~~~~~~~~~~~~~~~~~~~~~~~~~~~~~~~~~~~~~~~~~~~~~~~~~~~~~~~~~~~~~~~~~~~~~~~~~~~~~~~~~
 3330 |                                                       ptls_iovec_init(src, end - src)) != 0))
      |                                                       ~~~~~~~~~~~~~~~~~~~~~~~~~~~~~~~~~~~~~~~
 3331 |                     goto Exit;
      |                     ~~~~~~~~~~
 3332 |                 src = end;
      |                 ~~~~~~~~~~
 3333 |             });
      |             ~~
vendor/picotls/lib/picotls.c:900:9: note: expanded from macro 'decode_open_extensions'
  900 |         ptls_decode_open_block((src), end, 2, {                                                                                    \
      |         ^~~~~~~~~~~~~~~~~~~~~~~~~~~~~~~~~~~~~~~~~~~~~~~~~~~~~~~~~~~~~~~~~~~~~~~~~~~~~~~~~~~~~~~~~~~~~~~~~~~~~~~~~~~~~~~~~~~~~~~~~~~~
  901 |             while ((src) != end) {                                                                                                 \
      |             ~~~~~~~~~~~~~~~~~~~~~~~~~~~~~~~~~~~~~~~~~~~~~~~~~~~~~~~~~~~~~~~~~~~~~~~~~~~~~~~~~~~~~~~~~~~~~~~~~~~~~~~~~~~~~~~~~~~~~~~~
  902 |                 if ((ret = ptls_decode16((exttype), &(src), end)) != 0)                                                            \
      |                 ~~~~~~~~~~~~~~~~~~~~~~~~~~~~~~~~~~~~~~~~~~~~~~~~~~~~~~~~~~~~~~~~~~~~~~~~~~~~~~~~~~~~~~~~~~~~~~~~~~~~~~~~~~~~~~~~~~~~
  903 |                     goto Exit;                                                                                                     \
      |                     ~~~~~~~~~~~~~~~~~~~~~~~~~~~~~~~~~~~~~~~~~~~~~~~~~~~~~~~~~~~~~~~~~~~~~~~~~~~~~~~~~~~~~~~~~~~~~~~~~~~~~~~~~~~~~~~~
  904 |                 if (!extension_bitmap_testandset(&bitmap, (hstype), *(exttype))) {                                                 \
      |                 ~~~~~~~~~~~~~~~~~~~~~~~~~~~~~~~~~~~~~~~~~~~~~~~~~~~~~~~~~~~~~~~~~~~~~~~~~~~~~~~~~~~~~~~~~~~~~~~~~~~~~~~~~~~~~~~~~~~~
  905 |                     ret = PTLS_ALERT_ILLEGAL_PARAMETER;                                                                            \
      |                     ~~~~~~~~~~~~~~~~~~~~~~~~~~~~~~~~~~~~~~~~~~~~~~~~~~~~~~~~~~~~~~~~~~~~~~~~~~~~~~~~~~~~~~~~~~~~~~~~~~~~~~~~~~~~~~~~
  906 |                     goto Exit;                                                                                                     \
      |                     ~~~~~~~~~~~~~~~~~~~~~~~~~~~~~~~~~~~~~~~~~~~~~~~~~~~~~~~~~~~~~~~~~~~~~~~~~~~~~~~~~~~~~~~~~~~~~~~~~~~~~~~~~~~~~~~~
  907 |                 }                                                                                                                  \
      |                 ~~~~~~~~~~~~~~~~~~~~~~~~~~~~~~~~~~~~~~~~~~~~~~~~~~~~~~~~~~~~~~~~~~~~~~~~~~~~~~~~~~~~~~~~~~~~~~~~~~~~~~~~~~~~~~~~~~~~
  908 |                 ptls_decode_open_block((src), end, 2, block);                                                                      \
      |                 ~~~~~~~~~~~~~~~~~~~~~~~~~~~~~~~~~~~~~~~~~~~~~~~~~~~~~~~~~~~~~~~~~~~~~~~~~~~~~~~~~~~~~~~~~~~~~~~~~~~~~~~~~~~~~~~~~~~~
  909 |             }                                                                                                                      \
      |             ~~~~~~~~~~~~~~~~~~~~~~~~~~~~~~~~~~~~~~~~~~~~~~~~~~~~~~~~~~~~~~~~~~~~~~~~~~~~~~~~~~~~~~~~~~~~~~~~~~~~~~~~~~~~~~~~~~~~~~~~
  910 |         });                                                                                                                        \
      |         ~~
vendor/picotls/include/picotls.h:1360:23: note: expanded from macro 'ptls_decode_open_block'
 1360 |         if (_capacity == -1) {                                                                                                     \
      |             ~~~~~~~~~ ^  ~~
vendor/picotls/include/picotls.h:1406:54: note: expanded from macro 'ptls_decode_block'
 1406 |         ptls_decode_open_block((src), end, capacity, block);                                                                       \
      |                                                      ^~~~~
vendor/picotls/include/picotls.h:1387:17: note: expanded from macro 'ptls_decode_open_block'
 1387 |                 block                                                                                                              \
      |                 ^~~~~
vendor/picotls/lib/picotls.c:3327:13: warning: comparison of integers of different signs: 'size_t' (aka 'unsigned long') and 'int' [-Wsign-compare]
 3327 |             decode_open_extensions(src, end, PTLS_HANDSHAKE_TYPE_CERTIFICATE, &type, {
      |             ^~~~~~~~~~~~~~~~~~~~~~~~~~~~~~~~~~~~~~~~~~~~~~~~~~~~~~~~~~~~~~~~~~~~~~~~~~
 3328 |                 if (tls->ctx->on_extension != NULL &&
      |                 ~~~~~~~~~~~~~~~~~~~~~~~~~~~~~~~~~~~~~
 3329 |                     (ret = tls->ctx->on_extension->cb(tls->ctx->on_extension, tls, PTLS_HANDSHAKE_TYPE_CERTIFICATE, type,
      |                     ~~~~~~~~~~~~~~~~~~~~~~~~~~~~~~~~~~~~~~~~~~~~~~~~~~~~~~~~~~~~~~~~~~~~~~~~~~~~~~~~~~~~~~~~~~~~~~~~~~~~~
 3330 |                                                       ptls_iovec_init(src, end - src)) != 0))
      |                                                       ~~~~~~~~~~~~~~~~~~~~~~~~~~~~~~~~~~~~~~~
 3331 |                     goto Exit;
      |                     ~~~~~~~~~~
 3332 |                 src = end;
      |                 ~~~~~~~~~~
 3333 |             });
      |             ~~
vendor/picotls/lib/picotls.c:908:17: note: expanded from macro 'decode_open_extensions'
  908 |                 ptls_decode_open_block((src), end, 2, block);                                                                      \
      |                 ^~~~~~~~~~~~~~~~~~~~~~~~~~~~~~~~~~~~~~~~~~~~
vendor/picotls/include/picotls.h:1360:23: note: expanded from macro 'ptls_decode_open_block'
 1360 |         if (_capacity == -1) {                                                                                                     \
      |             ~~~~~~~~~ ^  ~~
vendor/picotls/include/picotls.h:1387:17: note: expanded from macro 'ptls_decode_open_block'
 1387 |                 block                                                                                                              \
      |                 ^~~~~
vendor/picotls/include/picotls.h:1406:54: note: expanded from macro 'ptls_decode_block'
 1406 |         ptls_decode_open_block((src), end, capacity, block);                                                                       \
      |                                                      ^~~~~
vendor/picotls/include/picotls.h:1387:17: note: expanded from macro 'ptls_decode_open_block'
 1387 |                 block                                                                                                              \
      |                 ^~~~~
vendor/picotls/lib/picotls.c:3408:5: warning: comparison of integers of different signs: 'size_t' (aka 'unsigned long') and 'int' [-Wsign-compare]
 3408 |     ptls_decode_block(src, end, 3, {
      |     ^~~~~~~~~~~~~~~~~~~~~~~~~~~~~~~~
 3409 |         if ((ret = tls->ctx->decompress_certificate->cb(tls->ctx->decompress_certificate, tls, algo,
      |         ~~~~~~~~~~~~~~~~~~~~~~~~~~~~~~~~~~~~~~~~~~~~~~~~~~~~~~~~~~~~~~~~~~~~~~~~~~~~~~~~~~~~~~~~~~~~
 3410 |                                                         ptls_iovec_init(uncompressed, uncompressed_size),
      |                                                         ~~~~~~~~~~~~~~~~~~~~~~~~~~~~~~~~~~~~~~~~~~~~~~~~~
 3411 |                                                         ptls_iovec_init(src, end - src))) != 0)
      |                                                         ~~~~~~~~~~~~~~~~~~~~~~~~~~~~~~~~~~~~~~~
 3412 |             goto Exit;
      |             ~~~~~~~~~~
 3413 |         src = end;
      |         ~~~~~~~~~~
 3414 |     });
      |     ~~
vendor/picotls/include/picotls.h:1406:9: note: expanded from macro 'ptls_decode_block'
 1406 |         ptls_decode_open_block((src), end, capacity, block);                                                                       \
      |         ^~~~~~~~~~~~~~~~~~~~~~~~~~~~~~~~~~~~~~~~~~~~~~~~~~~
vendor/picotls/include/picotls.h:1360:23: note: expanded from macro 'ptls_decode_open_block'
 1360 |         if (_capacity == -1) {                                                                                                     \
      |             ~~~~~~~~~ ^  ~~
vendor/picotls/lib/picotls.c:3460:5: warning: comparison of integers of different signs: 'size_t' (aka 'unsigned long') and 'int' [-Wsign-compare]
 3460 |     ptls_decode_block(src, end, 2, {
      |     ^~~~~~~~~~~~~~~~~~~~~~~~~~~~~~~~
 3461 |         signature = ptls_iovec_init(src, end - src);
      |         ~~~~~~~~~~~~~~~~~~~~~~~~~~~~~~~~~~~~~~~~~~~~
 3462 |         src = end;
      |         ~~~~~~~~~~
 3463 |     });
      |     ~~
vendor/picotls/include/picotls.h:1406:9: note: expanded from macro 'ptls_decode_block'
 1406 |         ptls_decode_open_block((src), end, capacity, block);                                                                       \
      |         ^~~~~~~~~~~~~~~~~~~~~~~~~~~~~~~~~~~~~~~~~~~~~~~~~~~
vendor/picotls/include/picotls.h:1360:23: note: expanded from macro 'ptls_decode_open_block'
 1360 |         if (_capacity == -1) {                                                                                                     \
      |             ~~~~~~~~~ ^  ~~
vendor/picotls/lib/picotls.c:3531:13: warning: comparison of integers of different signs: 'size_t' (aka 'unsigned long') and 'int' [-Wsign-compare]
 3531 |             ptls_push_message(emitter, tls->key_schedule, PTLS_HANDSHAKE_TYPE_END_OF_EARLY_DATA, {});
      |             ^~~~~~~~~~~~~~~~~~~~~~~~~~~~~~~~~~~~~~~~~~~~~~~~~~~~~~~~~~~~~~~~~~~~~~~~~~~~~~~~~~~~~~~~
vendor/picotls/include/picotls.h:1344:9: note: expanded from macro 'ptls_push_message'
 1344 |         ptls_buffer_push_message_body(_emitter->buf, (key_sched), (type), block);                                                  \
      |         ^~~~~~~~~~~~~~~~~~~~~~~~~~~~~~~~~~~~~~~~~~~~~~~~~~~~~~~~~~~~~~~~~~~~~~~~
vendor/picotls/include/picotls.h:1334:9: note: expanded from macro 'ptls_buffer_push_message_body'
 1334 |         ptls_buffer_push_block(_buf, 3, block);                                                                                    \
      |         ^~~~~~~~~~~~~~~~~~~~~~~~~~~~~~~~~~~~~~
vendor/picotls/include/picotls.h:1287:72: note: expanded from macro 'ptls_buffer_push_block'
 1287 |         ptls_buffer_pushv((buf), (uint8_t *)"\0\0\0\0\0\0\0", capacity != -1 ? capacity : 1);                                      \
      |                                                               ~~~~~~~~ ^  ~~
vendor/picotls/include/picotls.h:1241:57: note: expanded from macro 'ptls_buffer_pushv'
 1241 |         if ((ret = ptls_buffer__do_pushv((buf), (src), (len))) != 0)                                                               \
      |                                                         ^~~
vendor/picotls/lib/picotls.c:3531:13: warning: comparison of integers of different signs: 'size_t' (aka 'unsigned long') and 'int' [-Wsign-compare]
 3531 |             ptls_push_message(emitter, tls->key_schedule, PTLS_HANDSHAKE_TYPE_END_OF_EARLY_DATA, {});
      |             ^~~~~~~~~~~~~~~~~~~~~~~~~~~~~~~~~~~~~~~~~~~~~~~~~~~~~~~~~~~~~~~~~~~~~~~~~~~~~~~~~~~~~~~~
vendor/picotls/include/picotls.h:1344:9: note: expanded from macro 'ptls_push_message'
 1344 |         ptls_buffer_push_message_body(_emitter->buf, (key_sched), (type), block);                                                  \
      |         ^~~~~~~~~~~~~~~~~~~~~~~~~~~~~~~~~~~~~~~~~~~~~~~~~~~~~~~~~~~~~~~~~~~~~~~~
vendor/picotls/include/picotls.h:1334:9: note: expanded from macro 'ptls_buffer_push_message_body'
 1334 |         ptls_buffer_push_block(_buf, 3, block);                                                                                    \
      |         ^~~~~~~~~~~~~~~~~~~~~~~~~~~~~~~~~~~~~~
vendor/picotls/include/picotls.h:1293:22: note: expanded from macro 'ptls_buffer_push_block'
 1293 |         if (capacity != -1) {                                                                                                      \
      |             ~~~~~~~~ ^  ~~
vendor/picotls/lib/picotls.c:3592:5: warning: comparison of integers of different signs: 'size_t' (aka 'unsigned long') and 'int' [-Wsign-compare]
 3592 |     ptls_buffer_push_block(&ticket_buf, 3, { ptls_buffer_pushv(&ticket_buf, src, end - src); });
      |     ^~~~~~~~~~~~~~~~~~~~~~~~~~~~~~~~~~~~~~~~~~~~~~~~~~~~~~~~~~~~~~~~~~~~~~~~~~~~~~~~~~~~~~~~~~~
vendor/picotls/include/picotls.h:1287:72: note: expanded from macro 'ptls_buffer_push_block'
 1287 |         ptls_buffer_pushv((buf), (uint8_t *)"\0\0\0\0\0\0\0", capacity != -1 ? capacity : 1);                                      \
      |                                                               ~~~~~~~~ ^  ~~
vendor/picotls/include/picotls.h:1241:57: note: expanded from macro 'ptls_buffer_pushv'
 1241 |         if ((ret = ptls_buffer__do_pushv((buf), (src), (len))) != 0)                                                               \
      |                                                         ^~~
vendor/picotls/lib/picotls.c:3592:5: warning: comparison of integers of different signs: 'size_t' (aka 'unsigned long') and 'int' [-Wsign-compare]
 3592 |     ptls_buffer_push_block(&ticket_buf, 3, { ptls_buffer_pushv(&ticket_buf, src, end - src); });
      |     ^~~~~~~~~~~~~~~~~~~~~~~~~~~~~~~~~~~~~~~~~~~~~~~~~~~~~~~~~~~~~~~~~~~~~~~~~~~~~~~~~~~~~~~~~~~
vendor/picotls/include/picotls.h:1293:22: note: expanded from macro 'ptls_buffer_push_block'
 1293 |         if (capacity != -1) {                                                                                                      \
      |             ~~~~~~~~ ^  ~~
vendor/picotls/lib/picotls.c:3593:5: warning: comparison of integers of different signs: 'size_t' (aka 'unsigned long') and 'int' [-Wsign-compare]
 3593 |     ptls_buffer_push_block(&ticket_buf, 2, {
      |     ^~~~~~~~~~~~~~~~~~~~~~~~~~~~~~~~~~~~~~~~
 3594 |         if ((ret = ptls_buffer_reserve(&ticket_buf, tls->key_schedule->hashes[0].algo->digest_size)) != 0)
      |         ~~~~~~~~~~~~~~~~~~~~~~~~~~~~~~~~~~~~~~~~~~~~~~~~~~~~~~~~~~~~~~~~~~~~~~~~~~~~~~~~~~~~~~~~~~~~~~~~~~
 3595 |             goto Exit;
      |             ~~~~~~~~~~
 3596 |         if ((ret = derive_resumption_secret(tls->key_schedule, ticket_buf.base + ticket_buf.off, ticket_nonce)) != 0)
      |         ~~~~~~~~~~~~~~~~~~~~~~~~~~~~~~~~~~~~~~~~~~~~~~~~~~~~~~~~~~~~~~~~~~~~~~~~~~~~~~~~~~~~~~~~~~~~~~~~~~~~~~~~~~~~~
 3597 |             goto Exit;
      |             ~~~~~~~~~~
 3598 |         ticket_buf.off += tls->key_schedule->hashes[0].algo->digest_size;
      |         ~~~~~~~~~~~~~~~~~~~~~~~~~~~~~~~~~~~~~~~~~~~~~~~~~~~~~~~~~~~~~~~~~
 3599 |     });
      |     ~~
vendor/picotls/include/picotls.h:1287:72: note: expanded from macro 'ptls_buffer_push_block'
 1287 |         ptls_buffer_pushv((buf), (uint8_t *)"\0\0\0\0\0\0\0", capacity != -1 ? capacity : 1);                                      \
      |                                                               ~~~~~~~~ ^  ~~
vendor/picotls/include/picotls.h:1241:57: note: expanded from macro 'ptls_buffer_pushv'
 1241 |         if ((ret = ptls_buffer__do_pushv((buf), (src), (len))) != 0)                                                               \
      |                                                         ^~~
vendor/picotls/lib/picotls.c:3593:5: warning: comparison of integers of different signs: 'size_t' (aka 'unsigned long') and 'int' [-Wsign-compare]
 3593 |     ptls_buffer_push_block(&ticket_buf, 2, {
      |     ^~~~~~~~~~~~~~~~~~~~~~~~~~~~~~~~~~~~~~~~
 3594 |         if ((ret = ptls_buffer_reserve(&ticket_buf, tls->key_schedule->hashes[0].algo->digest_size)) != 0)
      |         ~~~~~~~~~~~~~~~~~~~~~~~~~~~~~~~~~~~~~~~~~~~~~~~~~~~~~~~~~~~~~~~~~~~~~~~~~~~~~~~~~~~~~~~~~~~~~~~~~~
 3595 |             goto Exit;
      |             ~~~~~~~~~~
 3596 |         if ((ret = derive_resumption_secret(tls->key_schedule, ticket_buf.base + ticket_buf.off, ticket_nonce)) != 0)
      |         ~~~~~~~~~~~~~~~~~~~~~~~~~~~~~~~~~~~~~~~~~~~~~~~~~~~~~~~~~~~~~~~~~~~~~~~~~~~~~~~~~~~~~~~~~~~~~~~~~~~~~~~~~~~~~
 3597 |             goto Exit;
      |             ~~~~~~~~~~
 3598 |         ticket_buf.off += tls->key_schedule->hashes[0].algo->digest_size;
      |         ~~~~~~~~~~~~~~~~~~~~~~~~~~~~~~~~~~~~~~~~~~~~~~~~~~~~~~~~~~~~~~~~~
 3599 |     });
      |     ~~
vendor/picotls/include/picotls.h:1293:22: note: expanded from macro 'ptls_buffer_push_block'
 1293 |         if (capacity != -1) {                                                                                                      \
      |             ~~~~~~~~ ^  ~~
vendor/picotls/lib/picotls.c:3614:5: warning: comparison of integers of different signs: 'size_t' (aka 'unsigned long') and 'int' [-Wsign-compare]
 3614 |     ptls_decode_open_block(*src, end, 2, {
      |     ^~~~~~~~~~~~~~~~~~~~~~~~~~~~~~~~~~~~~~
 3615 |         do {
      |         ~~~~
 3616 |             uint8_t type;
      |             ~~~~~~~~~~~~~
 3617 |             if ((ret = ptls_decode8(&type, src, end)) != 0)
      |             ~~~~~~~~~~~~~~~~~~~~~~~~~~~~~~~~~~~~~~~~~~~~~~~
 3618 |                 goto Exit;
      |                 ~~~~~~~~~~
 3619 |             ptls_decode_open_block(*src, end, 2, {
      |             ~~~~~~~~~~~~~~~~~~~~~~~~~~~~~~~~~~~~~~
 3620 |                 switch (type) {
      |                 ~~~~~~~~~~~~~~~
 3621 |                 case PTLS_SERVER_NAME_TYPE_HOSTNAME:
      |                 ~~~~~~~~~~~~~~~~~~~~~~~~~~~~~~~~~~~~
 3622 |                     if (end - *src == 0) {
      |                     ~~~~~~~~~~~~~~~~~~~~~~
 3623 |                         ret = PTLS_ALERT_DECODE_ERROR;
      |                         ~~~~~~~~~~~~~~~~~~~~~~~~~~~~~~
 3624 |                         goto Exit;
      |                         ~~~~~~~~~~
 3625 |                     }
      |                     ~
 3626 |                     if (memchr(*src, '\0', end - *src) != 0) {
      |                     ~~~~~~~~~~~~~~~~~~~~~~~~~~~~~~~~~~~~~~~~~~
 3627 |                         ret = PTLS_ALERT_ILLEGAL_PARAMETER;
      |                         ~~~~~~~~~~~~~~~~~~~~~~~~~~~~~~~~~~~
 3628 |                         goto Exit;
      |                         ~~~~~~~~~~
 3629 |                     }
      |                     ~
vendor/picotls/include/picotls.h:1360:23: note: expanded from macro 'ptls_decode_open_block'
 1360 |         if (_capacity == -1) {                                                                                                     \
      |             ~~~~~~~~~ ^  ~~
vendor/picotls/lib/picotls.c:3619:13: warning: comparison of integers of different signs: 'size_t' (aka 'unsigned long') and 'int' [-Wsign-compare]
 3619 |             ptls_decode_open_block(*src, end, 2, {
      |             ^~~~~~~~~~~~~~~~~~~~~~~~~~~~~~~~~~~~~~
 3620 |                 switch (type) {
      |                 ~~~~~~~~~~~~~~~
 3621 |                 case PTLS_SERVER_NAME_TYPE_HOSTNAME:
      |                 ~~~~~~~~~~~~~~~~~~~~~~~~~~~~~~~~~~~~
 3622 |                     if (end - *src == 0) {
      |                     ~~~~~~~~~~~~~~~~~~~~~~
 3623 |                         ret = PTLS_ALERT_DECODE_ERROR;
      |                         ~~~~~~~~~~~~~~~~~~~~~~~~~~~~~~
 3624 |                         goto Exit;
      |                         ~~~~~~~~~~
 3625 |                     }
      |                     ~
 3626 |                     if (memchr(*src, '\0', end - *src) != 0) {
      |                     ~~~~~~~~~~~~~~~~~~~~~~~~~~~~~~~~~~~~~~~~~~
 3627 |                         ret = PTLS_ALERT_ILLEGAL_PARAMETER;
      |                         ~~~~~~~~~~~~~~~~~~~~~~~~~~~~~~~~~~~
 3628 |                         goto Exit;
      |                         ~~~~~~~~~~
 3629 |                     }
      |                     ~
 3630 |                     *name = ptls_iovec_init(*src, end - *src);
      |                     ~~~~~~~~~~~~~~~~~~~~~~~~~~~~~~~~~~~~~~~~~~
 3631 |                     break;
      |                     ~~~~~~
 3632 |                 default:
      |                 ~~~~~~~~
 3633 |                     break;
      |                     ~~~~~~
 3634 |                 }
      |                 ~
vendor/picotls/include/picotls.h:1360:23: note: expanded from macro 'ptls_decode_open_block'
 1360 |         if (_capacity == -1) {                                                                                                     \
      |             ~~~~~~~~~ ^  ~~
vendor/picotls/include/picotls.h:1387:17: note: expanded from macro 'ptls_decode_open_block'
 1387 |                 block                                                                                                              \
      |                 ^~~~~
vendor/picotls/lib/picotls.c:3649:5: warning: comparison of integers of different signs: 'size_t' (aka 'unsigned long') and 'int' [-Wsign-compare]
 3649 |     ptls_decode_block(src, end, 2, {
      |     ^~~~~~~~~~~~~~~~~~~~~~~~~~~~~~~~
 3650 |         while (src != end) {
      |         ~~~~~~~~~~~~~~~~~~~~
 3651 |             uint16_t group;
      |             ~~~~~~~~~~~~~~~
 3652 |             if ((ret = ptls_decode16(&group, &src, end)) != 0)
      |             ~~~~~~~~~~~~~~~~~~~~~~~~~~~~~~~~~~~~~~~~~~~~~~~~~~
 3653 |                 goto Exit;
      |                 ~~~~~~~~~~
 3654 |             ptls_key_exchange_algorithm_t **c = candidates;
      |             ~~~~~~~~~~~~~~~~~~~~~~~~~~~~~~~~~~~~~~~~~~~~~~~
 3655 |             for (; *c != NULL; ++c) {
      |             ~~~~~~~~~~~~~~~~~~~~~~~~~
 3656 |                 if ((*c)->id == group) {
      |                 ~~~~~~~~~~~~~~~~~~~~~~~~
 3657 |                     *selected = *c;
      |                     ~~~~~~~~~~~~~~~
 3658 |                     return 0;
      |                     ~~~~~~~~~
 3659 |                 }
      |                 ~
 3660 |             }
      |             ~
 3661 |         }
      |         ~
 3662 |     });
      |     ~~
vendor/picotls/include/picotls.h:1406:9: note: expanded from macro 'ptls_decode_block'
 1406 |         ptls_decode_open_block((src), end, capacity, block);                                                                       \
      |         ^~~~~~~~~~~~~~~~~~~~~~~~~~~~~~~~~~~~~~~~~~~~~~~~~~~
vendor/picotls/include/picotls.h:1360:23: note: expanded from macro 'ptls_decode_open_block'
 1360 |         if (_capacity == -1) {                                                                                                     \
      |             ~~~~~~~~~ ^  ~~
vendor/picotls/lib/picotls.c:3861:66: warning: missing field 'len' initializer [-Wmissing-field-initializers]
 3861 |                     ptls_client_hello_psk_identity_t psk = {{NULL}};
      |                                                                  ^
vendor/picotls/lib/picotls.c:3861:67: warning: missing field 'obfuscated_ticket_age' initializer [-Wmissing-field-initializers]
 3861 |                     ptls_client_hello_psk_identity_t psk = {{NULL}};
      |                                                                   ^
vendor/picotls/lib/picotls.c:3694:5: warning: comparison of integers of different signs: 'size_t' (aka 'unsigned long') and 'int' [-Wsign-compare]
 3694 |     ptls_decode_open_block(src, end, 1, {
      |     ^~~~~~~~~~~~~~~~~~~~~~~~~~~~~~~~~~~~~
 3695 |         if (end - src > 32) {
      |         ~~~~~~~~~~~~~~~~~~~~~
 3696 |             ret = PTLS_ALERT_DECODE_ERROR;
      |             ~~~~~~~~~~~~~~~~~~~~~~~~~~~~~~
 3697 |             goto Exit;
      |             ~~~~~~~~~~
 3698 |         }
      |         ~
 3699 |         ch->legacy_session_id = ptls_iovec_init(src, end - src);
      |         ~~~~~~~~~~~~~~~~~~~~~~~~~~~~~~~~~~~~~~~~~~~~~~~~~~~~~~~~
 3700 |         src = end;
      |         ~~~~~~~~~~
 3701 |     });
      |     ~~
vendor/picotls/include/picotls.h:1360:23: note: expanded from macro 'ptls_decode_open_block'
 1360 |         if (_capacity == -1) {                                                                                                     \
      |             ~~~~~~~~~ ^  ~~
vendor/picotls/lib/picotls.c:3704:5: warning: comparison of integers of different signs: 'size_t' (aka 'unsigned long') and 'int' [-Wsign-compare]
 3704 |     ptls_decode_open_block(src, end, 2, {
      |     ^~~~~~~~~~~~~~~~~~~~~~~~~~~~~~~~~~~~~
 3705 |         if ((end - src) % 2 != 0) {
      |         ~~~~~~~~~~~~~~~~~~~~~~~~~~~
 3706 |             ret = PTLS_ALERT_DECODE_ERROR;
      |             ~~~~~~~~~~~~~~~~~~~~~~~~~~~~~~
 3707 |             goto Exit;
      |             ~~~~~~~~~~
 3708 |         }
      |         ~
 3709 |         ch->cipher_suites = ptls_iovec_init(src, end - src);
      |         ~~~~~~~~~~~~~~~~~~~~~~~~~~~~~~~~~~~~~~~~~~~~~~~~~~~~
 3710 |         src = end;
      |         ~~~~~~~~~~
 3711 |     });
      |     ~~
vendor/picotls/include/picotls.h:1360:23: note: expanded from macro 'ptls_decode_open_block'
 1360 |         if (_capacity == -1) {                                                                                                     \
      |             ~~~~~~~~~ ^  ~~
vendor/picotls/lib/picotls.c:3714:5: warning: comparison of integers of different signs: 'size_t' (aka 'unsigned long') and 'int' [-Wsign-compare]
 3714 |     ptls_decode_open_block(src, end, 1, {
      |     ^~~~~~~~~~~~~~~~~~~~~~~~~~~~~~~~~~~~~
 3715 |         if (src == end) {
      |         ~~~~~~~~~~~~~~~~~
 3716 |             ret = PTLS_ALERT_DECODE_ERROR;
      |             ~~~~~~~~~~~~~~~~~~~~~~~~~~~~~~
 3717 |             goto Exit;
      |             ~~~~~~~~~~
 3718 |         }
      |         ~
 3719 |         ch->compression_methods.ids = src;
      |         ~~~~~~~~~~~~~~~~~~~~~~~~~~~~~~~~~~
 3720 |         ch->compression_methods.count = end - src;
      |         ~~~~~~~~~~~~~~~~~~~~~~~~~~~~~~~~~~~~~~~~~~
 3721 |         src = end;
      |         ~~~~~~~~~~
 3722 |     });
      |     ~~
vendor/picotls/include/picotls.h:1360:23: note: expanded from macro 'ptls_decode_open_block'
 1360 |         if (_capacity == -1) {                                                                                                     \
      |             ~~~~~~~~~ ^  ~~
vendor/picotls/lib/picotls.c:3734:5: warning: comparison of integers of different signs: 'size_t' (aka 'unsigned long') and 'int' [-Wsign-compare]
 3734 |     decode_extensions(src, end, PTLS_HANDSHAKE_TYPE_CLIENT_HELLO, &exttype, {
      |     ^~~~~~~~~~~~~~~~~~~~~~~~~~~~~~~~~~~~~~~~~~~~~~~~~~~~~~~~~~~~~~~~~~~~~~~~~
 3735 |         ch->psk.is_last_extension = 0;
      |         ~~~~~~~~~~~~~~~~~~~~~~~~~~~~~~
 3736 |         if (ctx->on_extension != NULL && tls_cbarg != NULL &&
      |         ~~~~~~~~~~~~~~~~~~~~~~~~~~~~~~~~~~~~~~~~~~~~~~~~~~~~~
 3737 |             (ret = ctx->on_extension->cb(ctx->on_extension, tls_cbarg, PTLS_HANDSHAKE_TYPE_CLIENT_HELLO, exttype,
      |             ~~~~~~~~~~~~~~~~~~~~~~~~~~~~~~~~~~~~~~~~~~~~~~~~~~~~~~~~~~~~~~~~~~~~~~~~~~~~~~~~~~~~~~~~~~~~~~~~~~~~~
 3738 |                                          ptls_iovec_init(src, end - src)) != 0))
      |                                          ~~~~~~~~~~~~~~~~~~~~~~~~~~~~~~~~~~~~~~~
 3739 |             goto Exit;
      |             ~~~~~~~~~~
 3740 |         switch (exttype) {
      |         ~~~~~~~~~~~~~~~~~~
 3741 |         case PTLS_EXTENSION_TYPE_SERVER_NAME:
      |         ~~~~~~~~~~~~~~~~~~~~~~~~~~~~~~~~~~~~~
 3742 |             if ((ret = client_hello_decode_server_name(&ch->server_name, &src, end)) != 0)
      |             ~~~~~~~~~~~~~~~~~~~~~~~~~~~~~~~~~~~~~~~~~~~~~~~~~~~~~~~~~~~~~~~~~~~~~~~~~~~~~~
 3743 |                 goto Exit;
      |                 ~~~~~~~~~~
 3744 |             if (src != end) {
      |             ~~~~~~~~~~~~~~~~~
 3745 |                 ret = PTLS_ALERT_DECODE_ERROR;
      |                 ~~~~~~~~~~~~~~~~~~~~~~~~~~~~~~
 3746 |                 goto Exit;
      |                 ~~~~~~~~~~
 3747 |             }
      |             ~
 3748 |             break;
      |             ~~~~~~
 3749 |         case PTLS_EXTENSION_TYPE_ALPN:
      |         ~~~~~~~~~~~~~~~~~~~~~~~~~~~~~~
vendor/picotls/lib/picotls.c:915:9: note: expanded from macro 'decode_extensions'
  915 |         decode_open_extensions((src), end, hstype, exttype, block);                                                                \
      |         ^~~~~~~~~~~~~~~~~~~~~~~~~~~~~~~~~~~~~~~~~~~~~~~~~~~~~~~~~~
vendor/picotls/lib/picotls.c:900:9: note: expanded from macro 'decode_open_extensions'
  900 |         ptls_decode_open_block((src), end, 2, {                                                                                    \
      |         ^~~~~~~~~~~~~~~~~~~~~~~~~~~~~~~~~~~~~~~~~~~~~~~~~~~~~~~~~~~~~~~~~~~~~~~~~~~~~~~~~~~~~~~~~~~~~~~~~~~~~~~~~~~~~~~~~~~~~~~~~~~~
  901 |             while ((src) != end) {                                                                                                 \
      |             ~~~~~~~~~~~~~~~~~~~~~~~~~~~~~~~~~~~~~~~~~~~~~~~~~~~~~~~~~~~~~~~~~~~~~~~~~~~~~~~~~~~~~~~~~~~~~~~~~~~~~~~~~~~~~~~~~~~~~~~~
  902 |                 if ((ret = ptls_decode16((exttype), &(src), end)) != 0)                                                            \
      |                 ~~~~~~~~~~~~~~~~~~~~~~~~~~~~~~~~~~~~~~~~~~~~~~~~~~~~~~~~~~~~~~~~~~~~~~~~~~~~~~~~~~~~~~~~~~~~~~~~~~~~~~~~~~~~~~~~~~~~
  903 |                     goto Exit;                                                                                                     \
      |                     ~~~~~~~~~~~~~~~~~~~~~~~~~~~~~~~~~~~~~~~~~~~~~~~~~~~~~~~~~~~~~~~~~~~~~~~~~~~~~~~~~~~~~~~~~~~~~~~~~~~~~~~~~~~~~~~~
  904 |                 if (!extension_bitmap_testandset(&bitmap, (hstype), *(exttype))) {                                                 \
      |                 ~~~~~~~~~~~~~~~~~~~~~~~~~~~~~~~~~~~~~~~~~~~~~~~~~~~~~~~~~~~~~~~~~~~~~~~~~~~~~~~~~~~~~~~~~~~~~~~~~~~~~~~~~~~~~~~~~~~~
  905 |                     ret = PTLS_ALERT_ILLEGAL_PARAMETER;                                                                            \
      |                     ~~~~~~~~~~~~~~~~~~~~~~~~~~~~~~~~~~~~~~~~~~~~~~~~~~~~~~~~~~~~~~~~~~~~~~~~~~~~~~~~~~~~~~~~~~~~~~~~~~~~~~~~~~~~~~~~
  906 |                     goto Exit;                                                                                                     \
      |                     ~~~~~~~~~~~~~~~~~~~~~~~~~~~~~~~~~~~~~~~~~~~~~~~~~~~~~~~~~~~~~~~~~~~~~~~~~~~~~~~~~~~~~~~~~~~~~~~~~~~~~~~~~~~~~~~~
  907 |                 }                                                                                                                  \
      |                 ~~~~~~~~~~~~~~~~~~~~~~~~~~~~~~~~~~~~~~~~~~~~~~~~~~~~~~~~~~~~~~~~~~~~~~~~~~~~~~~~~~~~~~~~~~~~~~~~~~~~~~~~~~~~~~~~~~~~
  908 |                 ptls_decode_open_block((src), end, 2, block);                                                                      \
      |                 ~~~~~~~~~~~~~~~~~~~~~~~~~~~~~~~~~~~~~~~~~~~~~~~~~~~~~~~~~~~~~~~~~~~~~~~~~~~~~~~~~~~~~~~~~~~~~~~~~~~~~~~~~~~~~~~~~~~~
  909 |             }                                                                                                                      \
      |             ~~~~~~~~~~~~~~~~~~~~~~~~~~~~~~~~~~~~~~~~~~~~~~~~~~~~~~~~~~~~~~~~~~~~~~~~~~~~~~~~~~~~~~~~~~~~~~~~~~~~~~~~~~~~~~~~~~~~~~~~
  910 |         });                                                                                                                        \
      |         ~~
vendor/picotls/include/picotls.h:1360:23: note: expanded from macro 'ptls_decode_open_block'
 1360 |         if (_capacity == -1) {                                                                                                     \
      |             ~~~~~~~~~ ^  ~~
vendor/picotls/lib/picotls.c:3734:5: warning: comparison of integers of different signs: 'size_t' (aka 'unsigned long') and 'int' [-Wsign-compare]
 3734 |     decode_extensions(src, end, PTLS_HANDSHAKE_TYPE_CLIENT_HELLO, &exttype, {
      |     ^~~~~~~~~~~~~~~~~~~~~~~~~~~~~~~~~~~~~~~~~~~~~~~~~~~~~~~~~~~~~~~~~~~~~~~~~
 3735 |         ch->psk.is_last_extension = 0;
      |         ~~~~~~~~~~~~~~~~~~~~~~~~~~~~~~
 3736 |         if (ctx->on_extension != NULL && tls_cbarg != NULL &&
      |         ~~~~~~~~~~~~~~~~~~~~~~~~~~~~~~~~~~~~~~~~~~~~~~~~~~~~~
 3737 |             (ret = ctx->on_extension->cb(ctx->on_extension, tls_cbarg, PTLS_HANDSHAKE_TYPE_CLIENT_HELLO, exttype,
      |             ~~~~~~~~~~~~~~~~~~~~~~~~~~~~~~~~~~~~~~~~~~~~~~~~~~~~~~~~~~~~~~~~~~~~~~~~~~~~~~~~~~~~~~~~~~~~~~~~~~~~~
 3738 |                                          ptls_iovec_init(src, end - src)) != 0))
      |                                          ~~~~~~~~~~~~~~~~~~~~~~~~~~~~~~~~~~~~~~~
 3739 |             goto Exit;
      |             ~~~~~~~~~~
 3740 |         switch (exttype) {
      |         ~~~~~~~~~~~~~~~~~~
 3741 |         case PTLS_EXTENSION_TYPE_SERVER_NAME:
      |         ~~~~~~~~~~~~~~~~~~~~~~~~~~~~~~~~~~~~~
 3742 |             if ((ret = client_hello_decode_server_name(&ch->server_name, &src, end)) != 0)
      |             ~~~~~~~~~~~~~~~~~~~~~~~~~~~~~~~~~~~~~~~~~~~~~~~~~~~~~~~~~~~~~~~~~~~~~~~~~~~~~~
 3743 |                 goto Exit;
      |                 ~~~~~~~~~~
 3744 |             if (src != end) {
      |             ~~~~~~~~~~~~~~~~~
 3745 |                 ret = PTLS_ALERT_DECODE_ERROR;
      |                 ~~~~~~~~~~~~~~~~~~~~~~~~~~~~~~
 3746 |                 goto Exit;
      |                 ~~~~~~~~~~
 3747 |             }
      |             ~
 3748 |             break;
      |             ~~~~~~
 3749 |         case PTLS_EXTENSION_TYPE_ALPN:
      |         ~~~~~~~~~~~~~~~~~~~~~~~~~~~~~~
vendor/picotls/lib/picotls.c:915:9: note: expanded from macro 'decode_extensions'
  915 |         decode_open_extensions((src), end, hstype, exttype, block);                                                                \
      |         ^~~~~~~~~~~~~~~~~~~~~~~~~~~~~~~~~~~~~~~~~~~~~~~~~~~~~~~~~~
vendor/picotls/lib/picotls.c:908:17: note: expanded from macro 'decode_open_extensions'
  908 |                 ptls_decode_open_block((src), end, 2, block);                                                                      \
      |                 ^~~~~~~~~~~~~~~~~~~~~~~~~~~~~~~~~~~~~~~~~~~~
vendor/picotls/include/picotls.h:1360:23: note: expanded from macro 'ptls_decode_open_block'
 1360 |         if (_capacity == -1) {                                                                                                     \
      |             ~~~~~~~~~ ^  ~~
vendor/picotls/include/picotls.h:1387:17: note: expanded from macro 'ptls_decode_open_block'
 1387 |                 block                                                                                                              \
      |                 ^~~~~
vendor/picotls/lib/picotls.c:3750:13: warning: comparison of integers of different signs: 'size_t' (aka 'unsigned long') and 'int' [-Wsign-compare]
 3750 |             ptls_decode_block(src, end, 2, {
      |             ^~~~~~~~~~~~~~~~~~~~~~~~~~~~~~~~
 3751 |                 do {
      |                 ~~~~
 3752 |                     ptls_decode_open_block(src, end, 1, {
      |                     ~~~~~~~~~~~~~~~~~~~~~~~~~~~~~~~~~~~~~
 3753 |                         /* rfc7301 3.1: empty strings MUST NOT be included */
      |                         ~~~~~~~~~~~~~~~~~~~~~~~~~~~~~~~~~~~~~~~~~~~~~~~~~~~~~
 3754 |                         if (src == end) {
      |                         ~~~~~~~~~~~~~~~~~
 3755 |                             ret = PTLS_ALERT_DECODE_ERROR;
      |                             ~~~~~~~~~~~~~~~~~~~~~~~~~~~~~~
 3756 |                             goto Exit;
      |                             ~~~~~~~~~~
 3757 |                         }
      |                         ~
 3758 |                         if (ch->alpn.count < PTLS_ELEMENTSOF(ch->alpn.list))
      |                         ~~~~~~~~~~~~~~~~~~~~~~~~~~~~~~~~~~~~~~~~~~~~~~~~~~~~
 3759 |                             ch->alpn.list[ch->alpn.count++] = ptls_iovec_init(src, end - src);
      |                             ~~~~~~~~~~~~~~~~~~~~~~~~~~~~~~~~~~~~~~~~~~~~~~~~~~~~~~~~~~~~~~~~~~
 3760 |                         src = end;
      |                         ~~~~~~~~~~
 3761 |                     });
      |                     ~~~
 3762 |                 } while (src != end);
      |                 ~~~~~~~~~~~~~~~~~~~~~
 3763 |             });
      |             ~~
vendor/picotls/include/picotls.h:1406:9: note: expanded from macro 'ptls_decode_block'
 1406 |         ptls_decode_open_block((src), end, capacity, block);                                                                       \
      |         ^~~~~~~~~~~~~~~~~~~~~~~~~~~~~~~~~~~~~~~~~~~~~~~~~~~
vendor/picotls/include/picotls.h:1360:23: note: expanded from macro 'ptls_decode_open_block'
 1360 |         if (_capacity == -1) {                                                                                                     \
      |             ~~~~~~~~~ ^  ~~
vendor/picotls/lib/picotls.c:915:61: note: expanded from macro 'decode_extensions'
  915 |         decode_open_extensions((src), end, hstype, exttype, block);                                                                \
      |                                                             ^~~~~
vendor/picotls/lib/picotls.c:908:55: note: expanded from macro 'decode_open_extensions'
  908 |                 ptls_decode_open_block((src), end, 2, block);                                                                      \
      |                                                       ^~~~~
vendor/picotls/include/picotls.h:1387:17: note: expanded from macro 'ptls_decode_open_block'
 1387 |                 block                                                                                                              \
      |                 ^~~~~
vendor/picotls/include/picotls.h:1387:17: note: expanded from macro 'ptls_decode_open_block'
 1387 |                 block                                                                                                              \
      |                 ^~~~~
vendor/picotls/lib/picotls.c:3752:21: warning: comparison of integers of different signs: 'size_t' (aka 'unsigned long') and 'int' [-Wsign-compare]
 3752 |                     ptls_decode_open_block(src, end, 1, {
      |                     ^~~~~~~~~~~~~~~~~~~~~~~~~~~~~~~~~~~~~
 3753 |                         /* rfc7301 3.1: empty strings MUST NOT be included */
      |                         ~~~~~~~~~~~~~~~~~~~~~~~~~~~~~~~~~~~~~~~~~~~~~~~~~~~~~
 3754 |                         if (src == end) {
      |                         ~~~~~~~~~~~~~~~~~
 3755 |                             ret = PTLS_ALERT_DECODE_ERROR;
      |                             ~~~~~~~~~~~~~~~~~~~~~~~~~~~~~~
 3756 |                             goto Exit;
      |                             ~~~~~~~~~~
 3757 |                         }
      |                         ~
 3758 |                         if (ch->alpn.count < PTLS_ELEMENTSOF(ch->alpn.list))
      |                         ~~~~~~~~~~~~~~~~~~~~~~~~~~~~~~~~~~~~~~~~~~~~~~~~~~~~
 3759 |                             ch->alpn.list[ch->alpn.count++] = ptls_iovec_init(src, end - src);
      |                             ~~~~~~~~~~~~~~~~~~~~~~~~~~~~~~~~~~~~~~~~~~~~~~~~~~~~~~~~~~~~~~~~~~
 3760 |                         src = end;
      |                         ~~~~~~~~~~
 3761 |                     });
      |                     ~~
vendor/picotls/include/picotls.h:1360:23: note: expanded from macro 'ptls_decode_open_block'
 1360 |         if (_capacity == -1) {                                                                                                     \
      |             ~~~~~~~~~ ^  ~~
vendor/picotls/include/picotls.h:1406:54: note: expanded from macro 'ptls_decode_block'
 1406 |         ptls_decode_open_block((src), end, capacity, block);                                                                       \
      |                                                      ^~~~~
vendor/picotls/include/picotls.h:1387:17: note: expanded from macro 'ptls_decode_open_block'
 1387 |                 block                                                                                                              \
      |                 ^~~~~
note: (skipping 1 expansions in backtrace; use -fmacro-backtrace-limit=0 to see all)
vendor/picotls/lib/picotls.c:908:55: note: expanded from macro 'decode_open_extensions'
  908 |                 ptls_decode_open_block((src), end, 2, block);                                                                      \
      |                                                       ^~~~~
vendor/picotls/include/picotls.h:1387:17: note: expanded from macro 'ptls_decode_open_block'
 1387 |                 block                                                                                                              \
      |                 ^~~~~
vendor/picotls/include/picotls.h:1387:17: note: expanded from macro 'ptls_decode_open_block'
 1387 |                 block                                                                                                              \
      |                 ^~~~~
vendor/picotls/lib/picotls.c:3766:13: warning: comparison of integers of different signs: 'size_t' (aka 'unsigned long') and 'int' [-Wsign-compare]
 3766 |             ptls_decode_block(src, end, 1, {
      |             ^~~~~~~~~~~~~~~~~~~~~~~~~~~~~~~~
 3767 |                 size_t list_size = end - src;
      |                 ~~~~~~~~~~~~~~~~~~~~~~~~~~~~~
 3768 | 
 3769 |                 /* RFC7250 4.1: No empty list, no list with single x509 element */
      |                 ~~~~~~~~~~~~~~~~~~~~~~~~~~~~~~~~~~~~~~~~~~~~~~~~~~~~~~~~~~~~~~~~~~
 3770 |                 if (list_size == 0 || (list_size == 1 && *src == PTLS_CERTIFICATE_TYPE_X509)) {
      |                 ~~~~~~~~~~~~~~~~~~~~~~~~~~~~~~~~~~~~~~~~~~~~~~~~~~~~~~~~~~~~~~~~~~~~~~~~~~~~~~~
 3771 |                     ret = PTLS_ALERT_DECODE_ERROR;
      |                     ~~~~~~~~~~~~~~~~~~~~~~~~~~~~~~
 3772 |                     goto Exit;
      |                     ~~~~~~~~~~
 3773 |                 }
      |                 ~
 3774 | 
 3775 |                 do {
      |                 ~~~~
 3776 |                     if (ch->server_certificate_types.count < PTLS_ELEMENTSOF(ch->server_certificate_types.list))
      |                     ~~~~~~~~~~~~~~~~~~~~~~~~~~~~~~~~~~~~~~~~~~~~~~~~~~~~~~~~~~~~~~~~~~~~~~~~~~~~~~~~~~~~~~~~~~~~
 3777 |                         ch->server_certificate_types.list[ch->server_certificate_types.count++] = *src;
      |                         ~~~~~~~~~~~~~~~~~~~~~~~~~~~~~~~~~~~~~~~~~~~~~~~~~~~~~~~~~~~~~~~~~~~~~~~~~~~~~~~
 3778 |                     src++;
      |                     ~~~~~~
 3779 |                 } while (src != end);
      |                 ~~~~~~~~~~~~~~~~~~~~~
 3780 |             });
      |             ~~
vendor/picotls/include/picotls.h:1406:9: note: expanded from macro 'ptls_decode_block'
 1406 |         ptls_decode_open_block((src), end, capacity, block);                                                                       \
      |         ^~~~~~~~~~~~~~~~~~~~~~~~~~~~~~~~~~~~~~~~~~~~~~~~~~~
vendor/picotls/include/picotls.h:1360:23: note: expanded from macro 'ptls_decode_open_block'
 1360 |         if (_capacity == -1) {                                                                                                     \
      |             ~~~~~~~~~ ^  ~~
vendor/picotls/lib/picotls.c:915:61: note: expanded from macro 'decode_extensions'
  915 |         decode_open_extensions((src), end, hstype, exttype, block);                                                                \
      |                                                             ^~~~~
vendor/picotls/lib/picotls.c:908:55: note: expanded from macro 'decode_open_extensions'
  908 |                 ptls_decode_open_block((src), end, 2, block);                                                                      \
      |                                                       ^~~~~
vendor/picotls/include/picotls.h:1387:17: note: expanded from macro 'ptls_decode_open_block'
 1387 |                 block                                                                                                              \
      |                 ^~~~~
vendor/picotls/include/picotls.h:1387:17: note: expanded from macro 'ptls_decode_open_block'
 1387 |                 block                                                                                                              \
      |                 ^~~~~
vendor/picotls/lib/picotls.c:3783:13: warning: comparison of integers of different signs: 'size_t' (aka 'unsigned long') and 'int' [-Wsign-compare]
 3783 |             ptls_decode_block(src, end, 1, {
      |             ^~~~~~~~~~~~~~~~~~~~~~~~~~~~~~~~
 3784 |                 do {
      |                 ~~~~
 3785 |                     uint16_t id;
      |                     ~~~~~~~~~~~~
 3786 |                     if ((ret = ptls_decode16(&id, &src, end)) != 0)
      |                     ~~~~~~~~~~~~~~~~~~~~~~~~~~~~~~~~~~~~~~~~~~~~~~~
 3787 |                         goto Exit;
      |                         ~~~~~~~~~~
 3788 |                     if (ch->cert_compression_algos.count < PTLS_ELEMENTSOF(ch->cert_compression_algos.list))
      |                     ~~~~~~~~~~~~~~~~~~~~~~~~~~~~~~~~~~~~~~~~~~~~~~~~~~~~~~~~~~~~~~~~~~~~~~~~~~~~~~~~~~~~~~~~
 3789 |                         ch->cert_compression_algos.list[ch->cert_compression_algos.count++] = id;
      |                         ~~~~~~~~~~~~~~~~~~~~~~~~~~~~~~~~~~~~~~~~~~~~~~~~~~~~~~~~~~~~~~~~~~~~~~~~~
 3790 |                 } while (src != end);
      |                 ~~~~~~~~~~~~~~~~~~~~~
 3791 |             });
      |             ~~
vendor/picotls/include/picotls.h:1406:9: note: expanded from macro 'ptls_decode_block'
 1406 |         ptls_decode_open_block((src), end, capacity, block);                                                                       \
      |         ^~~~~~~~~~~~~~~~~~~~~~~~~~~~~~~~~~~~~~~~~~~~~~~~~~~
vendor/picotls/include/picotls.h:1360:23: note: expanded from macro 'ptls_decode_open_block'
 1360 |         if (_capacity == -1) {                                                                                                     \
      |             ~~~~~~~~~ ^  ~~
vendor/picotls/lib/picotls.c:915:61: note: expanded from macro 'decode_extensions'
  915 |         decode_open_extensions((src), end, hstype, exttype, block);                                                                \
      |                                                             ^~~~~
vendor/picotls/lib/picotls.c:908:55: note: expanded from macro 'decode_open_extensions'
  908 |                 ptls_decode_open_block((src), end, 2, block);                                                                      \
      |                                                       ^~~~~
vendor/picotls/include/picotls.h:1387:17: note: expanded from macro 'ptls_decode_open_block'
 1387 |                 block                                                                                                              \
      |                 ^~~~~
vendor/picotls/include/picotls.h:1387:17: note: expanded from macro 'ptls_decode_open_block'
 1387 |                 block                                                                                                              \
      |                 ^~~~~
vendor/picotls/lib/picotls.c:3804:13: warning: comparison of integers of different signs: 'size_t' (aka 'unsigned long') and 'int' [-Wsign-compare]
 3804 |             ptls_decode_block(src, end, 1, {
      |             ^~~~~~~~~~~~~~~~~~~~~~~~~~~~~~~~
 3805 |                 size_t selected_index = PTLS_ELEMENTSOF(supported_versions);
      |                 ~~~~~~~~~~~~~~~~~~~~~~~~~~~~~~~~~~~~~~~~~~~~~~~~~~~~~~~~~~~~
 3806 |                 do {
      |                 ~~~~
 3807 |                     size_t i;
      |                     ~~~~~~~~~
 3808 |                     uint16_t v;
      |                     ~~~~~~~~~~~
 3809 |                     if ((ret = ptls_decode16(&v, &src, end)) != 0)
      |                     ~~~~~~~~~~~~~~~~~~~~~~~~~~~~~~~~~~~~~~~~~~~~~~
 3810 |                         goto Exit;
      |                         ~~~~~~~~~~
 3811 |                     for (i = 0; i != selected_index; ++i) {
      |                     ~~~~~~~~~~~~~~~~~~~~~~~~~~~~~~~~~~~~~~~
 3812 |                         if (supported_versions[i] == v) {
      |                         ~~~~~~~~~~~~~~~~~~~~~~~~~~~~~~~~~
 3813 |                             selected_index = i;
      |                             ~~~~~~~~~~~~~~~~~~~
 3814 |                             break;
      |                             ~~~~~~
 3815 |                         }
      |                         ~
 3816 |                     }
      |                     ~
 3817 |                 } while (src != end);
      |                 ~~~~~~~~~~~~~~~~~~~~~
 3818 |                 if (selected_index != PTLS_ELEMENTSOF(supported_versions))
      |                 ~~~~~~~~~~~~~~~~~~~~~~~~~~~~~~~~~~~~~~~~~~~~~~~~~~~~~~~~~~
 3819 |                     ch->selected_version = supported_versions[selected_index];
      |                     ~~~~~~~~~~~~~~~~~~~~~~~~~~~~~~~~~~~~~~~~~~~~~~~~~~~~~~~~~~
vendor/picotls/include/picotls.h:1406:9: note: expanded from macro 'ptls_decode_block'
 1406 |         ptls_decode_open_block((src), end, capacity, block);                                                                       \
      |         ^~~~~~~~~~~~~~~~~~~~~~~~~~~~~~~~~~~~~~~~~~~~~~~~~~~
vendor/picotls/include/picotls.h:1360:23: note: expanded from macro 'ptls_decode_open_block'
 1360 |         if (_capacity == -1) {                                                                                                     \
      |             ~~~~~~~~~ ^  ~~
vendor/picotls/lib/picotls.c:915:61: note: expanded from macro 'decode_extensions'
  915 |         decode_open_extensions((src), end, hstype, exttype, block);                                                                \
      |                                                             ^~~~~
vendor/picotls/lib/picotls.c:908:55: note: expanded from macro 'decode_open_extensions'
  908 |                 ptls_decode_open_block((src), end, 2, block);                                                                      \
      |                                                       ^~~~~
vendor/picotls/include/picotls.h:1387:17: note: expanded from macro 'ptls_decode_open_block'
 1387 |                 block                                                                                                              \
      |                 ^~~~~
vendor/picotls/include/picotls.h:1387:17: note: expanded from macro 'ptls_decode_open_block'
 1387 |                 block                                                                                                              \
      |                 ^~~~~
vendor/picotls/lib/picotls.c:3828:13: warning: comparison of integers of different signs: 'size_t' (aka 'unsigned long') and 'int' [-Wsign-compare]
 3828 |             ptls_decode_block(src, end, 2, {
      |             ^~~~~~~~~~~~~~~~~~~~~~~~~~~~~~~~
 3829 |                 ch->cookie.tbs.base = (void *)src;
      |                 ~~~~~~~~~~~~~~~~~~~~~~~~~~~~~~~~~~
 3830 |                 ptls_decode_open_block(src, end, 2, {
      |                 ~~~~~~~~~~~~~~~~~~~~~~~~~~~~~~~~~~~~~
 3831 |                     ptls_decode_open_block(src, end, 1, {
      |                     ~~~~~~~~~~~~~~~~~~~~~~~~~~~~~~~~~~~~~
 3832 |                         ch->cookie.ch1_hash = ptls_iovec_init(src, end - src);
      |                         ~~~~~~~~~~~~~~~~~~~~~~~~~~~~~~~~~~~~~~~~~~~~~~~~~~~~~~
 3833 |                         src = end;
      |                         ~~~~~~~~~~
 3834 |                     });
      |                     ~~~
 3835 |                     uint8_t sent_key_share;
      |                     ~~~~~~~~~~~~~~~~~~~~~~~
 3836 |                     if ((ret = ptls_decode8(&sent_key_share, &src, end)) != 0)
      |                     ~~~~~~~~~~~~~~~~~~~~~~~~~~~~~~~~~~~~~~~~~~~~~~~~~~~~~~~~~~
 3837 |                         goto Exit;
      |                         ~~~~~~~~~~
 3838 |                     switch (sent_key_share) {
      |                     ~~~~~~~~~~~~~~~~~~~~~~~~~
 3839 |                     case 0:
      |                     ~~~~~~~
 3840 |                         assert(!ch->cookie.sent_key_share);
      |                         ~~~~~~~~~~~~~~~~~~~~~~~~~~~~~~~~~~~
 3841 |                         break;
      |                         ~~~~~~
 3842 |                     case 1:
      |                     ~~~~~~~
 3843 |                         ch->cookie.sent_key_share = 1;
      |                         ~~~~~~~~~~~~~~~~~~~~~~~~~~~~~~
vendor/picotls/include/picotls.h:1406:9: note: expanded from macro 'ptls_decode_block'
 1406 |         ptls_decode_open_block((src), end, capacity, block);                                                                       \
      |         ^~~~~~~~~~~~~~~~~~~~~~~~~~~~~~~~~~~~~~~~~~~~~~~~~~~
vendor/picotls/include/picotls.h:1360:23: note: expanded from macro 'ptls_decode_open_block'
 1360 |         if (_capacity == -1) {                                                                                                     \
      |             ~~~~~~~~~ ^  ~~
vendor/picotls/lib/picotls.c:915:61: note: expanded from macro 'decode_extensions'
  915 |         decode_open_extensions((src), end, hstype, exttype, block);                                                                \
      |                                                             ^~~~~
vendor/picotls/lib/picotls.c:908:55: note: expanded from macro 'decode_open_extensions'
  908 |                 ptls_decode_open_block((src), end, 2, block);                                                                      \
      |                                                       ^~~~~
vendor/picotls/include/picotls.h:1387:17: note: expanded from macro 'ptls_decode_open_block'
 1387 |                 block                                                                                                              \
      |                 ^~~~~
vendor/picotls/include/picotls.h:1387:17: note: expanded from macro 'ptls_decode_open_block'
 1387 |                 block                                                                                                              \
      |                 ^~~~~
vendor/picotls/lib/picotls.c:3830:17: warning: comparison of integers of different signs: 'size_t' (aka 'unsigned long') and 'int' [-Wsign-compare]
 3830 |                 ptls_decode_open_block(src, end, 2, {
      |                 ^~~~~~~~~~~~~~~~~~~~~~~~~~~~~~~~~~~~~
 3831 |                     ptls_decode_open_block(src, end, 1, {
      |                     ~~~~~~~~~~~~~~~~~~~~~~~~~~~~~~~~~~~~~
 3832 |                         ch->cookie.ch1_hash = ptls_iovec_init(src, end - src);
      |                         ~~~~~~~~~~~~~~~~~~~~~~~~~~~~~~~~~~~~~~~~~~~~~~~~~~~~~~
 3833 |                         src = end;
      |                         ~~~~~~~~~~
 3834 |                     });
      |                     ~~~
 3835 |                     uint8_t sent_key_share;
      |                     ~~~~~~~~~~~~~~~~~~~~~~~
 3836 |                     if ((ret = ptls_decode8(&sent_key_share, &src, end)) != 0)
      |                     ~~~~~~~~~~~~~~~~~~~~~~~~~~~~~~~~~~~~~~~~~~~~~~~~~~~~~~~~~~
 3837 |                         goto Exit;
      |                         ~~~~~~~~~~
 3838 |                     switch (sent_key_share) {
      |                     ~~~~~~~~~~~~~~~~~~~~~~~~~
 3839 |                     case 0:
      |                     ~~~~~~~
 3840 |                         assert(!ch->cookie.sent_key_share);
      |                         ~~~~~~~~~~~~~~~~~~~~~~~~~~~~~~~~~~~
 3841 |                         break;
      |                         ~~~~~~
 3842 |                     case 1:
      |                     ~~~~~~~
 3843 |                         ch->cookie.sent_key_share = 1;
      |                         ~~~~~~~~~~~~~~~~~~~~~~~~~~~~~~
 3844 |                         break;
      |                         ~~~~~~
 3845 |                     default:
      |                     ~~~~~~~~
vendor/picotls/include/picotls.h:1360:23: note: expanded from macro 'ptls_decode_open_block'
 1360 |         if (_capacity == -1) {                                                                                                     \
      |             ~~~~~~~~~ ^  ~~
vendor/picotls/include/picotls.h:1406:54: note: expanded from macro 'ptls_decode_block'
 1406 |         ptls_decode_open_block((src), end, capacity, block);                                                                       \
      |                                                      ^~~~~
vendor/picotls/include/picotls.h:1387:17: note: expanded from macro 'ptls_decode_open_block'
 1387 |                 block                                                                                                              \
      |                 ^~~~~
note: (skipping 1 expansions in backtrace; use -fmacro-backtrace-limit=0 to see all)
vendor/picotls/lib/picotls.c:908:55: note: expanded from macro 'decode_open_extensions'
  908 |                 ptls_decode_open_block((src), end, 2, block);                                                                      \
      |                                                       ^~~~~
vendor/picotls/include/picotls.h:1387:17: note: expanded from macro 'ptls_decode_open_block'
 1387 |                 block                                                                                                              \
      |                 ^~~~~
vendor/picotls/include/picotls.h:1387:17: note: expanded from macro 'ptls_decode_open_block'
 1387 |                 block                                                                                                              \
      |                 ^~~~~
vendor/picotls/lib/picotls.c:3831:21: warning: comparison of integers of different signs: 'size_t' (aka 'unsigned long') and 'int' [-Wsign-compare]
 3831 |                     ptls_decode_open_block(src, end, 1, {
      |                     ^~~~~~~~~~~~~~~~~~~~~~~~~~~~~~~~~~~~~
 3832 |                         ch->cookie.ch1_hash = ptls_iovec_init(src, end - src);
      |                         ~~~~~~~~~~~~~~~~~~~~~~~~~~~~~~~~~~~~~~~~~~~~~~~~~~~~~~
 3833 |                         src = end;
      |                         ~~~~~~~~~~
 3834 |                     });
      |                     ~~
vendor/picotls/include/picotls.h:1360:23: note: expanded from macro 'ptls_decode_open_block'
 1360 |         if (_capacity == -1) {                                                                                                     \
      |             ~~~~~~~~~ ^  ~~
vendor/picotls/include/picotls.h:1387:17: note: expanded from macro 'ptls_decode_open_block'
 1387 |                 block                                                                                                              \
      |                 ^~~~~
vendor/picotls/include/picotls.h:1406:54: note: expanded from macro 'ptls_decode_block'
 1406 |         ptls_decode_open_block((src), end, capacity, block);                                                                       \
      |                                                      ^~~~~
note: (skipping 2 expansions in backtrace; use -fmacro-backtrace-limit=0 to see all)
vendor/picotls/lib/picotls.c:908:55: note: expanded from macro 'decode_open_extensions'
  908 |                 ptls_decode_open_block((src), end, 2, block);                                                                      \
      |                                                       ^~~~~
vendor/picotls/include/picotls.h:1387:17: note: expanded from macro 'ptls_decode_open_block'
 1387 |                 block                                                                                                              \
      |                 ^~~~~
vendor/picotls/include/picotls.h:1387:17: note: expanded from macro 'ptls_decode_open_block'
 1387 |                 block                                                                                                              \
      |                 ^~~~~
vendor/picotls/lib/picotls.c:3851:17: warning: comparison of integers of different signs: 'size_t' (aka 'unsigned long') and 'int' [-Wsign-compare]
 3851 |                 ptls_decode_block(src, end, 1, {
      |                 ^~~~~~~~~~~~~~~~~~~~~~~~~~~~~~~~
 3852 |                     ch->cookie.signature = ptls_iovec_init(src, end - src);
      |                     ~~~~~~~~~~~~~~~~~~~~~~~~~~~~~~~~~~~~~~~~~~~~~~~~~~~~~~~
 3853 |                     src = end;
      |                     ~~~~~~~~~~
 3854 |                 });
      |                 ~~
vendor/picotls/include/picotls.h:1406:9: note: expanded from macro 'ptls_decode_block'
 1406 |         ptls_decode_open_block((src), end, capacity, block);                                                                       \
      |         ^~~~~~~~~~~~~~~~~~~~~~~~~~~~~~~~~~~~~~~~~~~~~~~~~~~
vendor/picotls/include/picotls.h:1360:23: note: expanded from macro 'ptls_decode_open_block'
 1360 |         if (_capacity == -1) {                                                                                                     \
      |             ~~~~~~~~~ ^  ~~
vendor/picotls/include/picotls.h:1406:54: note: expanded from macro 'ptls_decode_block'
 1406 |         ptls_decode_open_block((src), end, capacity, block);                                                                       \
      |                                                      ^~~~~
note: (skipping 2 expansions in backtrace; use -fmacro-backtrace-limit=0 to see all)
vendor/picotls/lib/picotls.c:908:55: note: expanded from macro 'decode_open_extensions'
  908 |                 ptls_decode_open_block((src), end, 2, block);                                                                      \
      |                                                       ^~~~~
vendor/picotls/include/picotls.h:1387:17: note: expanded from macro 'ptls_decode_open_block'
 1387 |                 block                                                                                                              \
      |                 ^~~~~
vendor/picotls/include/picotls.h:1387:17: note: expanded from macro 'ptls_decode_open_block'
 1387 |                 block                                                                                                              \
      |                 ^~~~~
vendor/picotls/lib/picotls.c:3859:13: warning: comparison of integers of different signs: 'size_t' (aka 'unsigned long') and 'int' [-Wsign-compare]
 3859 |             ptls_decode_open_block(src, end, 2, {
      |             ^~~~~~~~~~~~~~~~~~~~~~~~~~~~~~~~~~~~~
 3860 |                 do {
      |                 ~~~~
 3861 |                     ptls_client_hello_psk_identity_t psk = {{NULL}};
      |                     ~~~~~~~~~~~~~~~~~~~~~~~~~~~~~~~~~~~~~~~~~~~~~~~~
 3862 |                     ptls_decode_open_block(src, end, 2, {
      |                     ~~~~~~~~~~~~~~~~~~~~~~~~~~~~~~~~~~~~~
 3863 |                         if (end - src < 1) {
      |                         ~~~~~~~~~~~~~~~~~~~~
 3864 |                             ret = PTLS_ALERT_DECODE_ERROR;
      |                             ~~~~~~~~~~~~~~~~~~~~~~~~~~~~~~
 3865 |                             goto Exit;
      |                             ~~~~~~~~~~
 3866 |                         }
      |                         ~
 3867 |                         psk.identity = ptls_iovec_init(src, end - src);
      |                         ~~~~~~~~~~~~~~~~~~~~~~~~~~~~~~~~~~~~~~~~~~~~~~~
 3868 |                         src = end;
      |                         ~~~~~~~~~~
 3869 |                     });
      |                     ~~~
 3870 |                     if ((ret = ptls_decode32(&psk.obfuscated_ticket_age, &src, end)) != 0)
      |                     ~~~~~~~~~~~~~~~~~~~~~~~~~~~~~~~~~~~~~~~~~~~~~~~~~~~~~~~~~~~~~~~~~~~~~~
 3871 |                         goto Exit;
      |                         ~~~~~~~~~~
 3872 |                     if (ch->psk.identities.count < PTLS_ELEMENTSOF(ch->psk.identities.list))
      |                     ~~~~~~~~~~~~~~~~~~~~~~~~~~~~~~~~~~~~~~~~~~~~~~~~~~~~~~~~~~~~~~~~~~~~~~~~
 3873 |                         ch->psk.identities.list[ch->psk.identities.count++] = psk;
      |                         ~~~~~~~~~~~~~~~~~~~~~~~~~~~~~~~~~~~~~~~~~~~~~~~~~~~~~~~~~~
 3874 |                     ++num_identities;
      |                     ~~~~~~~~~~~~~~~~~
vendor/picotls/include/picotls.h:1360:23: note: expanded from macro 'ptls_decode_open_block'
 1360 |         if (_capacity == -1) {                                                                                                     \
      |             ~~~~~~~~~ ^  ~~
vendor/picotls/lib/picotls.c:915:61: note: expanded from macro 'decode_extensions'
  915 |         decode_open_extensions((src), end, hstype, exttype, block);                                                                \
      |                                                             ^~~~~
vendor/picotls/lib/picotls.c:908:55: note: expanded from macro 'decode_open_extensions'
  908 |                 ptls_decode_open_block((src), end, 2, block);                                                                      \
      |                                                       ^~~~~
vendor/picotls/include/picotls.h:1387:17: note: expanded from macro 'ptls_decode_open_block'
 1387 |                 block                                                                                                              \
      |                 ^~~~~
vendor/picotls/include/picotls.h:1387:17: note: expanded from macro 'ptls_decode_open_block'
 1387 |                 block                                                                                                              \
      |                 ^~~~~
vendor/picotls/lib/picotls.c:3862:21: warning: comparison of integers of different signs: 'size_t' (aka 'unsigned long') and 'int' [-Wsign-compare]
 3862 |                     ptls_decode_open_block(src, end, 2, {
      |                     ^~~~~~~~~~~~~~~~~~~~~~~~~~~~~~~~~~~~~
 3863 |                         if (end - src < 1) {
      |                         ~~~~~~~~~~~~~~~~~~~~
 3864 |                             ret = PTLS_ALERT_DECODE_ERROR;
      |                             ~~~~~~~~~~~~~~~~~~~~~~~~~~~~~~
 3865 |                             goto Exit;
      |                             ~~~~~~~~~~
 3866 |                         }
      |                         ~
 3867 |                         psk.identity = ptls_iovec_init(src, end - src);
      |                         ~~~~~~~~~~~~~~~~~~~~~~~~~~~~~~~~~~~~~~~~~~~~~~~
 3868 |                         src = end;
      |                         ~~~~~~~~~~
 3869 |                     });
      |                     ~~
vendor/picotls/include/picotls.h:1360:23: note: expanded from macro 'ptls_decode_open_block'
 1360 |         if (_capacity == -1) {                                                                                                     \
      |             ~~~~~~~~~ ^  ~~
vendor/picotls/include/picotls.h:1387:17: note: expanded from macro 'ptls_decode_open_block'
 1387 |                 block                                                                                                              \
      |                 ^~~~~
vendor/picotls/lib/picotls.c:915:61: note: expanded from macro 'decode_extensions'
  915 |         decode_open_extensions((src), end, hstype, exttype, block);                                                                \
      |                                                             ^~~~~
vendor/picotls/lib/picotls.c:908:55: note: expanded from macro 'decode_open_extensions'
  908 |                 ptls_decode_open_block((src), end, 2, block);                                                                      \
      |                                                       ^~~~~
vendor/picotls/include/picotls.h:1387:17: note: expanded from macro 'ptls_decode_open_block'
 1387 |                 block                                                                                                              \
      |                 ^~~~~
vendor/picotls/include/picotls.h:1387:17: note: expanded from macro 'ptls_decode_open_block'
 1387 |                 block                                                                                                              \
      |                 ^~~~~
vendor/picotls/lib/picotls.c:3878:13: warning: comparison of integers of different signs: 'size_t' (aka 'unsigned long') and 'int' [-Wsign-compare]
 3878 |             ptls_decode_block(src, end, 2, {
      |             ^~~~~~~~~~~~~~~~~~~~~~~~~~~~~~~~
 3879 |                 size_t num_binders = 0;
      |                 ~~~~~~~~~~~~~~~~~~~~~~~
 3880 |                 do {
      |                 ~~~~
 3881 |                     ptls_decode_open_block(src, end, 1, {
      |                     ~~~~~~~~~~~~~~~~~~~~~~~~~~~~~~~~~~~~~
 3882 |                         if (num_binders < ch->psk.identities.count)
      |                         ~~~~~~~~~~~~~~~~~~~~~~~~~~~~~~~~~~~~~~~~~~~
 3883 |                             ch->psk.identities.list[num_binders].binder = ptls_iovec_init(src, end - src);
      |                             ~~~~~~~~~~~~~~~~~~~~~~~~~~~~~~~~~~~~~~~~~~~~~~~~~~~~~~~~~~~~~~~~~~~~~~~~~~~~~~
 3884 |                         src = end;
      |                         ~~~~~~~~~~
 3885 |                     });
      |                     ~~~
 3886 |                     ++num_binders;
      |                     ~~~~~~~~~~~~~~
 3887 |                 } while (src != end);
      |                 ~~~~~~~~~~~~~~~~~~~~~
 3888 |                 if (num_identities != num_binders) {
      |                 ~~~~~~~~~~~~~~~~~~~~~~~~~~~~~~~~~~~~
 3889 |                     ret = PTLS_ALERT_ILLEGAL_PARAMETER;
      |                     ~~~~~~~~~~~~~~~~~~~~~~~~~~~~~~~~~~~
 3890 |                     goto Exit;
      |                     ~~~~~~~~~~
 3891 |                 }
      |                 ~
 3892 |             });
      |             ~~
vendor/picotls/include/picotls.h:1406:9: note: expanded from macro 'ptls_decode_block'
 1406 |         ptls_decode_open_block((src), end, capacity, block);                                                                       \
      |         ^~~~~~~~~~~~~~~~~~~~~~~~~~~~~~~~~~~~~~~~~~~~~~~~~~~
vendor/picotls/include/picotls.h:1360:23: note: expanded from macro 'ptls_decode_open_block'
 1360 |         if (_capacity == -1) {                                                                                                     \
      |             ~~~~~~~~~ ^  ~~
vendor/picotls/lib/picotls.c:915:61: note: expanded from macro 'decode_extensions'
  915 |         decode_open_extensions((src), end, hstype, exttype, block);                                                                \
      |                                                             ^~~~~
vendor/picotls/lib/picotls.c:908:55: note: expanded from macro 'decode_open_extensions'
  908 |                 ptls_decode_open_block((src), end, 2, block);                                                                      \
      |                                                       ^~~~~
vendor/picotls/include/picotls.h:1387:17: note: expanded from macro 'ptls_decode_open_block'
 1387 |                 block                                                                                                              \
      |                 ^~~~~
vendor/picotls/include/picotls.h:1387:17: note: expanded from macro 'ptls_decode_open_block'
 1387 |                 block                                                                                                              \
      |                 ^~~~~
vendor/picotls/lib/picotls.c:3881:21: warning: comparison of integers of different signs: 'size_t' (aka 'unsigned long') and 'int' [-Wsign-compare]
 3881 |                     ptls_decode_open_block(src, end, 1, {
      |                     ^~~~~~~~~~~~~~~~~~~~~~~~~~~~~~~~~~~~~
 3882 |                         if (num_binders < ch->psk.identities.count)
      |                         ~~~~~~~~~~~~~~~~~~~~~~~~~~~~~~~~~~~~~~~~~~~
 3883 |                             ch->psk.identities.list[num_binders].binder = ptls_iovec_init(src, end - src);
      |                             ~~~~~~~~~~~~~~~~~~~~~~~~~~~~~~~~~~~~~~~~~~~~~~~~~~~~~~~~~~~~~~~~~~~~~~~~~~~~~~
 3884 |                         src = end;
      |                         ~~~~~~~~~~
 3885 |                     });
      |                     ~~
vendor/picotls/include/picotls.h:1360:23: note: expanded from macro 'ptls_decode_open_block'
 1360 |         if (_capacity == -1) {                                                                                                     \
      |             ~~~~~~~~~ ^  ~~
vendor/picotls/include/picotls.h:1406:54: note: expanded from macro 'ptls_decode_block'
 1406 |         ptls_decode_open_block((src), end, capacity, block);                                                                       \
      |                                                      ^~~~~
vendor/picotls/include/picotls.h:1387:17: note: expanded from macro 'ptls_decode_open_block'
 1387 |                 block                                                                                                              \
      |                 ^~~~~
note: (skipping 1 expansions in backtrace; use -fmacro-backtrace-limit=0 to see all)
vendor/picotls/lib/picotls.c:908:55: note: expanded from macro 'decode_open_extensions'
  908 |                 ptls_decode_open_block((src), end, 2, block);                                                                      \
      |                                                       ^~~~~
vendor/picotls/include/picotls.h:1387:17: note: expanded from macro 'ptls_decode_open_block'
 1387 |                 block                                                                                                              \
      |                 ^~~~~
vendor/picotls/include/picotls.h:1387:17: note: expanded from macro 'ptls_decode_open_block'
 1387 |                 block                                                                                                              \
      |                 ^~~~~
vendor/picotls/lib/picotls.c:3896:13: warning: comparison of integers of different signs: 'size_t' (aka 'unsigned long') and 'int' [-Wsign-compare]
 3896 |             ptls_decode_block(src, end, 1, {
      |             ^~~~~~~~~~~~~~~~~~~~~~~~~~~~~~~~
 3897 |                 do {
      |                 ~~~~
 3898 |                     uint8_t mode;
      |                     ~~~~~~~~~~~~~
 3899 |                     if ((ret = ptls_decode8(&mode, &src, end)) != 0)
      |                     ~~~~~~~~~~~~~~~~~~~~~~~~~~~~~~~~~~~~~~~~~~~~~~~~
 3900 |                         goto Exit;
      |                         ~~~~~~~~~~
 3901 |                     if (mode < sizeof(ch->psk.ke_modes) * 8)
      |                     ~~~~~~~~~~~~~~~~~~~~~~~~~~~~~~~~~~~~~~~~
 3902 |                         ch->psk.ke_modes |= 1u << mode;
      |                         ~~~~~~~~~~~~~~~~~~~~~~~~~~~~~~~
 3903 |                 } while (src != end);
      |                 ~~~~~~~~~~~~~~~~~~~~~
 3904 |             });
      |             ~~
vendor/picotls/include/picotls.h:1406:9: note: expanded from macro 'ptls_decode_block'
 1406 |         ptls_decode_open_block((src), end, capacity, block);                                                                       \
      |         ^~~~~~~~~~~~~~~~~~~~~~~~~~~~~~~~~~~~~~~~~~~~~~~~~~~
vendor/picotls/include/picotls.h:1360:23: note: expanded from macro 'ptls_decode_open_block'
 1360 |         if (_capacity == -1) {                                                                                                     \
      |             ~~~~~~~~~ ^  ~~
vendor/picotls/lib/picotls.c:915:61: note: expanded from macro 'decode_extensions'
  915 |         decode_open_extensions((src), end, hstype, exttype, block);                                                                \
      |                                                             ^~~~~
vendor/picotls/lib/picotls.c:908:55: note: expanded from macro 'decode_open_extensions'
  908 |                 ptls_decode_open_block((src), end, 2, block);                                                                      \
      |                                                       ^~~~~
vendor/picotls/include/picotls.h:1387:17: note: expanded from macro 'ptls_decode_open_block'
 1387 |                 block                                                                                                              \
      |                 ^~~~~
vendor/picotls/include/picotls.h:1387:17: note: expanded from macro 'ptls_decode_open_block'
 1387 |                 block                                                                                                              \
      |                 ^~~~~
vendor/picotls/lib/picotls.c:3930:17: warning: comparison of integers of different signs: 'size_t' (aka 'unsigned long') and 'int' [-Wsign-compare]
 3930 |                 ptls_decode_open_block(src, end, 2, {
      |                 ^~~~~~~~~~~~~~~~~~~~~~~~~~~~~~~~~~~~~
 3931 |                     ch->ech.enc = ptls_iovec_init(src, end - src);
      |                     ~~~~~~~~~~~~~~~~~~~~~~~~~~~~~~~~~~~~~~~~~~~~~~
 3932 |                     src = end;
      |                     ~~~~~~~~~~
 3933 |                 });
      |                 ~~
vendor/picotls/include/picotls.h:1360:23: note: expanded from macro 'ptls_decode_open_block'
 1360 |         if (_capacity == -1) {                                                                                                     \
      |             ~~~~~~~~~ ^  ~~
vendor/picotls/lib/picotls.c:915:61: note: expanded from macro 'decode_extensions'
  915 |         decode_open_extensions((src), end, hstype, exttype, block);                                                                \
      |                                                             ^~~~~
vendor/picotls/lib/picotls.c:908:55: note: expanded from macro 'decode_open_extensions'
  908 |                 ptls_decode_open_block((src), end, 2, block);                                                                      \
      |                                                       ^~~~~
vendor/picotls/include/picotls.h:1387:17: note: expanded from macro 'ptls_decode_open_block'
 1387 |                 block                                                                                                              \
      |                 ^~~~~
vendor/picotls/include/picotls.h:1387:17: note: expanded from macro 'ptls_decode_open_block'
 1387 |                 block                                                                                                              \
      |                 ^~~~~
vendor/picotls/lib/picotls.c:3934:17: warning: comparison of integers of different signs: 'size_t' (aka 'unsigned long') and 'int' [-Wsign-compare]
 3934 |                 ptls_decode_open_block(src, end, 2, {
      |                 ^~~~~~~~~~~~~~~~~~~~~~~~~~~~~~~~~~~~~
 3935 |                     if (src == end) {
      |                     ~~~~~~~~~~~~~~~~~
 3936 |                         ret = PTLS_ALERT_DECODE_ERROR;
      |                         ~~~~~~~~~~~~~~~~~~~~~~~~~~~~~~
 3937 |                         goto Exit;
      |                         ~~~~~~~~~~
 3938 |                     }
      |                     ~
 3939 |                     ch->ech.payload = ptls_iovec_init(src, end - src);
      |                     ~~~~~~~~~~~~~~~~~~~~~~~~~~~~~~~~~~~~~~~~~~~~~~~~~~
 3940 |                     src = end;
      |                     ~~~~~~~~~~
 3941 |                 });
      |                 ~~
vendor/picotls/include/picotls.h:1360:23: note: expanded from macro 'ptls_decode_open_block'
 1360 |         if (_capacity == -1) {                                                                                                     \
      |             ~~~~~~~~~ ^  ~~
vendor/picotls/lib/picotls.c:915:61: note: expanded from macro 'decode_extensions'
  915 |         decode_open_extensions((src), end, hstype, exttype, block);                                                                \
      |                                                             ^~~~~
vendor/picotls/lib/picotls.c:908:55: note: expanded from macro 'decode_open_extensions'
  908 |                 ptls_decode_open_block((src), end, 2, block);                                                                      \
      |                                                       ^~~~~
vendor/picotls/include/picotls.h:1387:17: note: expanded from macro 'ptls_decode_open_block'
 1387 |                 block                                                                                                              \
      |                 ^~~~~
vendor/picotls/include/picotls.h:1387:17: note: expanded from macro 'ptls_decode_open_block'
 1387 |                 block                                                                                                              \
      |                 ^~~~~
vendor/picotls/lib/picotls.c:3976:5: warning: comparison of integers of different signs: 'size_t' (aka 'unsigned long') and 'int' [-Wsign-compare]
 3976 |     ptls_buffer_push_block(buf, 2, {
      |     ^~~~~~~~~~~~~~~~~~~~~~~~~~~~~~~~
 3977 |         ptls_decode_open_block(*src, end, 2, {
      |         ~~~~~~~~~~~~~~~~~~~~~~~~~~~~~~~~~~~~~~
 3978 |             while (*src != end) {
      |             ~~~~~~~~~~~~~~~~~~~~~
 3979 |                 uint16_t exttype;
      |                 ~~~~~~~~~~~~~~~~~
 3980 |                 if ((ret = ptls_decode16(&exttype, src, end)) != 0)
      |                 ~~~~~~~~~~~~~~~~~~~~~~~~~~~~~~~~~~~~~~~~~~~~~~~~~~~
 3981 |                     goto Exit;
      |                     ~~~~~~~~~~
 3982 |                 ptls_decode_open_block(*src, end, 2, {
      |                 ~~~~~~~~~~~~~~~~~~~~~~~~~~~~~~~~~~~~~~
 3983 |                     if (exttype == PTLS_EXTENSION_TYPE_ECH_OUTER_EXTENSIONS) {
      |                     ~~~~~~~~~~~~~~~~~~~~~~~~~~~~~~~~~~~~~~~~~~~~~~~~~~~~~~~~~~
 3984 |                         ptls_decode_open_block(*src, end, 1, {
      |                         ~~~~~~~~~~~~~~~~~~~~~~~~~~~~~~~~~~~~~~
 3985 |                             do {
      |                             ~~~~
 3986 |                                 uint16_t reftype;
      |                                 ~~~~~~~~~~~~~~~~~
 3987 |                                 uint16_t outertype;
      |                                 ~~~~~~~~~~~~~~~~~~~
 3988 |                                 uint16_t outersize;
      |                                 ~~~~~~~~~~~~~~~~~~~
 3989 |                                 if ((ret = ptls_decode16(&reftype, src, end)) != 0)
      |                                 ~~~~~~~~~~~~~~~~~~~~~~~~~~~~~~~~~~~~~~~~~~~~~~~~~~~
 3990 |                                     goto Exit;
      |                                     ~~~~~~~~~~
 3991 |                                 if (reftype == PTLS_EXTENSION_TYPE_ENCRYPTED_CLIENT_HELLO) {
      |                                 ~~~~~~~~~~~~~~~~~~~~~~~~~~~~~~~~~~~~~~~~~~~~~~~~~~~~~~~~~~~~
vendor/picotls/include/picotls.h:1287:72: note: expanded from macro 'ptls_buffer_push_block'
 1287 |         ptls_buffer_pushv((buf), (uint8_t *)"\0\0\0\0\0\0\0", capacity != -1 ? capacity : 1);                                      \
      |                                                               ~~~~~~~~ ^  ~~
vendor/picotls/include/picotls.h:1241:57: note: expanded from macro 'ptls_buffer_pushv'
 1241 |         if ((ret = ptls_buffer__do_pushv((buf), (src), (len))) != 0)                                                               \
      |                                                         ^~~
vendor/picotls/lib/picotls.c:3977:9: warning: comparison of integers of different signs: 'size_t' (aka 'unsigned long') and 'int' [-Wsign-compare]
 3977 |         ptls_decode_open_block(*src, end, 2, {
      |         ^~~~~~~~~~~~~~~~~~~~~~~~~~~~~~~~~~~~~~
 3978 |             while (*src != end) {
      |             ~~~~~~~~~~~~~~~~~~~~~
 3979 |                 uint16_t exttype;
      |                 ~~~~~~~~~~~~~~~~~
 3980 |                 if ((ret = ptls_decode16(&exttype, src, end)) != 0)
      |                 ~~~~~~~~~~~~~~~~~~~~~~~~~~~~~~~~~~~~~~~~~~~~~~~~~~~
 3981 |                     goto Exit;
      |                     ~~~~~~~~~~
 3982 |                 ptls_decode_open_block(*src, end, 2, {
      |                 ~~~~~~~~~~~~~~~~~~~~~~~~~~~~~~~~~~~~~~
 3983 |                     if (exttype == PTLS_EXTENSION_TYPE_ECH_OUTER_EXTENSIONS) {
      |                     ~~~~~~~~~~~~~~~~~~~~~~~~~~~~~~~~~~~~~~~~~~~~~~~~~~~~~~~~~~
 3984 |                         ptls_decode_open_block(*src, end, 1, {
      |                         ~~~~~~~~~~~~~~~~~~~~~~~~~~~~~~~~~~~~~~
 3985 |                             do {
      |                             ~~~~
 3986 |                                 uint16_t reftype;
      |                                 ~~~~~~~~~~~~~~~~~
 3987 |                                 uint16_t outertype;
      |                                 ~~~~~~~~~~~~~~~~~~~
 3988 |                                 uint16_t outersize;
      |                                 ~~~~~~~~~~~~~~~~~~~
 3989 |                                 if ((ret = ptls_decode16(&reftype, src, end)) != 0)
      |                                 ~~~~~~~~~~~~~~~~~~~~~~~~~~~~~~~~~~~~~~~~~~~~~~~~~~~
 3990 |                                     goto Exit;
      |                                     ~~~~~~~~~~
 3991 |                                 if (reftype == PTLS_EXTENSION_TYPE_ENCRYPTED_CLIENT_HELLO) {
      |                                 ~~~~~~~~~~~~~~~~~~~~~~~~~~~~~~~~~~~~~~~~~~~~~~~~~~~~~~~~~~~~
 3992 |                                     ret = PTLS_ALERT_ILLEGAL_PARAMETER;
      |                                     ~~~~~~~~~~~~~~~~~~~~~~~~~~~~~~~~~~~
vendor/picotls/include/picotls.h:1360:23: note: expanded from macro 'ptls_decode_open_block'
 1360 |         if (_capacity == -1) {                                                                                                     \
      |             ~~~~~~~~~ ^  ~~
vendor/picotls/include/picotls.h:1290:13: note: expanded from macro 'ptls_buffer_push_block'
 1290 |             block                                                                                                                  \
      |             ^~~~~
vendor/picotls/lib/picotls.c:3982:17: warning: comparison of integers of different signs: 'size_t' (aka 'unsigned long') and 'int' [-Wsign-compare]
 3982 |                 ptls_decode_open_block(*src, end, 2, {
      |                 ^~~~~~~~~~~~~~~~~~~~~~~~~~~~~~~~~~~~~~
 3983 |                     if (exttype == PTLS_EXTENSION_TYPE_ECH_OUTER_EXTENSIONS) {
      |                     ~~~~~~~~~~~~~~~~~~~~~~~~~~~~~~~~~~~~~~~~~~~~~~~~~~~~~~~~~~
 3984 |                         ptls_decode_open_block(*src, end, 1, {
      |                         ~~~~~~~~~~~~~~~~~~~~~~~~~~~~~~~~~~~~~~
 3985 |                             do {
      |                             ~~~~
 3986 |                                 uint16_t reftype;
      |                                 ~~~~~~~~~~~~~~~~~
 3987 |                                 uint16_t outertype;
      |                                 ~~~~~~~~~~~~~~~~~~~
 3988 |                                 uint16_t outersize;
      |                                 ~~~~~~~~~~~~~~~~~~~
 3989 |                                 if ((ret = ptls_decode16(&reftype, src, end)) != 0)
      |                                 ~~~~~~~~~~~~~~~~~~~~~~~~~~~~~~~~~~~~~~~~~~~~~~~~~~~
 3990 |                                     goto Exit;
      |                                     ~~~~~~~~~~
 3991 |                                 if (reftype == PTLS_EXTENSION_TYPE_ENCRYPTED_CLIENT_HELLO) {
      |                                 ~~~~~~~~~~~~~~~~~~~~~~~~~~~~~~~~~~~~~~~~~~~~~~~~~~~~~~~~~~~~
 3992 |                                     ret = PTLS_ALERT_ILLEGAL_PARAMETER;
      |                                     ~~~~~~~~~~~~~~~~~~~~~~~~~~~~~~~~~~~
 3993 |                                     goto Exit;
      |                                     ~~~~~~~~~~
 3994 |                                 }
      |                                 ~
 3995 |                                 while (1) {
      |                                 ~~~~~~~~~~~
 3996 |                                     if (ptls_decode16(&outertype, &outer_ext, outer_ext_end) != 0 ||
      |                                     ~~~~~~~~~~~~~~~~~~~~~~~~~~~~~~~~~~~~~~~~~~~~~~~~~~~~~~~~~~~~~~~~
 3997 |                                         ptls_decode16(&outersize, &outer_ext, outer_ext_end) != 0) {
      |                                         ~~~~~~~~~~~~~~~~~~~~~~~~~~~~~~~~~~~~~~~~~~~~~~~~~~~~~~~~~~~~
vendor/picotls/include/picotls.h:1360:23: note: expanded from macro 'ptls_decode_open_block'
 1360 |         if (_capacity == -1) {                                                                                                     \
      |             ~~~~~~~~~ ^  ~~
vendor/picotls/include/picotls.h:1387:17: note: expanded from macro 'ptls_decode_open_block'
 1387 |                 block                                                                                                              \
      |                 ^~~~~
vendor/picotls/include/picotls.h:1290:13: note: expanded from macro 'ptls_buffer_push_block'
 1290 |             block                                                                                                                  \
      |             ^~~~~
vendor/picotls/lib/picotls.c:3984:25: warning: comparison of integers of different signs: 'size_t' (aka 'unsigned long') and 'int' [-Wsign-compare]
 3984 |                         ptls_decode_open_block(*src, end, 1, {
      |                         ^~~~~~~~~~~~~~~~~~~~~~~~~~~~~~~~~~~~~~
 3985 |                             do {
      |                             ~~~~
 3986 |                                 uint16_t reftype;
      |                                 ~~~~~~~~~~~~~~~~~
 3987 |                                 uint16_t outertype;
      |                                 ~~~~~~~~~~~~~~~~~~~
 3988 |                                 uint16_t outersize;
      |                                 ~~~~~~~~~~~~~~~~~~~
 3989 |                                 if ((ret = ptls_decode16(&reftype, src, end)) != 0)
      |                                 ~~~~~~~~~~~~~~~~~~~~~~~~~~~~~~~~~~~~~~~~~~~~~~~~~~~
 3990 |                                     goto Exit;
      |                                     ~~~~~~~~~~
 3991 |                                 if (reftype == PTLS_EXTENSION_TYPE_ENCRYPTED_CLIENT_HELLO) {
      |                                 ~~~~~~~~~~~~~~~~~~~~~~~~~~~~~~~~~~~~~~~~~~~~~~~~~~~~~~~~~~~~
 3992 |                                     ret = PTLS_ALERT_ILLEGAL_PARAMETER;
      |                                     ~~~~~~~~~~~~~~~~~~~~~~~~~~~~~~~~~~~
 3993 |                                     goto Exit;
      |                                     ~~~~~~~~~~
 3994 |                                 }
      |                                 ~
 3995 |                                 while (1) {
      |                                 ~~~~~~~~~~~
 3996 |                                     if (ptls_decode16(&outertype, &outer_ext, outer_ext_end) != 0 ||
      |                                     ~~~~~~~~~~~~~~~~~~~~~~~~~~~~~~~~~~~~~~~~~~~~~~~~~~~~~~~~~~~~~~~~
 3997 |                                         ptls_decode16(&outersize, &outer_ext, outer_ext_end) != 0) {
      |                                         ~~~~~~~~~~~~~~~~~~~~~~~~~~~~~~~~~~~~~~~~~~~~~~~~~~~~~~~~~~~~
 3998 |                                         ret = PTLS_ALERT_ILLEGAL_PARAMETER;
      |                                         ~~~~~~~~~~~~~~~~~~~~~~~~~~~~~~~~~~~
 3999 |                                         goto Exit;
      |                                         ~~~~~~~~~~
vendor/picotls/include/picotls.h:1360:23: note: expanded from macro 'ptls_decode_open_block'
 1360 |         if (_capacity == -1) {                                                                                                     \
      |             ~~~~~~~~~ ^  ~~
vendor/picotls/include/picotls.h:1387:17: note: expanded from macro 'ptls_decode_open_block'
 1387 |                 block                                                                                                              \
      |                 ^~~~~
vendor/picotls/include/picotls.h:1387:17: note: expanded from macro 'ptls_decode_open_block'
 1387 |                 block                                                                                                              \
      |                 ^~~~~
vendor/picotls/include/picotls.h:1290:13: note: expanded from macro 'ptls_buffer_push_block'
 1290 |             block                                                                                                                  \
      |             ^~~~~
vendor/picotls/lib/picotls.c:4006:33: warning: comparison of integers of different signs: 'size_t' (aka 'unsigned long') and 'int' [-Wsign-compare]
 4006 |                                 buffer_push_extension(buf, reftype, {
      |                                 ^~~~~~~~~~~~~~~~~~~~~~~~~~~~~~~~~~~~~
 4007 |                                     ptls_buffer_pushv(buf, outer_ext, outersize);
      |                                     ~~~~~~~~~~~~~~~~~~~~~~~~~~~~~~~~~~~~~~~~~~~~~
 4008 |                                     outer_ext += outersize;
      |                                     ~~~~~~~~~~~~~~~~~~~~~~~
 4009 |                                 });
      |                                 ~~
vendor/picotls/lib/picotls.c:894:9: note: expanded from macro 'buffer_push_extension'
  894 |         ptls_buffer_push_block((buf), 2, block);                                                                                   \
      |         ^~~~~~~~~~~~~~~~~~~~~~~~~~~~~~~~~~~~~~~
vendor/picotls/include/picotls.h:1287:72: note: expanded from macro 'ptls_buffer_push_block'
 1287 |         ptls_buffer_pushv((buf), (uint8_t *)"\0\0\0\0\0\0\0", capacity != -1 ? capacity : 1);                                      \
      |                                                               ~~~~~~~~ ^  ~~
vendor/picotls/include/picotls.h:1241:57: note: expanded from macro 'ptls_buffer_pushv'
 1241 |         if ((ret = ptls_buffer__do_pushv((buf), (src), (len))) != 0)                                                               \
      |                                                         ^~~
note: (skipping 1 expansions in backtrace; use -fmacro-backtrace-limit=0 to see all)
vendor/picotls/include/picotls.h:1387:17: note: expanded from macro 'ptls_decode_open_block'
 1387 |                 block                                                                                                              \
      |                 ^~~~~
vendor/picotls/include/picotls.h:1387:17: note: expanded from macro 'ptls_decode_open_block'
 1387 |                 block                                                                                                              \
      |                 ^~~~~
vendor/picotls/include/picotls.h:1290:13: note: expanded from macro 'ptls_buffer_push_block'
 1290 |             block                                                                                                                  \
      |             ^~~~~
vendor/picotls/lib/picotls.c:4006:33: warning: comparison of integers of different signs: 'size_t' (aka 'unsigned long') and 'int' [-Wsign-compare]
 4006 |                                 buffer_push_extension(buf, reftype, {
      |                                 ^~~~~~~~~~~~~~~~~~~~~~~~~~~~~~~~~~~~~
 4007 |                                     ptls_buffer_pushv(buf, outer_ext, outersize);
      |                                     ~~~~~~~~~~~~~~~~~~~~~~~~~~~~~~~~~~~~~~~~~~~~~
 4008 |                                     outer_ext += outersize;
      |                                     ~~~~~~~~~~~~~~~~~~~~~~~
 4009 |                                 });
      |                                 ~~
vendor/picotls/lib/picotls.c:894:9: note: expanded from macro 'buffer_push_extension'
  894 |         ptls_buffer_push_block((buf), 2, block);                                                                                   \
      |         ^~~~~~~~~~~~~~~~~~~~~~~~~~~~~~~~~~~~~~~
vendor/picotls/include/picotls.h:1293:22: note: expanded from macro 'ptls_buffer_push_block'
 1293 |         if (capacity != -1) {                                                                                                      \
      |             ~~~~~~~~ ^  ~~
vendor/picotls/include/picotls.h:1387:17: note: expanded from macro 'ptls_decode_open_block'
 1387 |                 block                                                                                                              \
      |                 ^~~~~
vendor/picotls/include/picotls.h:1387:17: note: expanded from macro 'ptls_decode_open_block'
 1387 |                 block                                                                                                              \
      |                 ^~~~~
vendor/picotls/include/picotls.h:1387:17: note: expanded from macro 'ptls_decode_open_block'
 1387 |                 block                                                                                                              \
      |                 ^~~~~
vendor/picotls/include/picotls.h:1290:13: note: expanded from macro 'ptls_buffer_push_block'
 1290 |             block                                                                                                                  \
      |             ^~~~~
vendor/picotls/lib/picotls.c:4013:25: warning: comparison of integers of different signs: 'size_t' (aka 'unsigned long') and 'int' [-Wsign-compare]
 4013 |                         buffer_push_extension(buf, exttype, {
      |                         ^~~~~~~~~~~~~~~~~~~~~~~~~~~~~~~~~~~~~
 4014 |                             ptls_buffer_pushv(buf, *src, end - *src);
      |                             ~~~~~~~~~~~~~~~~~~~~~~~~~~~~~~~~~~~~~~~~~
 4015 |                             *src = end;
      |                             ~~~~~~~~~~~
 4016 |                         });
      |                         ~~
vendor/picotls/lib/picotls.c:894:9: note: expanded from macro 'buffer_push_extension'
  894 |         ptls_buffer_push_block((buf), 2, block);                                                                                   \
      |         ^~~~~~~~~~~~~~~~~~~~~~~~~~~~~~~~~~~~~~~
vendor/picotls/include/picotls.h:1287:72: note: expanded from macro 'ptls_buffer_push_block'
 1287 |         ptls_buffer_pushv((buf), (uint8_t *)"\0\0\0\0\0\0\0", capacity != -1 ? capacity : 1);                                      \
      |                                                               ~~~~~~~~ ^  ~~
vendor/picotls/include/picotls.h:1241:57: note: expanded from macro 'ptls_buffer_pushv'
 1241 |         if ((ret = ptls_buffer__do_pushv((buf), (src), (len))) != 0)                                                               \
      |                                                         ^~~
vendor/picotls/include/picotls.h:1387:17: note: expanded from macro 'ptls_decode_open_block'
 1387 |                 block                                                                                                              \
      |                 ^~~~~
vendor/picotls/include/picotls.h:1387:17: note: expanded from macro 'ptls_decode_open_block'
 1387 |                 block                                                                                                              \
      |                 ^~~~~
vendor/picotls/include/picotls.h:1290:13: note: expanded from macro 'ptls_buffer_push_block'
 1290 |             block                                                                                                                  \
      |             ^~~~~
vendor/picotls/lib/picotls.c:4013:25: warning: comparison of integers of different signs: 'size_t' (aka 'unsigned long') and 'int' [-Wsign-compare]
 4013 |                         buffer_push_extension(buf, exttype, {
      |                         ^~~~~~~~~~~~~~~~~~~~~~~~~~~~~~~~~~~~~
 4014 |                             ptls_buffer_pushv(buf, *src, end - *src);
      |                             ~~~~~~~~~~~~~~~~~~~~~~~~~~~~~~~~~~~~~~~~~
 4015 |                             *src = end;
      |                             ~~~~~~~~~~~
 4016 |                         });
      |                         ~~
vendor/picotls/lib/picotls.c:894:9: note: expanded from macro 'buffer_push_extension'
  894 |         ptls_buffer_push_block((buf), 2, block);                                                                                   \
      |         ^~~~~~~~~~~~~~~~~~~~~~~~~~~~~~~~~~~~~~~
vendor/picotls/include/picotls.h:1293:22: note: expanded from macro 'ptls_buffer_push_block'
 1293 |         if (capacity != -1) {                                                                                                      \
      |             ~~~~~~~~ ^  ~~
vendor/picotls/include/picotls.h:1387:17: note: expanded from macro 'ptls_decode_open_block'
 1387 |                 block                                                                                                              \
      |                 ^~~~~
vendor/picotls/include/picotls.h:1387:17: note: expanded from macro 'ptls_decode_open_block'
 1387 |                 block                                                                                                              \
      |                 ^~~~~
vendor/picotls/include/picotls.h:1290:13: note: expanded from macro 'ptls_buffer_push_block'
 1290 |             block                                                                                                                  \
      |             ^~~~~
vendor/picotls/lib/picotls.c:3976:5: warning: comparison of integers of different signs: 'size_t' (aka 'unsigned long') and 'int' [-Wsign-compare]
 3976 |     ptls_buffer_push_block(buf, 2, {
      |     ^~~~~~~~~~~~~~~~~~~~~~~~~~~~~~~~
 3977 |         ptls_decode_open_block(*src, end, 2, {
      |         ~~~~~~~~~~~~~~~~~~~~~~~~~~~~~~~~~~~~~~
 3978 |             while (*src != end) {
      |             ~~~~~~~~~~~~~~~~~~~~~
 3979 |                 uint16_t exttype;
      |                 ~~~~~~~~~~~~~~~~~
 3980 |                 if ((ret = ptls_decode16(&exttype, src, end)) != 0)
      |                 ~~~~~~~~~~~~~~~~~~~~~~~~~~~~~~~~~~~~~~~~~~~~~~~~~~~
 3981 |                     goto Exit;
      |                     ~~~~~~~~~~
 3982 |                 ptls_decode_open_block(*src, end, 2, {
      |                 ~~~~~~~~~~~~~~~~~~~~~~~~~~~~~~~~~~~~~~
 3983 |                     if (exttype == PTLS_EXTENSION_TYPE_ECH_OUTER_EXTENSIONS) {
      |                     ~~~~~~~~~~~~~~~~~~~~~~~~~~~~~~~~~~~~~~~~~~~~~~~~~~~~~~~~~~
 3984 |                         ptls_decode_open_block(*src, end, 1, {
      |                         ~~~~~~~~~~~~~~~~~~~~~~~~~~~~~~~~~~~~~~
 3985 |                             do {
      |                             ~~~~
 3986 |                                 uint16_t reftype;
      |                                 ~~~~~~~~~~~~~~~~~
 3987 |                                 uint16_t outertype;
      |                                 ~~~~~~~~~~~~~~~~~~~
 3988 |                                 uint16_t outersize;
      |                                 ~~~~~~~~~~~~~~~~~~~
 3989 |                                 if ((ret = ptls_decode16(&reftype, src, end)) != 0)
      |                                 ~~~~~~~~~~~~~~~~~~~~~~~~~~~~~~~~~~~~~~~~~~~~~~~~~~~
 3990 |                                     goto Exit;
      |                                     ~~~~~~~~~~
 3991 |                                 if (reftype == PTLS_EXTENSION_TYPE_ENCRYPTED_CLIENT_HELLO) {
      |                                 ~~~~~~~~~~~~~~~~~~~~~~~~~~~~~~~~~~~~~~~~~~~~~~~~~~~~~~~~~~~~
vendor/picotls/include/picotls.h:1293:22: note: expanded from macro 'ptls_buffer_push_block'
 1293 |         if (capacity != -1) {                                                                                                      \
      |             ~~~~~~~~ ^  ~~
vendor/picotls/lib/picotls.c:4040:5: warning: comparison of integers of different signs: 'size_t' (aka 'unsigned long') and 'int' [-Wsign-compare]
 4040 |     ptls_buffer_push_message_body(buf, NULL, PTLS_HANDSHAKE_TYPE_CLIENT_HELLO, {
      |     ^~~~~~~~~~~~~~~~~~~~~~~~~~~~~~~~~~~~~~~~~~~~~~~~~~~~~~~~~~~~~~~~~~~~~~~~~~~~
 4041 |         { /* legacy_version */
      |         ~~~~~~~~~~~~~~~~~~~~~~
 4042 |             uint16_t legacy_version;
      |             ~~~~~~~~~~~~~~~~~~~~~~~~
 4043 |             if ((ret = ptls_decode16(&legacy_version, &src, end)) != 0)
      |             ~~~~~~~~~~~~~~~~~~~~~~~~~~~~~~~~~~~~~~~~~~~~~~~~~~~~~~~~~~~
 4044 |                 goto Exit;
      |                 ~~~~~~~~~~
 4045 |             ptls_buffer_push16(buf, legacy_version);
      |             ~~~~~~~~~~~~~~~~~~~~~~~~~~~~~~~~~~~~~~~~
 4046 |         }
      |         ~
 4047 | 
 4048 |         /* hello random */
      |         ~~~~~~~~~~~~~~~~~~
 4049 |         if (end - src < PTLS_HELLO_RANDOM_SIZE) {
      |         ~~~~~~~~~~~~~~~~~~~~~~~~~~~~~~~~~~~~~~~~~
 4050 |             ret = PTLS_ALERT_DECODE_ERROR;
      |             ~~~~~~~~~~~~~~~~~~~~~~~~~~~~~~
 4051 |             goto Exit;
      |             ~~~~~~~~~~
 4052 |         }
      |         ~
 4053 |         ptls_buffer_pushv(buf, src, PTLS_HELLO_RANDOM_SIZE);
      |         ~~~~~~~~~~~~~~~~~~~~~~~~~~~~~~~~~~~~~~~~~~~~~~~~~~~~
 4054 |         src += PTLS_HELLO_RANDOM_SIZE;
      |         ~~~~~~~~~~~~~~~~~~~~~~~~~~~~~~
 4055 | 
vendor/picotls/include/picotls.h:1334:9: note: expanded from macro 'ptls_buffer_push_message_body'
 1334 |         ptls_buffer_push_block(_buf, 3, block);                                                                                    \
      |         ^~~~~~~~~~~~~~~~~~~~~~~~~~~~~~~~~~~~~~
vendor/picotls/include/picotls.h:1287:72: note: expanded from macro 'ptls_buffer_push_block'
 1287 |         ptls_buffer_pushv((buf), (uint8_t *)"\0\0\0\0\0\0\0", capacity != -1 ? capacity : 1);                                      \
      |                                                               ~~~~~~~~ ^  ~~
vendor/picotls/include/picotls.h:1241:57: note: expanded from macro 'ptls_buffer_pushv'
 1241 |         if ((ret = ptls_buffer__do_pushv((buf), (src), (len))) != 0)                                                               \
      |                                                         ^~~
vendor/picotls/lib/picotls.c:4056:9: warning: comparison of integers of different signs: 'size_t' (aka 'unsigned long') and 'int' [-Wsign-compare]
 4056 |         ptls_decode_open_block(src, end, 1, {
      |         ^~~~~~~~~~~~~~~~~~~~~~~~~~~~~~~~~~~~~
 4057 |             if (src != end) {
      |             ~~~~~~~~~~~~~~~~~
 4058 |                 ret = PTLS_ALERT_ILLEGAL_PARAMETER;
      |                 ~~~~~~~~~~~~~~~~~~~~~~~~~~~~~~~~~~~
 4059 |                 goto Exit;
      |                 ~~~~~~~~~~
 4060 |             }
      |             ~
 4061 |         });
      |         ~~
vendor/picotls/include/picotls.h:1360:23: note: expanded from macro 'ptls_decode_open_block'
 1360 |         if (_capacity == -1) {                                                                                                     \
      |             ~~~~~~~~~ ^  ~~
vendor/picotls/include/picotls.h:1334:41: note: expanded from macro 'ptls_buffer_push_message_body'
 1334 |         ptls_buffer_push_block(_buf, 3, block);                                                                                    \
      |                                         ^~~~~
vendor/picotls/include/picotls.h:1290:13: note: expanded from macro 'ptls_buffer_push_block'
 1290 |             block                                                                                                                  \
      |             ^~~~~
vendor/picotls/lib/picotls.c:4062:9: warning: comparison of integers of different signs: 'size_t' (aka 'unsigned long') and 'int' [-Wsign-compare]
 4062 |         ptls_buffer_push_block(buf, 1,
      |         ^~~~~~~~~~~~~~~~~~~~~~~~~~~~~~
 4063 |                                { ptls_buffer_pushv(buf, outer_ch->legacy_session_id.base, outer_ch->legacy_session_id.len); });
      |                                ~~~~~~~~~~~~~~~~~~~~~~~~~~~~~~~~~~~~~~~~~~~~~~~~~~~~~~~~~~~~~~~~~~~~~~~~~~~~~~~~~~~~~~~~~~~~~~~
vendor/picotls/include/picotls.h:1287:72: note: expanded from macro 'ptls_buffer_push_block'
 1287 |         ptls_buffer_pushv((buf), (uint8_t *)"\0\0\0\0\0\0\0", capacity != -1 ? capacity : 1);                                      \
      |                                                               ~~~~~~~~ ^  ~~
vendor/picotls/include/picotls.h:1241:57: note: expanded from macro 'ptls_buffer_pushv'
 1241 |         if ((ret = ptls_buffer__do_pushv((buf), (src), (len))) != 0)                                                               \
      |                                                         ^~~
vendor/picotls/include/picotls.h:1334:41: note: expanded from macro 'ptls_buffer_push_message_body'
 1334 |         ptls_buffer_push_block(_buf, 3, block);                                                                                    \
      |                                         ^~~~~
vendor/picotls/include/picotls.h:1290:13: note: expanded from macro 'ptls_buffer_push_block'
 1290 |             block                                                                                                                  \
      |             ^~~~~
vendor/picotls/lib/picotls.c:4062:9: warning: comparison of integers of different signs: 'size_t' (aka 'unsigned long') and 'int' [-Wsign-compare]
 4062 |         ptls_buffer_push_block(buf, 1,
      |         ^~~~~~~~~~~~~~~~~~~~~~~~~~~~~~
 4063 |                                { ptls_buffer_pushv(buf, outer_ch->legacy_session_id.base, outer_ch->legacy_session_id.len); });
      |                                ~~~~~~~~~~~~~~~~~~~~~~~~~~~~~~~~~~~~~~~~~~~~~~~~~~~~~~~~~~~~~~~~~~~~~~~~~~~~~~~~~~~~~~~~~~~~~~~
vendor/picotls/include/picotls.h:1293:22: note: expanded from macro 'ptls_buffer_push_block'
 1293 |         if (capacity != -1) {                                                                                                      \
      |             ~~~~~~~~ ^  ~~
vendor/picotls/include/picotls.h:1334:41: note: expanded from macro 'ptls_buffer_push_message_body'
 1334 |         ptls_buffer_push_block(_buf, 3, block);                                                                                    \
      |                                         ^~~~~
vendor/picotls/include/picotls.h:1290:13: note: expanded from macro 'ptls_buffer_push_block'
 1290 |             block                                                                                                                  \
      |             ^~~~~
vendor/picotls/lib/picotls.c:4066:9: warning: comparison of integers of different signs: 'size_t' (aka 'unsigned long') and 'int' [-Wsign-compare]
 4066 |         COPY_BLOCK(2);
      |         ^~~~~~~~~~~~~
vendor/picotls/lib/picotls.c:4032:9: note: expanded from macro 'COPY_BLOCK'
 4032 |         ptls_decode_open_block(src, end, (capacity), {                                                                             \
      |         ^~~~~~~~~~~~~~~~~~~~~~~~~~~~~~~~~~~~~~~~~~~~~~~~~~~~~~~~~~~~~~~~~~~~~~~~~~~~~~~~~~~~~~~~~~~~~~~~~~~~~~~~~~~~~~~~~~~~~~~~~~~~
 4033 |             ptls_buffer_push_block(buf, (capacity), { ptls_buffer_pushv(buf, src, end - src); });                                  \
      |             ~~~~~~~~~~~~~~~~~~~~~~~~~~~~~~~~~~~~~~~~~~~~~~~~~~~~~~~~~~~~~~~~~~~~~~~~~~~~~~~~~~~~~~~~~~~~~~~~~~~~~~~~~~~~~~~~~~~~~~~~
 4034 |             src = end;                                                                                                             \
      |             ~~~~~~~~~~~~~~~~~~~~~~~~~~~~~~~~~~~~~~~~~~~~~~~~~~~~~~~~~~~~~~~~~~~~~~~~~~~~~~~~~~~~~~~~~~~~~~~~~~~~~~~~~~~~~~~~~~~~~~~~
 4035 |         });                                                                                                                        \
      |         ~~
vendor/picotls/include/picotls.h:1360:23: note: expanded from macro 'ptls_decode_open_block'
 1360 |         if (_capacity == -1) {                                                                                                     \
      |             ~~~~~~~~~ ^  ~~
vendor/picotls/include/picotls.h:1334:41: note: expanded from macro 'ptls_buffer_push_message_body'
 1334 |         ptls_buffer_push_block(_buf, 3, block);                                                                                    \
      |                                         ^~~~~
vendor/picotls/include/picotls.h:1290:13: note: expanded from macro 'ptls_buffer_push_block'
 1290 |             block                                                                                                                  \
      |             ^~~~~
vendor/picotls/lib/picotls.c:4066:9: warning: comparison of integers of different signs: 'size_t' (aka 'unsigned long') and 'int' [-Wsign-compare]
 4066 |         COPY_BLOCK(2);
      |         ^~~~~~~~~~~~~
vendor/picotls/lib/picotls.c:4033:13: note: expanded from macro 'COPY_BLOCK'
 4033 |             ptls_buffer_push_block(buf, (capacity), { ptls_buffer_pushv(buf, src, end - src); });                                  \
      |             ^~~~~~~~~~~~~~~~~~~~~~~~~~~~~~~~~~~~~~~~~~~~~~~~~~~~~~~~~~~~~~~~~~~~~~~~~~~~~~~~~~~~
vendor/picotls/include/picotls.h:1287:72: note: expanded from macro 'ptls_buffer_push_block'
 1287 |         ptls_buffer_pushv((buf), (uint8_t *)"\0\0\0\0\0\0\0", capacity != -1 ? capacity : 1);                                      \
      |                                                               ~~~~~~~~ ^  ~~
vendor/picotls/include/picotls.h:1241:57: note: expanded from macro 'ptls_buffer_pushv'
 1241 |         if ((ret = ptls_buffer__do_pushv((buf), (src), (len))) != 0)                                                               \
      |                                                         ^~~
vendor/picotls/include/picotls.h:1387:17: note: expanded from macro 'ptls_decode_open_block'
 1387 |                 block                                                                                                              \
      |                 ^~~~~
vendor/picotls/include/picotls.h:1334:41: note: expanded from macro 'ptls_buffer_push_message_body'
 1334 |         ptls_buffer_push_block(_buf, 3, block);                                                                                    \
      |                                         ^~~~~
vendor/picotls/include/picotls.h:1290:13: note: expanded from macro 'ptls_buffer_push_block'
 1290 |             block                                                                                                                  \
      |             ^~~~~
vendor/picotls/lib/picotls.c:4066:9: warning: comparison of integers of different signs: 'size_t' (aka 'unsigned long') and 'int' [-Wsign-compare]
 4066 |         COPY_BLOCK(2);
      |         ^~~~~~~~~~~~~
vendor/picotls/lib/picotls.c:4033:13: note: expanded from macro 'COPY_BLOCK'
 4033 |             ptls_buffer_push_block(buf, (capacity), { ptls_buffer_pushv(buf, src, end - src); });                                  \
      |             ^~~~~~~~~~~~~~~~~~~~~~~~~~~~~~~~~~~~~~~~~~~~~~~~~~~~~~~~~~~~~~~~~~~~~~~~~~~~~~~~~~~~
vendor/picotls/include/picotls.h:1293:22: note: expanded from macro 'ptls_buffer_push_block'
 1293 |         if (capacity != -1) {                                                                                                      \
      |             ~~~~~~~~ ^  ~~
vendor/picotls/include/picotls.h:1387:17: note: expanded from macro 'ptls_decode_open_block'
 1387 |                 block                                                                                                              \
      |                 ^~~~~
vendor/picotls/include/picotls.h:1334:41: note: expanded from macro 'ptls_buffer_push_message_body'
 1334 |         ptls_buffer_push_block(_buf, 3, block);                                                                                    \
      |                                         ^~~~~
vendor/picotls/include/picotls.h:1290:13: note: expanded from macro 'ptls_buffer_push_block'
 1290 |             block                                                                                                                  \
      |             ^~~~~
vendor/picotls/lib/picotls.c:4067:9: warning: comparison of integers of different signs: 'size_t' (aka 'unsigned long') and 'int' [-Wsign-compare]
 4067 |         COPY_BLOCK(1);
      |         ^~~~~~~~~~~~~
vendor/picotls/lib/picotls.c:4032:9: note: expanded from macro 'COPY_BLOCK'
 4032 |         ptls_decode_open_block(src, end, (capacity), {                                                                             \
      |         ^~~~~~~~~~~~~~~~~~~~~~~~~~~~~~~~~~~~~~~~~~~~~~~~~~~~~~~~~~~~~~~~~~~~~~~~~~~~~~~~~~~~~~~~~~~~~~~~~~~~~~~~~~~~~~~~~~~~~~~~~~~~
 4033 |             ptls_buffer_push_block(buf, (capacity), { ptls_buffer_pushv(buf, src, end - src); });                                  \
      |             ~~~~~~~~~~~~~~~~~~~~~~~~~~~~~~~~~~~~~~~~~~~~~~~~~~~~~~~~~~~~~~~~~~~~~~~~~~~~~~~~~~~~~~~~~~~~~~~~~~~~~~~~~~~~~~~~~~~~~~~~
 4034 |             src = end;                                                                                                             \
      |             ~~~~~~~~~~~~~~~~~~~~~~~~~~~~~~~~~~~~~~~~~~~~~~~~~~~~~~~~~~~~~~~~~~~~~~~~~~~~~~~~~~~~~~~~~~~~~~~~~~~~~~~~~~~~~~~~~~~~~~~~
 4035 |         });                                                                                                                        \
      |         ~~
vendor/picotls/include/picotls.h:1360:23: note: expanded from macro 'ptls_decode_open_block'
 1360 |         if (_capacity == -1) {                                                                                                     \
      |             ~~~~~~~~~ ^  ~~
vendor/picotls/include/picotls.h:1334:41: note: expanded from macro 'ptls_buffer_push_message_body'
 1334 |         ptls_buffer_push_block(_buf, 3, block);                                                                                    \
      |                                         ^~~~~
vendor/picotls/include/picotls.h:1290:13: note: expanded from macro 'ptls_buffer_push_block'
 1290 |             block                                                                                                                  \
      |             ^~~~~
vendor/picotls/lib/picotls.c:4067:9: warning: comparison of integers of different signs: 'size_t' (aka 'unsigned long') and 'int' [-Wsign-compare]
 4067 |         COPY_BLOCK(1);
      |         ^~~~~~~~~~~~~
vendor/picotls/lib/picotls.c:4033:13: note: expanded from macro 'COPY_BLOCK'
 4033 |             ptls_buffer_push_block(buf, (capacity), { ptls_buffer_pushv(buf, src, end - src); });                                  \
      |             ^~~~~~~~~~~~~~~~~~~~~~~~~~~~~~~~~~~~~~~~~~~~~~~~~~~~~~~~~~~~~~~~~~~~~~~~~~~~~~~~~~~~
vendor/picotls/include/picotls.h:1287:72: note: expanded from macro 'ptls_buffer_push_block'
 1287 |         ptls_buffer_pushv((buf), (uint8_t *)"\0\0\0\0\0\0\0", capacity != -1 ? capacity : 1);                                      \
      |                                                               ~~~~~~~~ ^  ~~
vendor/picotls/include/picotls.h:1241:57: note: expanded from macro 'ptls_buffer_pushv'
 1241 |         if ((ret = ptls_buffer__do_pushv((buf), (src), (len))) != 0)                                                               \
      |                                                         ^~~
vendor/picotls/include/picotls.h:1387:17: note: expanded from macro 'ptls_decode_open_block'
 1387 |                 block                                                                                                              \
      |                 ^~~~~
vendor/picotls/include/picotls.h:1334:41: note: expanded from macro 'ptls_buffer_push_message_body'
 1334 |         ptls_buffer_push_block(_buf, 3, block);                                                                                    \
      |                                         ^~~~~
vendor/picotls/include/picotls.h:1290:13: note: expanded from macro 'ptls_buffer_push_block'
 1290 |             block                                                                                                                  \
      |             ^~~~~
vendor/picotls/lib/picotls.c:4067:9: warning: comparison of integers of different signs: 'size_t' (aka 'unsigned long') and 'int' [-Wsign-compare]
 4067 |         COPY_BLOCK(1);
      |         ^~~~~~~~~~~~~
vendor/picotls/lib/picotls.c:4033:13: note: expanded from macro 'COPY_BLOCK'
 4033 |             ptls_buffer_push_block(buf, (capacity), { ptls_buffer_pushv(buf, src, end - src); });                                  \
      |             ^~~~~~~~~~~~~~~~~~~~~~~~~~~~~~~~~~~~~~~~~~~~~~~~~~~~~~~~~~~~~~~~~~~~~~~~~~~~~~~~~~~~
vendor/picotls/include/picotls.h:1293:22: note: expanded from macro 'ptls_buffer_push_block'
 1293 |         if (capacity != -1) {                                                                                                      \
      |             ~~~~~~~~ ^  ~~
vendor/picotls/include/picotls.h:1387:17: note: expanded from macro 'ptls_decode_open_block'
 1387 |                 block                                                                                                              \
      |                 ^~~~~
vendor/picotls/include/picotls.h:1334:41: note: expanded from macro 'ptls_buffer_push_message_body'
 1334 |         ptls_buffer_push_block(_buf, 3, block);                                                                                    \
      |                                         ^~~~~
vendor/picotls/include/picotls.h:1290:13: note: expanded from macro 'ptls_buffer_push_block'
 1290 |             block                                                                                                                  \
      |             ^~~~~
vendor/picotls/lib/picotls.c:4040:5: warning: comparison of integers of different signs: 'size_t' (aka 'unsigned long') and 'int' [-Wsign-compare]
 4040 |     ptls_buffer_push_message_body(buf, NULL, PTLS_HANDSHAKE_TYPE_CLIENT_HELLO, {
      |     ^~~~~~~~~~~~~~~~~~~~~~~~~~~~~~~~~~~~~~~~~~~~~~~~~~~~~~~~~~~~~~~~~~~~~~~~~~~~
 4041 |         { /* legacy_version */
      |         ~~~~~~~~~~~~~~~~~~~~~~
 4042 |             uint16_t legacy_version;
      |             ~~~~~~~~~~~~~~~~~~~~~~~~
 4043 |             if ((ret = ptls_decode16(&legacy_version, &src, end)) != 0)
      |             ~~~~~~~~~~~~~~~~~~~~~~~~~~~~~~~~~~~~~~~~~~~~~~~~~~~~~~~~~~~
 4044 |                 goto Exit;
      |                 ~~~~~~~~~~
 4045 |             ptls_buffer_push16(buf, legacy_version);
      |             ~~~~~~~~~~~~~~~~~~~~~~~~~~~~~~~~~~~~~~~~
 4046 |         }
      |         ~
 4047 | 
 4048 |         /* hello random */
      |         ~~~~~~~~~~~~~~~~~~
 4049 |         if (end - src < PTLS_HELLO_RANDOM_SIZE) {
      |         ~~~~~~~~~~~~~~~~~~~~~~~~~~~~~~~~~~~~~~~~~
 4050 |             ret = PTLS_ALERT_DECODE_ERROR;
      |             ~~~~~~~~~~~~~~~~~~~~~~~~~~~~~~
 4051 |             goto Exit;
      |             ~~~~~~~~~~
 4052 |         }
      |         ~
 4053 |         ptls_buffer_pushv(buf, src, PTLS_HELLO_RANDOM_SIZE);
      |         ~~~~~~~~~~~~~~~~~~~~~~~~~~~~~~~~~~~~~~~~~~~~~~~~~~~~
 4054 |         src += PTLS_HELLO_RANDOM_SIZE;
      |         ~~~~~~~~~~~~~~~~~~~~~~~~~~~~~~
 4055 | 
vendor/picotls/include/picotls.h:1334:9: note: expanded from macro 'ptls_buffer_push_message_body'
 1334 |         ptls_buffer_push_block(_buf, 3, block);                                                                                    \
      |         ^~~~~~~~~~~~~~~~~~~~~~~~~~~~~~~~~~~~~~
vendor/picotls/include/picotls.h:1293:22: note: expanded from macro 'ptls_buffer_push_block'
 1293 |         if (capacity != -1) {                                                                                                      \
      |             ~~~~~~~~ ^  ~~
vendor/picotls/lib/picotls.c:4409:24: warning: missing field 'peer_key' initializer [-Wmissing-field-initializers]
 4409 |     } key_share = {NULL};
      |                        ^
vendor/picotls/lib/picotls.c:4414:18: warning: missing field 'ch_outer_aad' initializer [-Wmissing-field-initializers]
 4414 |     } ech = {NULL};
      |                  ^
vendor/picotls/lib/picotls.c:4427:77: warning: missing field 'data' initializer [-Wmissing-field-initializers]
 4427 |     *ch = (struct st_ptls_client_hello_t){.unknown_extensions = {{UINT16_MAX}}};
      |                                                                             ^
vendor/picotls/lib/picotls.c:4496:89: warning: missing field 'data' initializer [-Wmissing-field-initializers]
 4496 |                 *ch = (struct st_ptls_client_hello_t){.unknown_extensions = {{UINT16_MAX}}};
      |                                                                                         ^
vendor/picotls/lib/picotls.c:4528:41: warning: missing field 'len' initializer [-Wmissing-field-initializers]
 4528 |         ptls_iovec_t server_name = {NULL};
      |                                         ^
vendor/picotls/lib/picotls.c:4582:9: warning: comparison of integers of different signs: 'size_t' (aka 'unsigned long') and 'int' [-Wsign-compare]
 4582 |         ptls_decode_block(src, end, 2, {
      |         ^~~~~~~~~~~~~~~~~~~~~~~~~~~~~~~~
 4583 |             if ((ret = select_key_share(&key_share.algorithm, &key_share.peer_key, tls->ctx->key_exchanges, &src, end, 0)) != 0)
      |             ~~~~~~~~~~~~~~~~~~~~~~~~~~~~~~~~~~~~~~~~~~~~~~~~~~~~~~~~~~~~~~~~~~~~~~~~~~~~~~~~~~~~~~~~~~~~~~~~~~~~~~~~~~~~~~~~~~~~
 4584 |                 goto Exit;
      |                 ~~~~~~~~~~
 4585 |         });
      |         ~~
vendor/picotls/include/picotls.h:1406:9: note: expanded from macro 'ptls_decode_block'
 1406 |         ptls_decode_open_block((src), end, capacity, block);                                                                       \
      |         ^~~~~~~~~~~~~~~~~~~~~~~~~~~~~~~~~~~~~~~~~~~~~~~~~~~
vendor/picotls/include/picotls.h:1360:23: note: expanded from macro 'ptls_decode_open_block'
 1360 |         if (_capacity == -1) {                                                                                                     \
      |             ~~~~~~~~~ ^  ~~
vendor/picotls/lib/picotls.c:4609:13: warning: comparison of integers of different signs: 'size_t' (aka 'unsigned long') and 'int' [-Wsign-compare]
 4609 |             EMIT_HELLO_RETRY_REQUEST(tls->key_schedule, ch->cookie.sent_key_share ? key_share.algorithm : NULL,
      |             ^~~~~~~~~~~~~~~~~~~~~~~~~~~~~~~~~~~~~~~~~~~~~~~~~~~~~~~~~~~~~~~~~~~~~~~~~~~~~~~~~~~~~~~~~~~~~~~~~~~
 4610 |                                      {
      |                                      ~
 4611 |                                          buffer_push_extension(emitter->buf, PTLS_EXTENSION_TYPE_COOKIE, {
      |                                          ~~~~~~~~~~~~~~~~~~~~~~~~~~~~~~~~~~~~~~~~~~~~~~~~~~~~~~~~~~~~~~~~~
 4612 |                                              ptls_buffer_pushv(emitter->buf, ch->cookie.all.base, ch->cookie.all.len);
      |                                              ~~~~~~~~~~~~~~~~~~~~~~~~~~~~~~~~~~~~~~~~~~~~~~~~~~~~~~~~~~~~~~~~~~~~~~~~~
 4613 |                                          });
      |                                          ~~~
 4614 |                                      },
      |                                      ~~
 4615 |                                      {});
      |                                      ~~~
vendor/picotls/lib/picotls.c:4393:5: note: expanded from macro 'EMIT_HELLO_RETRY_REQUEST'
 4393 |     EMIT_SERVER_HELLO((sched), { memcpy(emitter->buf->base + emitter->buf->off, hello_retry_random, PTLS_HELLO_RANDOM_SIZE); },    \
      |     ^~~~~~~~~~~~~~~~~~~~~~~~~~~~~~~~~~~~~~~~~~~~~~~~~~~~~~~~~~~~~~~~~~~~~~~~~~~~~~~~~~~~~~~~~~~~~~~~~~~~~~~~~~~~~~~~~~~~~~~~~~~~~~~~
 4394 |                       {                                                                                                            \
      |                       ~~~~~~~~~~~~~~~~~~~~~~~~~~~~~~~~~~~~~~~~~~~~~~~~~~~~~~~~~~~~~~~~~~~~~~~~~~~~~~~~~~~~~~~~~~~~~~~~~~~~~~~~~~~~~~
 4395 |                           ptls_key_exchange_algorithm_t *_negotiated_group = (negotiated_group);                                   \
      |                           ~~~~~~~~~~~~~~~~~~~~~~~~~~~~~~~~~~~~~~~~~~~~~~~~~~~~~~~~~~~~~~~~~~~~~~~~~~~~~~~~~~~~~~~~~~~~~~~~~~~~~~~~~~
 4396 |                           if (_negotiated_group != NULL) {                                                                         \
      |                           ~~~~~~~~~~~~~~~~~~~~~~~~~~~~~~~~~~~~~~~~~~~~~~~~~~~~~~~~~~~~~~~~~~~~~~~~~~~~~~~~~~~~~~~~~~~~~~~~~~~~~~~~~~
 4397 |                               buffer_push_extension(emitter->buf, PTLS_EXTENSION_TYPE_KEY_SHARE,                                   \
      |                               ~~~~~~~~~~~~~~~~~~~~~~~~~~~~~~~~~~~~~~~~~~~~~~~~~~~~~~~~~~~~~~~~~~~~~~~~~~~~~~~~~~~~~~~~~~~~~~~~~~~~~~
 4398 |                                                     { ptls_buffer_push16(emitter->buf, _negotiated_group->id); });                 \
      |                                                     ~~~~~~~~~~~~~~~~~~~~~~~~~~~~~~~~~~~~~~~~~~~~~~~~~~~~~~~~~~~~~~~~~~~~~~~~~~~~~~~~
 4399 |                           }                                                                                                        \
      |                           ~~~~~~~~~~~~~~~~~~~~~~~~~~~~~~~~~~~~~~~~~~~~~~~~~~~~~~~~~~~~~~~~~~~~~~~~~~~~~~~~~~~~~~~~~~~~~~~~~~~~~~~~~~
 4400 |                           do {                                                                                                     \
      |                           ~~~~~~~~~~~~~~~~~~~~~~~~~~~~~~~~~~~~~~~~~~~~~~~~~~~~~~~~~~~~~~~~~~~~~~~~~~~~~~~~~~~~~~~~~~~~~~~~~~~~~~~~~~
 4401 |                               additional_extensions                                                                                \
      |                               ~~~~~~~~~~~~~~~~~~~~~~~~~~~~~~~~~~~~~~~~~~~~~~~~~~~~~~~~~~~~~~~~~~~~~~~~~~~~~~~~~~~~~~~~~~~~~~~~~~~~~~
 4402 |                           } while (0);                                                                                             \
      |                           ~~~~~~~~~~~~~~~~~~~~~~~~~~~~~~~~~~~~~~~~~~~~~~~~~~~~~~~~~~~~~~~~~~~~~~~~~~~~~~~~~~~~~~~~~~~~~~~~~~~~~~~~~~
 4403 |                       },                                                                                                           \
      |                       ~~~~~~~~~~~~~~~~~~~~~~~~~~~~~~~~~~~~~~~~~~~~~~~~~~~~~~~~~~~~~~~~~~~~~~~~~~~~~~~~~~~~~~~~~~~~~~~~~~~~~~~~~~~~~~
 4404 |                       post_action)
      |                       ~~~~~~~~~~~~
vendor/picotls/lib/picotls.c:4365:9: note: expanded from macro 'EMIT_SERVER_HELLO'
 4365 |         ptls_push_message(emitter, NULL, PTLS_HANDSHAKE_TYPE_SERVER_HELLO, {                                                       \
      |         ^~~~~~~~~~~~~~~~~~~~~~~~~~~~~~~~~~~~~~~~~~~~~~~~~~~~~~~~~~~~~~~~~~~~~~~~~~~~~~~~~~~~~~~~~~~~~~~~~~~~~~~~~~~~~~~~~~~~~~~~~~~~
 4366 |             sh_start_off = emitter->buf->off - PTLS_HANDSHAKE_HEADER_SIZE;                                                         \
      |             ~~~~~~~~~~~~~~~~~~~~~~~~~~~~~~~~~~~~~~~~~~~~~~~~~~~~~~~~~~~~~~~~~~~~~~~~~~~~~~~~~~~~~~~~~~~~~~~~~~~~~~~~~~~~~~~~~~~~~~~~
 4367 |             ptls_buffer_push16(emitter->buf, 0x0303 /* legacy version */);                                                         \
      |             ~~~~~~~~~~~~~~~~~~~~~~~~~~~~~~~~~~~~~~~~~~~~~~~~~~~~~~~~~~~~~~~~~~~~~~~~~~~~~~~~~~~~~~~~~~~~~~~~~~~~~~~~~~~~~~~~~~~~~~~~
 4368 |             if ((ret = ptls_buffer_reserve(emitter->buf, PTLS_HELLO_RANDOM_SIZE)) != 0)                                            \
      |             ~~~~~~~~~~~~~~~~~~~~~~~~~~~~~~~~~~~~~~~~~~~~~~~~~~~~~~~~~~~~~~~~~~~~~~~~~~~~~~~~~~~~~~~~~~~~~~~~~~~~~~~~~~~~~~~~~~~~~~~~
 4369 |                 goto Exit;                                                                                                         \
      |                 ~~~~~~~~~~~~~~~~~~~~~~~~~~~~~~~~~~~~~~~~~~~~~~~~~~~~~~~~~~~~~~~~~~~~~~~~~~~~~~~~~~~~~~~~~~~~~~~~~~~~~~~~~~~~~~~~~~~~
 4370 |             do {                                                                                                                   \
      |             ~~~~~~~~~~~~~~~~~~~~~~~~~~~~~~~~~~~~~~~~~~~~~~~~~~~~~~~~~~~~~~~~~~~~~~~~~~~~~~~~~~~~~~~~~~~~~~~~~~~~~~~~~~~~~~~~~~~~~~~~
 4371 |                 fill_rand                                                                                                          \
      |                 ~~~~~~~~~~~~~~~~~~~~~~~~~~~~~~~~~~~~~~~~~~~~~~~~~~~~~~~~~~~~~~~~~~~~~~~~~~~~~~~~~~~~~~~~~~~~~~~~~~~~~~~~~~~~~~~~~~~~
 4372 |             } while (0);                                                                                                           \
      |             ~~~~~~~~~~~~~~~~~~~~~~~~~~~~~~~~~~~~~~~~~~~~~~~~~~~~~~~~~~~~~~~~~~~~~~~~~~~~~~~~~~~~~~~~~~~~~~~~~~~~~~~~~~~~~~~~~~~~~~~~
 4373 |             emitter->buf->off += PTLS_HELLO_RANDOM_SIZE;                                                                           \
      |             ~~~~~~~~~~~~~~~~~~~~~~~~~~~~~~~~~~~~~~~~~~~~~~~~~~~~~~~~~~~~~~~~~~~~~~~~~~~~~~~~~~~~~~~~~~~~~~~~~~~~~~~~~~~~~~~~~~~~~~~~
 4374 |             ptls_buffer_push_block(emitter->buf, 1,                                                                                \
      |             ~~~~~~~~~~~~~~~~~~~~~~~~~~~~~~~~~~~~~~~~~~~~~~~~~~~~~~~~~~~~~~~~~~~~~~~~~~~~~~~~~~~~~~~~~~~~~~~~~~~~~~~~~~~~~~~~~~~~~~~~
 4375 |                                    { ptls_buffer_pushv(emitter->buf, ch->legacy_session_id.base, ch->legacy_session_id.len); });   \
      |                                    ~~~~~~~~~~~~~~~~~~~~~~~~~~~~~~~~~~~~~~~~~~~~~~~~~~~~~~~~~~~~~~~~~~~~~~~~~~~~~~~~~~~~~~~~~~~~~~~~~
 4376 |             ptls_buffer_push16(emitter->buf, tls->cipher_suite->id);                                                               \
      |             ~~~~~~~~~~~~~~~~~~~~~~~~~~~~~~~~~~~~~~~~~~~~~~~~~~~~~~~~~~~~~~~~~~~~~~~~~~~~~~~~~~~~~~~~~~~~~~~~~~~~~~~~~~~~~~~~~~~~~~~~
 4377 |             ptls_buffer_push(emitter->buf, 0);                                                                                     \
      |             ~~~~~~~~~~~~~~~~~~~~~~~~~~~~~~~~~~~~~~~~~~~~~~~~~~~~~~~~~~~~~~~~~~~~~~~~~~~~~~~~~~~~~~~~~~~~~~~~~~~~~~~~~~~~~~~~~~~~~~~~
 4378 |             ptls_buffer_push_block(emitter->buf, 2, {                                                                              \
      |             ~~~~~~~~~~~~~~~~~~~~~~~~~~~~~~~~~~~~~~~~~~~~~~~~~~~~~~~~~~~~~~~~~~~~~~~~~~~~~~~~~~~~~~~~~~~~~~~~~~~~~~~~~~~~~~~~~~~~~~~~
 4379 |                 buffer_push_extension(emitter->buf, PTLS_EXTENSION_TYPE_SUPPORTED_VERSIONS,                                        \
      |                 ~~~~~~~~~~~~~~~~~~~~~~~~~~~~~~~~~~~~~~~~~~~~~~~~~~~~~~~~~~~~~~~~~~~~~~~~~~~~~~~~~~~~~~~~~~~~~~~~~~~~~~~~~~~~~~~~~~~~
 4380 |                                       { ptls_buffer_push16(emitter->buf, ch->selected_version); });                                \
      |                                       ~~~~~~~~~~~~~~~~~~~~~~~~~~~~~~~~~~~~~~~~~~~~~~~~~~~~~~~~~~~~~~~~~~~~~~~~~~~~~~~~~~~~~~~~~~~~~~
vendor/picotls/include/picotls.h:1344:9: note: expanded from macro 'ptls_push_message'
 1344 |         ptls_buffer_push_message_body(_emitter->buf, (key_sched), (type), block);                                                  \
      |         ^~~~~~~~~~~~~~~~~~~~~~~~~~~~~~~~~~~~~~~~~~~~~~~~~~~~~~~~~~~~~~~~~~~~~~~~
vendor/picotls/include/picotls.h:1334:9: note: expanded from macro 'ptls_buffer_push_message_body'
 1334 |         ptls_buffer_push_block(_buf, 3, block);                                                                                    \
      |         ^~~~~~~~~~~~~~~~~~~~~~~~~~~~~~~~~~~~~~
vendor/picotls/include/picotls.h:1287:72: note: expanded from macro 'ptls_buffer_push_block'
 1287 |         ptls_buffer_pushv((buf), (uint8_t *)"\0\0\0\0\0\0\0", capacity != -1 ? capacity : 1);                                      \
      |                                                               ~~~~~~~~ ^  ~~
vendor/picotls/include/picotls.h:1241:57: note: expanded from macro 'ptls_buffer_pushv'
 1241 |         if ((ret = ptls_buffer__do_pushv((buf), (src), (len))) != 0)                                                               \
      |                                                         ^~~
vendor/picotls/lib/picotls.c:4609:13: warning: comparison of integers of different signs: 'size_t' (aka 'unsigned long') and 'int' [-Wsign-compare]
 4609 |             EMIT_HELLO_RETRY_REQUEST(tls->key_schedule, ch->cookie.sent_key_share ? key_share.algorithm : NULL,
      |             ^~~~~~~~~~~~~~~~~~~~~~~~~~~~~~~~~~~~~~~~~~~~~~~~~~~~~~~~~~~~~~~~~~~~~~~~~~~~~~~~~~~~~~~~~~~~~~~~~~~
 4610 |                                      {
      |                                      ~
 4611 |                                          buffer_push_extension(emitter->buf, PTLS_EXTENSION_TYPE_COOKIE, {
      |                                          ~~~~~~~~~~~~~~~~~~~~~~~~~~~~~~~~~~~~~~~~~~~~~~~~~~~~~~~~~~~~~~~~~
 4612 |                                              ptls_buffer_pushv(emitter->buf, ch->cookie.all.base, ch->cookie.all.len);
      |                                              ~~~~~~~~~~~~~~~~~~~~~~~~~~~~~~~~~~~~~~~~~~~~~~~~~~~~~~~~~~~~~~~~~~~~~~~~~
 4613 |                                          });
      |                                          ~~~
 4614 |                                      },
      |                                      ~~
 4615 |                                      {});
      |                                      ~~~
vendor/picotls/lib/picotls.c:4393:5: note: expanded from macro 'EMIT_HELLO_RETRY_REQUEST'
 4393 |     EMIT_SERVER_HELLO((sched), { memcpy(emitter->buf->base + emitter->buf->off, hello_retry_random, PTLS_HELLO_RANDOM_SIZE); },    \
      |     ^~~~~~~~~~~~~~~~~~~~~~~~~~~~~~~~~~~~~~~~~~~~~~~~~~~~~~~~~~~~~~~~~~~~~~~~~~~~~~~~~~~~~~~~~~~~~~~~~~~~~~~~~~~~~~~~~~~~~~~~~~~~~~~~
 4394 |                       {                                                                                                            \
      |                       ~~~~~~~~~~~~~~~~~~~~~~~~~~~~~~~~~~~~~~~~~~~~~~~~~~~~~~~~~~~~~~~~~~~~~~~~~~~~~~~~~~~~~~~~~~~~~~~~~~~~~~~~~~~~~~
 4395 |                           ptls_key_exchange_algorithm_t *_negotiated_group = (negotiated_group);                                   \
      |                           ~~~~~~~~~~~~~~~~~~~~~~~~~~~~~~~~~~~~~~~~~~~~~~~~~~~~~~~~~~~~~~~~~~~~~~~~~~~~~~~~~~~~~~~~~~~~~~~~~~~~~~~~~~
 4396 |                           if (_negotiated_group != NULL) {                                                                         \
      |                           ~~~~~~~~~~~~~~~~~~~~~~~~~~~~~~~~~~~~~~~~~~~~~~~~~~~~~~~~~~~~~~~~~~~~~~~~~~~~~~~~~~~~~~~~~~~~~~~~~~~~~~~~~~
 4397 |                               buffer_push_extension(emitter->buf, PTLS_EXTENSION_TYPE_KEY_SHARE,                                   \
      |                               ~~~~~~~~~~~~~~~~~~~~~~~~~~~~~~~~~~~~~~~~~~~~~~~~~~~~~~~~~~~~~~~~~~~~~~~~~~~~~~~~~~~~~~~~~~~~~~~~~~~~~~
 4398 |                                                     { ptls_buffer_push16(emitter->buf, _negotiated_group->id); });                 \
      |                                                     ~~~~~~~~~~~~~~~~~~~~~~~~~~~~~~~~~~~~~~~~~~~~~~~~~~~~~~~~~~~~~~~~~~~~~~~~~~~~~~~~
 4399 |                           }                                                                                                        \
      |                           ~~~~~~~~~~~~~~~~~~~~~~~~~~~~~~~~~~~~~~~~~~~~~~~~~~~~~~~~~~~~~~~~~~~~~~~~~~~~~~~~~~~~~~~~~~~~~~~~~~~~~~~~~~
 4400 |                           do {                                                                                                     \
      |                           ~~~~~~~~~~~~~~~~~~~~~~~~~~~~~~~~~~~~~~~~~~~~~~~~~~~~~~~~~~~~~~~~~~~~~~~~~~~~~~~~~~~~~~~~~~~~~~~~~~~~~~~~~~
 4401 |                               additional_extensions                                                                                \
      |                               ~~~~~~~~~~~~~~~~~~~~~~~~~~~~~~~~~~~~~~~~~~~~~~~~~~~~~~~~~~~~~~~~~~~~~~~~~~~~~~~~~~~~~~~~~~~~~~~~~~~~~~
 4402 |                           } while (0);                                                                                             \
      |                           ~~~~~~~~~~~~~~~~~~~~~~~~~~~~~~~~~~~~~~~~~~~~~~~~~~~~~~~~~~~~~~~~~~~~~~~~~~~~~~~~~~~~~~~~~~~~~~~~~~~~~~~~~~
 4403 |                       },                                                                                                           \
      |                       ~~~~~~~~~~~~~~~~~~~~~~~~~~~~~~~~~~~~~~~~~~~~~~~~~~~~~~~~~~~~~~~~~~~~~~~~~~~~~~~~~~~~~~~~~~~~~~~~~~~~~~~~~~~~~~
 4404 |                       post_action)
      |                       ~~~~~~~~~~~~
vendor/picotls/lib/picotls.c:4374:13: note: expanded from macro 'EMIT_SERVER_HELLO'
 4374 |             ptls_buffer_push_block(emitter->buf, 1,                                                                                \
      |             ^~~~~~~~~~~~~~~~~~~~~~~~~~~~~~~~~~~~~~~~~~~~~~~~~~~~~~~~~~~~~~~~~~~~~~~~~~~~~~~~~~~~~~~~~~~~~~~~~~~~~~~~~~~~~~~~~~~~~~~~
 4375 |                                    { ptls_buffer_pushv(emitter->buf, ch->legacy_session_id.base, ch->legacy_session_id.len); });   \
      |                                    ~~~~~~~~~~~~~~~~~~~~~~~~~~~~~~~~~~~~~~~~~~~~~~~~~~~~~~~~~~~~~~~~~~~~~~~~~~~~~~~~~~~~~~~~~~~~
vendor/picotls/include/picotls.h:1287:72: note: expanded from macro 'ptls_buffer_push_block'
 1287 |         ptls_buffer_pushv((buf), (uint8_t *)"\0\0\0\0\0\0\0", capacity != -1 ? capacity : 1);                                      \
      |                                                               ~~~~~~~~ ^  ~~
note: (skipping 1 expansions in backtrace; use -fmacro-backtrace-limit=0 to see all)
vendor/picotls/include/picotls.h:1344:75: note: expanded from macro 'ptls_push_message'
 1344 |         ptls_buffer_push_message_body(_emitter->buf, (key_sched), (type), block);                                                  \
      |                                                                           ^~~~~
vendor/picotls/include/picotls.h:1334:41: note: expanded from macro 'ptls_buffer_push_message_body'
 1334 |         ptls_buffer_push_block(_buf, 3, block);                                                                                    \
      |                                         ^~~~~
vendor/picotls/include/picotls.h:1290:13: note: expanded from macro 'ptls_buffer_push_block'
 1290 |             block                                                                                                                  \
      |             ^~~~~
vendor/picotls/lib/picotls.c:4609:13: warning: comparison of integers of different signs: 'size_t' (aka 'unsigned long') and 'int' [-Wsign-compare]
 4609 |             EMIT_HELLO_RETRY_REQUEST(tls->key_schedule, ch->cookie.sent_key_share ? key_share.algorithm : NULL,
      |             ^~~~~~~~~~~~~~~~~~~~~~~~~~~~~~~~~~~~~~~~~~~~~~~~~~~~~~~~~~~~~~~~~~~~~~~~~~~~~~~~~~~~~~~~~~~~~~~~~~~
 4610 |                                      {
      |                                      ~
 4611 |                                          buffer_push_extension(emitter->buf, PTLS_EXTENSION_TYPE_COOKIE, {
      |                                          ~~~~~~~~~~~~~~~~~~~~~~~~~~~~~~~~~~~~~~~~~~~~~~~~~~~~~~~~~~~~~~~~~
 4612 |                                              ptls_buffer_pushv(emitter->buf, ch->cookie.all.base, ch->cookie.all.len);
      |                                              ~~~~~~~~~~~~~~~~~~~~~~~~~~~~~~~~~~~~~~~~~~~~~~~~~~~~~~~~~~~~~~~~~~~~~~~~~
 4613 |                                          });
      |                                          ~~~
 4614 |                                      },
      |                                      ~~
 4615 |                                      {});
      |                                      ~~~
vendor/picotls/lib/picotls.c:4393:5: note: expanded from macro 'EMIT_HELLO_RETRY_REQUEST'
 4393 |     EMIT_SERVER_HELLO((sched), { memcpy(emitter->buf->base + emitter->buf->off, hello_retry_random, PTLS_HELLO_RANDOM_SIZE); },    \
      |     ^~~~~~~~~~~~~~~~~~~~~~~~~~~~~~~~~~~~~~~~~~~~~~~~~~~~~~~~~~~~~~~~~~~~~~~~~~~~~~~~~~~~~~~~~~~~~~~~~~~~~~~~~~~~~~~~~~~~~~~~~~~~~~~~
 4394 |                       {                                                                                                            \
      |                       ~~~~~~~~~~~~~~~~~~~~~~~~~~~~~~~~~~~~~~~~~~~~~~~~~~~~~~~~~~~~~~~~~~~~~~~~~~~~~~~~~~~~~~~~~~~~~~~~~~~~~~~~~~~~~~
 4395 |                           ptls_key_exchange_algorithm_t *_negotiated_group = (negotiated_group);                                   \
      |                           ~~~~~~~~~~~~~~~~~~~~~~~~~~~~~~~~~~~~~~~~~~~~~~~~~~~~~~~~~~~~~~~~~~~~~~~~~~~~~~~~~~~~~~~~~~~~~~~~~~~~~~~~~~
 4396 |                           if (_negotiated_group != NULL) {                                                                         \
      |                           ~~~~~~~~~~~~~~~~~~~~~~~~~~~~~~~~~~~~~~~~~~~~~~~~~~~~~~~~~~~~~~~~~~~~~~~~~~~~~~~~~~~~~~~~~~~~~~~~~~~~~~~~~~
 4397 |                               buffer_push_extension(emitter->buf, PTLS_EXTENSION_TYPE_KEY_SHARE,                                   \
      |                               ~~~~~~~~~~~~~~~~~~~~~~~~~~~~~~~~~~~~~~~~~~~~~~~~~~~~~~~~~~~~~~~~~~~~~~~~~~~~~~~~~~~~~~~~~~~~~~~~~~~~~~
 4398 |                                                     { ptls_buffer_push16(emitter->buf, _negotiated_group->id); });                 \
      |                                                     ~~~~~~~~~~~~~~~~~~~~~~~~~~~~~~~~~~~~~~~~~~~~~~~~~~~~~~~~~~~~~~~~~~~~~~~~~~~~~~~~
 4399 |                           }                                                                                                        \
      |                           ~~~~~~~~~~~~~~~~~~~~~~~~~~~~~~~~~~~~~~~~~~~~~~~~~~~~~~~~~~~~~~~~~~~~~~~~~~~~~~~~~~~~~~~~~~~~~~~~~~~~~~~~~~
 4400 |                           do {                                                                                                     \
      |                           ~~~~~~~~~~~~~~~~~~~~~~~~~~~~~~~~~~~~~~~~~~~~~~~~~~~~~~~~~~~~~~~~~~~~~~~~~~~~~~~~~~~~~~~~~~~~~~~~~~~~~~~~~~
 4401 |                               additional_extensions                                                                                \
      |                               ~~~~~~~~~~~~~~~~~~~~~~~~~~~~~~~~~~~~~~~~~~~~~~~~~~~~~~~~~~~~~~~~~~~~~~~~~~~~~~~~~~~~~~~~~~~~~~~~~~~~~~
 4402 |                           } while (0);                                                                                             \
      |                           ~~~~~~~~~~~~~~~~~~~~~~~~~~~~~~~~~~~~~~~~~~~~~~~~~~~~~~~~~~~~~~~~~~~~~~~~~~~~~~~~~~~~~~~~~~~~~~~~~~~~~~~~~~
 4403 |                       },                                                                                                           \
      |                       ~~~~~~~~~~~~~~~~~~~~~~~~~~~~~~~~~~~~~~~~~~~~~~~~~~~~~~~~~~~~~~~~~~~~~~~~~~~~~~~~~~~~~~~~~~~~~~~~~~~~~~~~~~~~~~
 4404 |                       post_action)
      |                       ~~~~~~~~~~~~
vendor/picotls/lib/picotls.c:4374:13: note: expanded from macro 'EMIT_SERVER_HELLO'
 4374 |             ptls_buffer_push_block(emitter->buf, 1,                                                                                \
      |             ^~~~~~~~~~~~~~~~~~~~~~~~~~~~~~~~~~~~~~~~~~~~~~~~~~~~~~~~~~~~~~~~~~~~~~~~~~~~~~~~~~~~~~~~~~~~~~~~~~~~~~~~~~~~~~~~~~~~~~~~
 4375 |                                    { ptls_buffer_pushv(emitter->buf, ch->legacy_session_id.base, ch->legacy_session_id.len); });   \
      |                                    ~~~~~~~~~~~~~~~~~~~~~~~~~~~~~~~~~~~~~~~~~~~~~~~~~~~~~~~~~~~~~~~~~~~~~~~~~~~~~~~~~~~~~~~~~~~~
vendor/picotls/include/picotls.h:1293:22: note: expanded from macro 'ptls_buffer_push_block'
 1293 |         if (capacity != -1) {                                                                                                      \
      |             ~~~~~~~~ ^  ~~
vendor/picotls/include/picotls.h:1344:75: note: expanded from macro 'ptls_push_message'
 1344 |         ptls_buffer_push_message_body(_emitter->buf, (key_sched), (type), block);                                                  \
      |                                                                           ^~~~~
vendor/picotls/include/picotls.h:1334:41: note: expanded from macro 'ptls_buffer_push_message_body'
 1334 |         ptls_buffer_push_block(_buf, 3, block);                                                                                    \
      |                                         ^~~~~
vendor/picotls/include/picotls.h:1290:13: note: expanded from macro 'ptls_buffer_push_block'
 1290 |             block                                                                                                                  \
      |             ^~~~~
vendor/picotls/lib/picotls.c:4609:13: warning: comparison of integers of different signs: 'size_t' (aka 'unsigned long') and 'int' [-Wsign-compare]
 4609 |             EMIT_HELLO_RETRY_REQUEST(tls->key_schedule, ch->cookie.sent_key_share ? key_share.algorithm : NULL,
      |             ^~~~~~~~~~~~~~~~~~~~~~~~~~~~~~~~~~~~~~~~~~~~~~~~~~~~~~~~~~~~~~~~~~~~~~~~~~~~~~~~~~~~~~~~~~~~~~~~~~~
 4610 |                                      {
      |                                      ~
 4611 |                                          buffer_push_extension(emitter->buf, PTLS_EXTENSION_TYPE_COOKIE, {
      |                                          ~~~~~~~~~~~~~~~~~~~~~~~~~~~~~~~~~~~~~~~~~~~~~~~~~~~~~~~~~~~~~~~~~
 4612 |                                              ptls_buffer_pushv(emitter->buf, ch->cookie.all.base, ch->cookie.all.len);
      |                                              ~~~~~~~~~~~~~~~~~~~~~~~~~~~~~~~~~~~~~~~~~~~~~~~~~~~~~~~~~~~~~~~~~~~~~~~~~
 4613 |                                          });
      |                                          ~~~
 4614 |                                      },
      |                                      ~~
 4615 |                                      {});
      |                                      ~~~
vendor/picotls/lib/picotls.c:4393:5: note: expanded from macro 'EMIT_HELLO_RETRY_REQUEST'
 4393 |     EMIT_SERVER_HELLO((sched), { memcpy(emitter->buf->base + emitter->buf->off, hello_retry_random, PTLS_HELLO_RANDOM_SIZE); },    \
      |     ^~~~~~~~~~~~~~~~~~~~~~~~~~~~~~~~~~~~~~~~~~~~~~~~~~~~~~~~~~~~~~~~~~~~~~~~~~~~~~~~~~~~~~~~~~~~~~~~~~~~~~~~~~~~~~~~~~~~~~~~~~~~~~~~
 4394 |                       {                                                                                                            \
      |                       ~~~~~~~~~~~~~~~~~~~~~~~~~~~~~~~~~~~~~~~~~~~~~~~~~~~~~~~~~~~~~~~~~~~~~~~~~~~~~~~~~~~~~~~~~~~~~~~~~~~~~~~~~~~~~~
 4395 |                           ptls_key_exchange_algorithm_t *_negotiated_group = (negotiated_group);                                   \
      |                           ~~~~~~~~~~~~~~~~~~~~~~~~~~~~~~~~~~~~~~~~~~~~~~~~~~~~~~~~~~~~~~~~~~~~~~~~~~~~~~~~~~~~~~~~~~~~~~~~~~~~~~~~~~
 4396 |                           if (_negotiated_group != NULL) {                                                                         \
      |                           ~~~~~~~~~~~~~~~~~~~~~~~~~~~~~~~~~~~~~~~~~~~~~~~~~~~~~~~~~~~~~~~~~~~~~~~~~~~~~~~~~~~~~~~~~~~~~~~~~~~~~~~~~~
 4397 |                               buffer_push_extension(emitter->buf, PTLS_EXTENSION_TYPE_KEY_SHARE,                                   \
      |                               ~~~~~~~~~~~~~~~~~~~~~~~~~~~~~~~~~~~~~~~~~~~~~~~~~~~~~~~~~~~~~~~~~~~~~~~~~~~~~~~~~~~~~~~~~~~~~~~~~~~~~~
 4398 |                                                     { ptls_buffer_push16(emitter->buf, _negotiated_group->id); });                 \
      |                                                     ~~~~~~~~~~~~~~~~~~~~~~~~~~~~~~~~~~~~~~~~~~~~~~~~~~~~~~~~~~~~~~~~~~~~~~~~~~~~~~~~
 4399 |                           }                                                                                                        \
      |                           ~~~~~~~~~~~~~~~~~~~~~~~~~~~~~~~~~~~~~~~~~~~~~~~~~~~~~~~~~~~~~~~~~~~~~~~~~~~~~~~~~~~~~~~~~~~~~~~~~~~~~~~~~~
 4400 |                           do {                                                                                                     \
      |                           ~~~~~~~~~~~~~~~~~~~~~~~~~~~~~~~~~~~~~~~~~~~~~~~~~~~~~~~~~~~~~~~~~~~~~~~~~~~~~~~~~~~~~~~~~~~~~~~~~~~~~~~~~~
 4401 |                               additional_extensions                                                                                \
      |                               ~~~~~~~~~~~~~~~~~~~~~~~~~~~~~~~~~~~~~~~~~~~~~~~~~~~~~~~~~~~~~~~~~~~~~~~~~~~~~~~~~~~~~~~~~~~~~~~~~~~~~~
 4402 |                           } while (0);                                                                                             \
      |                           ~~~~~~~~~~~~~~~~~~~~~~~~~~~~~~~~~~~~~~~~~~~~~~~~~~~~~~~~~~~~~~~~~~~~~~~~~~~~~~~~~~~~~~~~~~~~~~~~~~~~~~~~~~
 4403 |                       },                                                                                                           \
      |                       ~~~~~~~~~~~~~~~~~~~~~~~~~~~~~~~~~~~~~~~~~~~~~~~~~~~~~~~~~~~~~~~~~~~~~~~~~~~~~~~~~~~~~~~~~~~~~~~~~~~~~~~~~~~~~~
 4404 |                       post_action)
      |                       ~~~~~~~~~~~~
vendor/picotls/lib/picotls.c:4378:13: note: expanded from macro 'EMIT_SERVER_HELLO'
 4378 |             ptls_buffer_push_block(emitter->buf, 2, {                                                                              \
      |             ^~~~~~~~~~~~~~~~~~~~~~~~~~~~~~~~~~~~~~~~~~~~~~~~~~~~~~~~~~~~~~~~~~~~~~~~~~~~~~~~~~~~~~~~~~~~~~~~~~~~~~~~~~~~~~~~~~~~~~~~
 4379 |                 buffer_push_extension(emitter->buf, PTLS_EXTENSION_TYPE_SUPPORTED_VERSIONS,                                        \
      |                 ~~~~~~~~~~~~~~~~~~~~~~~~~~~~~~~~~~~~~~~~~~~~~~~~~~~~~~~~~~~~~~~~~~~~~~~~~~~~~~~~~~~~~~~~~~~~~~~~~~~~~~~~~~~~~~~~~~~~
 4380 |                                       { ptls_buffer_push16(emitter->buf, ch->selected_version); });                                \
      |                                       ~~~~~~~~~~~~~~~~~~~~~~~~~~~~~~~~~~~~~~~~~~~~~~~~~~~~~~~~~~~~~~~~~~~~~~~~~~~~~~~~~~~~~~~~~~~~~~
 4381 |                 do {                                                                                                               \
      |                 ~~~~~~~~~~~~~~~~~~~~~~~~~~~~~~~~~~~~~~~~~~~~~~~~~~~~~~~~~~~~~~~~~~~~~~~~~~~~~~~~~~~~~~~~~~~~~~~~~~~~~~~~~~~~~~~~~~~~
 4382 |                     extensions                                                                                                     \
      |                     ~~~~~~~~~~~~~~~~~~~~~~~~~~~~~~~~~~~~~~~~~~~~~~~~~~~~~~~~~~~~~~~~~~~~~~~~~~~~~~~~~~~~~~~~~~~~~~~~~~~~~~~~~~~~~~~~
 4383 |                 } while (0);                                                                                                       \
      |                 ~~~~~~~~~~~~~~~~~~~~~~~~~~~~~~~~~~~~~~~~~~~~~~~~~~~~~~~~~~~~~~~~~~~~~~~~~~~~~~~~~~~~~~~~~~~~~~~~~~~~~~~~~~~~~~~~~~~~
 4384 |             });                                                                                                                    \
      |             ~~
vendor/picotls/include/picotls.h:1287:72: note: expanded from macro 'ptls_buffer_push_block'
 1287 |         ptls_buffer_pushv((buf), (uint8_t *)"\0\0\0\0\0\0\0", capacity != -1 ? capacity : 1);                                      \
      |                                                               ~~~~~~~~ ^  ~~
note: (skipping 1 expansions in backtrace; use -fmacro-backtrace-limit=0 to see all)
vendor/picotls/include/picotls.h:1344:75: note: expanded from macro 'ptls_push_message'
 1344 |         ptls_buffer_push_message_body(_emitter->buf, (key_sched), (type), block);                                                  \
      |                                                                           ^~~~~
vendor/picotls/include/picotls.h:1334:41: note: expanded from macro 'ptls_buffer_push_message_body'
 1334 |         ptls_buffer_push_block(_buf, 3, block);                                                                                    \
      |                                         ^~~~~
vendor/picotls/include/picotls.h:1290:13: note: expanded from macro 'ptls_buffer_push_block'
 1290 |             block                                                                                                                  \
      |             ^~~~~
vendor/picotls/lib/picotls.c:4609:13: warning: comparison of integers of different signs: 'size_t' (aka 'unsigned long') and 'int' [-Wsign-compare]
 4609 |             EMIT_HELLO_RETRY_REQUEST(tls->key_schedule, ch->cookie.sent_key_share ? key_share.algorithm : NULL,
      |             ^~~~~~~~~~~~~~~~~~~~~~~~~~~~~~~~~~~~~~~~~~~~~~~~~~~~~~~~~~~~~~~~~~~~~~~~~~~~~~~~~~~~~~~~~~~~~~~~~~~
 4610 |                                      {
      |                                      ~
 4611 |                                          buffer_push_extension(emitter->buf, PTLS_EXTENSION_TYPE_COOKIE, {
      |                                          ~~~~~~~~~~~~~~~~~~~~~~~~~~~~~~~~~~~~~~~~~~~~~~~~~~~~~~~~~~~~~~~~~
 4612 |                                              ptls_buffer_pushv(emitter->buf, ch->cookie.all.base, ch->cookie.all.len);
      |                                              ~~~~~~~~~~~~~~~~~~~~~~~~~~~~~~~~~~~~~~~~~~~~~~~~~~~~~~~~~~~~~~~~~~~~~~~~~
 4613 |                                          });
      |                                          ~~~
 4614 |                                      },
      |                                      ~~
 4615 |                                      {});
      |                                      ~~~
vendor/picotls/lib/picotls.c:4393:5: note: expanded from macro 'EMIT_HELLO_RETRY_REQUEST'
 4393 |     EMIT_SERVER_HELLO((sched), { memcpy(emitter->buf->base + emitter->buf->off, hello_retry_random, PTLS_HELLO_RANDOM_SIZE); },    \
      |     ^~~~~~~~~~~~~~~~~~~~~~~~~~~~~~~~~~~~~~~~~~~~~~~~~~~~~~~~~~~~~~~~~~~~~~~~~~~~~~~~~~~~~~~~~~~~~~~~~~~~~~~~~~~~~~~~~~~~~~~~~~~~~~~~
 4394 |                       {                                                                                                            \
      |                       ~~~~~~~~~~~~~~~~~~~~~~~~~~~~~~~~~~~~~~~~~~~~~~~~~~~~~~~~~~~~~~~~~~~~~~~~~~~~~~~~~~~~~~~~~~~~~~~~~~~~~~~~~~~~~~
 4395 |                           ptls_key_exchange_algorithm_t *_negotiated_group = (negotiated_group);                                   \
      |                           ~~~~~~~~~~~~~~~~~~~~~~~~~~~~~~~~~~~~~~~~~~~~~~~~~~~~~~~~~~~~~~~~~~~~~~~~~~~~~~~~~~~~~~~~~~~~~~~~~~~~~~~~~~
 4396 |                           if (_negotiated_group != NULL) {                                                                         \
      |                           ~~~~~~~~~~~~~~~~~~~~~~~~~~~~~~~~~~~~~~~~~~~~~~~~~~~~~~~~~~~~~~~~~~~~~~~~~~~~~~~~~~~~~~~~~~~~~~~~~~~~~~~~~~
 4397 |                               buffer_push_extension(emitter->buf, PTLS_EXTENSION_TYPE_KEY_SHARE,                                   \
      |                               ~~~~~~~~~~~~~~~~~~~~~~~~~~~~~~~~~~~~~~~~~~~~~~~~~~~~~~~~~~~~~~~~~~~~~~~~~~~~~~~~~~~~~~~~~~~~~~~~~~~~~~
 4398 |                                                     { ptls_buffer_push16(emitter->buf, _negotiated_group->id); });                 \
      |                                                     ~~~~~~~~~~~~~~~~~~~~~~~~~~~~~~~~~~~~~~~~~~~~~~~~~~~~~~~~~~~~~~~~~~~~~~~~~~~~~~~~
 4399 |                           }                                                                                                        \
      |                           ~~~~~~~~~~~~~~~~~~~~~~~~~~~~~~~~~~~~~~~~~~~~~~~~~~~~~~~~~~~~~~~~~~~~~~~~~~~~~~~~~~~~~~~~~~~~~~~~~~~~~~~~~~
 4400 |                           do {                                                                                                     \
      |                           ~~~~~~~~~~~~~~~~~~~~~~~~~~~~~~~~~~~~~~~~~~~~~~~~~~~~~~~~~~~~~~~~~~~~~~~~~~~~~~~~~~~~~~~~~~~~~~~~~~~~~~~~~~
 4401 |                               additional_extensions                                                                                \
      |                               ~~~~~~~~~~~~~~~~~~~~~~~~~~~~~~~~~~~~~~~~~~~~~~~~~~~~~~~~~~~~~~~~~~~~~~~~~~~~~~~~~~~~~~~~~~~~~~~~~~~~~~
 4402 |                           } while (0);                                                                                             \
      |                           ~~~~~~~~~~~~~~~~~~~~~~~~~~~~~~~~~~~~~~~~~~~~~~~~~~~~~~~~~~~~~~~~~~~~~~~~~~~~~~~~~~~~~~~~~~~~~~~~~~~~~~~~~~
 4403 |                       },                                                                                                           \
      |                       ~~~~~~~~~~~~~~~~~~~~~~~~~~~~~~~~~~~~~~~~~~~~~~~~~~~~~~~~~~~~~~~~~~~~~~~~~~~~~~~~~~~~~~~~~~~~~~~~~~~~~~~~~~~~~~
 4404 |                       post_action)
      |                       ~~~~~~~~~~~~
vendor/picotls/lib/picotls.c:4379:17: note: expanded from macro 'EMIT_SERVER_HELLO'
 4379 |                 buffer_push_extension(emitter->buf, PTLS_EXTENSION_TYPE_SUPPORTED_VERSIONS,                                        \
      |                 ^~~~~~~~~~~~~~~~~~~~~~~~~~~~~~~~~~~~~~~~~~~~~~~~~~~~~~~~~~~~~~~~~~~~~~~~~~~~~~~~~~~~~~~~~~~~~~~~~~~~~~~~~~~~~~~~~~~~
 4380 |                                       { ptls_buffer_push16(emitter->buf, ch->selected_version); });                                \
      |                                       ~~~~~~~~~~~~~~~~~~~~~~~~~~~~~~~~~~~~~~~~~~~~~~~~~~~~~~~~~~~~
vendor/picotls/lib/picotls.c:894:9: note: expanded from macro 'buffer_push_extension'
  894 |         ptls_buffer_push_block((buf), 2, block);                                                                                   \
      |         ^~~~~~~~~~~~~~~~~~~~~~~~~~~~~~~~~~~~~~~
note: (skipping 3 expansions in backtrace; use -fmacro-backtrace-limit=0 to see all)
vendor/picotls/include/picotls.h:1344:75: note: expanded from macro 'ptls_push_message'
 1344 |         ptls_buffer_push_message_body(_emitter->buf, (key_sched), (type), block);                                                  \
      |                                                                           ^~~~~
vendor/picotls/include/picotls.h:1334:41: note: expanded from macro 'ptls_buffer_push_message_body'
 1334 |         ptls_buffer_push_block(_buf, 3, block);                                                                                    \
      |                                         ^~~~~
vendor/picotls/include/picotls.h:1290:13: note: expanded from macro 'ptls_buffer_push_block'
 1290 |             block                                                                                                                  \
      |             ^~~~~
vendor/picotls/lib/picotls.c:4609:13: warning: comparison of integers of different signs: 'size_t' (aka 'unsigned long') and 'int' [-Wsign-compare]
 4609 |             EMIT_HELLO_RETRY_REQUEST(tls->key_schedule, ch->cookie.sent_key_share ? key_share.algorithm : NULL,
      |             ^~~~~~~~~~~~~~~~~~~~~~~~~~~~~~~~~~~~~~~~~~~~~~~~~~~~~~~~~~~~~~~~~~~~~~~~~~~~~~~~~~~~~~~~~~~~~~~~~~~
 4610 |                                      {
      |                                      ~
 4611 |                                          buffer_push_extension(emitter->buf, PTLS_EXTENSION_TYPE_COOKIE, {
      |                                          ~~~~~~~~~~~~~~~~~~~~~~~~~~~~~~~~~~~~~~~~~~~~~~~~~~~~~~~~~~~~~~~~~
 4612 |                                              ptls_buffer_pushv(emitter->buf, ch->cookie.all.base, ch->cookie.all.len);
      |                                              ~~~~~~~~~~~~~~~~~~~~~~~~~~~~~~~~~~~~~~~~~~~~~~~~~~~~~~~~~~~~~~~~~~~~~~~~~
 4613 |                                          });
      |                                          ~~~
 4614 |                                      },
      |                                      ~~
 4615 |                                      {});
      |                                      ~~~
vendor/picotls/lib/picotls.c:4393:5: note: expanded from macro 'EMIT_HELLO_RETRY_REQUEST'
 4393 |     EMIT_SERVER_HELLO((sched), { memcpy(emitter->buf->base + emitter->buf->off, hello_retry_random, PTLS_HELLO_RANDOM_SIZE); },    \
      |     ^~~~~~~~~~~~~~~~~~~~~~~~~~~~~~~~~~~~~~~~~~~~~~~~~~~~~~~~~~~~~~~~~~~~~~~~~~~~~~~~~~~~~~~~~~~~~~~~~~~~~~~~~~~~~~~~~~~~~~~~~~~~~~~~
 4394 |                       {                                                                                                            \
      |                       ~~~~~~~~~~~~~~~~~~~~~~~~~~~~~~~~~~~~~~~~~~~~~~~~~~~~~~~~~~~~~~~~~~~~~~~~~~~~~~~~~~~~~~~~~~~~~~~~~~~~~~~~~~~~~~
 4395 |                           ptls_key_exchange_algorithm_t *_negotiated_group = (negotiated_group);                                   \
      |                           ~~~~~~~~~~~~~~~~~~~~~~~~~~~~~~~~~~~~~~~~~~~~~~~~~~~~~~~~~~~~~~~~~~~~~~~~~~~~~~~~~~~~~~~~~~~~~~~~~~~~~~~~~~
 4396 |                           if (_negotiated_group != NULL) {                                                                         \
      |                           ~~~~~~~~~~~~~~~~~~~~~~~~~~~~~~~~~~~~~~~~~~~~~~~~~~~~~~~~~~~~~~~~~~~~~~~~~~~~~~~~~~~~~~~~~~~~~~~~~~~~~~~~~~
 4397 |                               buffer_push_extension(emitter->buf, PTLS_EXTENSION_TYPE_KEY_SHARE,                                   \
      |                               ~~~~~~~~~~~~~~~~~~~~~~~~~~~~~~~~~~~~~~~~~~~~~~~~~~~~~~~~~~~~~~~~~~~~~~~~~~~~~~~~~~~~~~~~~~~~~~~~~~~~~~
 4398 |                                                     { ptls_buffer_push16(emitter->buf, _negotiated_group->id); });                 \
      |                                                     ~~~~~~~~~~~~~~~~~~~~~~~~~~~~~~~~~~~~~~~~~~~~~~~~~~~~~~~~~~~~~~~~~~~~~~~~~~~~~~~~
 4399 |                           }                                                                                                        \
      |                           ~~~~~~~~~~~~~~~~~~~~~~~~~~~~~~~~~~~~~~~~~~~~~~~~~~~~~~~~~~~~~~~~~~~~~~~~~~~~~~~~~~~~~~~~~~~~~~~~~~~~~~~~~~
 4400 |                           do {                                                                                                     \
      |                           ~~~~~~~~~~~~~~~~~~~~~~~~~~~~~~~~~~~~~~~~~~~~~~~~~~~~~~~~~~~~~~~~~~~~~~~~~~~~~~~~~~~~~~~~~~~~~~~~~~~~~~~~~~
 4401 |                               additional_extensions                                                                                \
      |                               ~~~~~~~~~~~~~~~~~~~~~~~~~~~~~~~~~~~~~~~~~~~~~~~~~~~~~~~~~~~~~~~~~~~~~~~~~~~~~~~~~~~~~~~~~~~~~~~~~~~~~~
 4402 |                           } while (0);                                                                                             \
      |                           ~~~~~~~~~~~~~~~~~~~~~~~~~~~~~~~~~~~~~~~~~~~~~~~~~~~~~~~~~~~~~~~~~~~~~~~~~~~~~~~~~~~~~~~~~~~~~~~~~~~~~~~~~~
 4403 |                       },                                                                                                           \
      |                       ~~~~~~~~~~~~~~~~~~~~~~~~~~~~~~~~~~~~~~~~~~~~~~~~~~~~~~~~~~~~~~~~~~~~~~~~~~~~~~~~~~~~~~~~~~~~~~~~~~~~~~~~~~~~~~
 4404 |                       post_action)
      |                       ~~~~~~~~~~~~
vendor/picotls/lib/picotls.c:4379:17: note: expanded from macro 'EMIT_SERVER_HELLO'
 4379 |                 buffer_push_extension(emitter->buf, PTLS_EXTENSION_TYPE_SUPPORTED_VERSIONS,                                        \
      |                 ^~~~~~~~~~~~~~~~~~~~~~~~~~~~~~~~~~~~~~~~~~~~~~~~~~~~~~~~~~~~~~~~~~~~~~~~~~~~~~~~~~~~~~~~~~~~~~~~~~~~~~~~~~~~~~~~~~~~
 4380 |                                       { ptls_buffer_push16(emitter->buf, ch->selected_version); });                                \
      |                                       ~~~~~~~~~~~~~~~~~~~~~~~~~~~~~~~~~~~~~~~~~~~~~~~~~~~~~~~~~~~~
vendor/picotls/lib/picotls.c:894:9: note: expanded from macro 'buffer_push_extension'
  894 |         ptls_buffer_push_block((buf), 2, block);                                                                                   \
      |         ^~~~~~~~~~~~~~~~~~~~~~~~~~~~~~~~~~~~~~~
note: (skipping 2 expansions in backtrace; use -fmacro-backtrace-limit=0 to see all)
vendor/picotls/include/picotls.h:1344:75: note: expanded from macro 'ptls_push_message'
 1344 |         ptls_buffer_push_message_body(_emitter->buf, (key_sched), (type), block);                                                  \
      |                                                                           ^~~~~
vendor/picotls/include/picotls.h:1334:41: note: expanded from macro 'ptls_buffer_push_message_body'
 1334 |         ptls_buffer_push_block(_buf, 3, block);                                                                                    \
      |                                         ^~~~~
vendor/picotls/include/picotls.h:1290:13: note: expanded from macro 'ptls_buffer_push_block'
 1290 |             block                                                                                                                  \
      |             ^~~~~
vendor/picotls/lib/picotls.c:4609:13: warning: comparison of integers of different signs: 'size_t' (aka 'unsigned long') and 'int' [-Wsign-compare]
 4609 |             EMIT_HELLO_RETRY_REQUEST(tls->key_schedule, ch->cookie.sent_key_share ? key_share.algorithm : NULL,
      |             ^~~~~~~~~~~~~~~~~~~~~~~~~~~~~~~~~~~~~~~~~~~~~~~~~~~~~~~~~~~~~~~~~~~~~~~~~~~~~~~~~~~~~~~~~~~~~~~~~~~
 4610 |                                      {
      |                                      ~
 4611 |                                          buffer_push_extension(emitter->buf, PTLS_EXTENSION_TYPE_COOKIE, {
      |                                          ~~~~~~~~~~~~~~~~~~~~~~~~~~~~~~~~~~~~~~~~~~~~~~~~~~~~~~~~~~~~~~~~~
 4612 |                                              ptls_buffer_pushv(emitter->buf, ch->cookie.all.base, ch->cookie.all.len);
      |                                              ~~~~~~~~~~~~~~~~~~~~~~~~~~~~~~~~~~~~~~~~~~~~~~~~~~~~~~~~~~~~~~~~~~~~~~~~~
 4613 |                                          });
      |                                          ~~~
 4614 |                                      },
      |                                      ~~
 4615 |                                      {});
      |                                      ~~~
vendor/picotls/lib/picotls.c:4397:31: note: expanded from macro 'EMIT_HELLO_RETRY_REQUEST'
 4397 |                               buffer_push_extension(emitter->buf, PTLS_EXTENSION_TYPE_KEY_SHARE,                                   \
      |                               ^~~~~~~~~~~~~~~~~~~~~~~~~~~~~~~~~~~~~~~~~~~~~~~~~~~~~~~~~~~~~~~~~~~~~~~~~~~~~~~~~~~~~~~~~~~~~~~~~~~~~~
 4398 |                                                     { ptls_buffer_push16(emitter->buf, _negotiated_group->id); });                 \
      |                                                     ~~~~~~~~~~~~~~~~~~~~~~~~~~~~~~~~~~~~~~~~~~~~~~~~~~~~~~~~~~~~~
vendor/picotls/lib/picotls.c:894:9: note: expanded from macro 'buffer_push_extension'
  894 |         ptls_buffer_push_block((buf), 2, block);                                                                                   \
      |         ^~~~~~~~~~~~~~~~~~~~~~~~~~~~~~~~~~~~~~~
vendor/picotls/include/picotls.h:1287:72: note: expanded from macro 'ptls_buffer_push_block'
 1287 |         ptls_buffer_pushv((buf), (uint8_t *)"\0\0\0\0\0\0\0", capacity != -1 ? capacity : 1);                                      \
      |                                                               ~~~~~~~~ ^  ~~
note: (skipping 3 expansions in backtrace; use -fmacro-backtrace-limit=0 to see all)
vendor/picotls/include/picotls.h:1344:75: note: expanded from macro 'ptls_push_message'
 1344 |         ptls_buffer_push_message_body(_emitter->buf, (key_sched), (type), block);                                                  \
      |                                                                           ^~~~~
vendor/picotls/include/picotls.h:1334:41: note: expanded from macro 'ptls_buffer_push_message_body'
 1334 |         ptls_buffer_push_block(_buf, 3, block);                                                                                    \
      |                                         ^~~~~
vendor/picotls/include/picotls.h:1290:13: note: expanded from macro 'ptls_buffer_push_block'
 1290 |             block                                                                                                                  \
      |             ^~~~~
vendor/picotls/lib/picotls.c:4609:13: warning: comparison of integers of different signs: 'size_t' (aka 'unsigned long') and 'int' [-Wsign-compare]
 4609 |             EMIT_HELLO_RETRY_REQUEST(tls->key_schedule, ch->cookie.sent_key_share ? key_share.algorithm : NULL,
      |             ^~~~~~~~~~~~~~~~~~~~~~~~~~~~~~~~~~~~~~~~~~~~~~~~~~~~~~~~~~~~~~~~~~~~~~~~~~~~~~~~~~~~~~~~~~~~~~~~~~~
 4610 |                                      {
      |                                      ~
 4611 |                                          buffer_push_extension(emitter->buf, PTLS_EXTENSION_TYPE_COOKIE, {
      |                                          ~~~~~~~~~~~~~~~~~~~~~~~~~~~~~~~~~~~~~~~~~~~~~~~~~~~~~~~~~~~~~~~~~
 4612 |                                              ptls_buffer_pushv(emitter->buf, ch->cookie.all.base, ch->cookie.all.len);
      |                                              ~~~~~~~~~~~~~~~~~~~~~~~~~~~~~~~~~~~~~~~~~~~~~~~~~~~~~~~~~~~~~~~~~~~~~~~~~
 4613 |                                          });
      |                                          ~~~
 4614 |                                      },
      |                                      ~~
 4615 |                                      {});
      |                                      ~~~
vendor/picotls/lib/picotls.c:4397:31: note: expanded from macro 'EMIT_HELLO_RETRY_REQUEST'
 4397 |                               buffer_push_extension(emitter->buf, PTLS_EXTENSION_TYPE_KEY_SHARE,                                   \
      |                               ^~~~~~~~~~~~~~~~~~~~~~~~~~~~~~~~~~~~~~~~~~~~~~~~~~~~~~~~~~~~~~~~~~~~~~~~~~~~~~~~~~~~~~~~~~~~~~~~~~~~~~
 4398 |                                                     { ptls_buffer_push16(emitter->buf, _negotiated_group->id); });                 \
      |                                                     ~~~~~~~~~~~~~~~~~~~~~~~~~~~~~~~~~~~~~~~~~~~~~~~~~~~~~~~~~~~~~
vendor/picotls/lib/picotls.c:894:9: note: expanded from macro 'buffer_push_extension'
  894 |         ptls_buffer_push_block((buf), 2, block);                                                                                   \
      |         ^~~~~~~~~~~~~~~~~~~~~~~~~~~~~~~~~~~~~~~
vendor/picotls/include/picotls.h:1293:22: note: expanded from macro 'ptls_buffer_push_block'
 1293 |         if (capacity != -1) {                                                                                                      \
      |             ~~~~~~~~ ^  ~~
note: (skipping 2 expansions in backtrace; use -fmacro-backtrace-limit=0 to see all)
vendor/picotls/include/picotls.h:1344:75: note: expanded from macro 'ptls_push_message'
 1344 |         ptls_buffer_push_message_body(_emitter->buf, (key_sched), (type), block);                                                  \
      |                                                                           ^~~~~
vendor/picotls/include/picotls.h:1334:41: note: expanded from macro 'ptls_buffer_push_message_body'
 1334 |         ptls_buffer_push_block(_buf, 3, block);                                                                                    \
      |                                         ^~~~~
vendor/picotls/include/picotls.h:1290:13: note: expanded from macro 'ptls_buffer_push_block'
 1290 |             block                                                                                                                  \
      |             ^~~~~
vendor/picotls/lib/picotls.c:4611:42: warning: comparison of integers of different signs: 'size_t' (aka 'unsigned long') and 'int' [-Wsign-compare]
 4611 |                                          buffer_push_extension(emitter->buf, PTLS_EXTENSION_TYPE_COOKIE, {
      |                                          ^~~~~~~~~~~~~~~~~~~~~~~~~~~~~~~~~~~~~~~~~~~~~~~~~~~~~~~~~~~~~~~~~
 4612 |                                              ptls_buffer_pushv(emitter->buf, ch->cookie.all.base, ch->cookie.all.len);
      |                                              ~~~~~~~~~~~~~~~~~~~~~~~~~~~~~~~~~~~~~~~~~~~~~~~~~~~~~~~~~~~~~~~~~~~~~~~~~
 4613 |                                          });
      |                                          ~~
vendor/picotls/lib/picotls.c:894:9: note: expanded from macro 'buffer_push_extension'
  894 |         ptls_buffer_push_block((buf), 2, block);                                                                                   \
      |         ^~~~~~~~~~~~~~~~~~~~~~~~~~~~~~~~~~~~~~~
vendor/picotls/include/picotls.h:1287:72: note: expanded from macro 'ptls_buffer_push_block'
 1287 |         ptls_buffer_pushv((buf), (uint8_t *)"\0\0\0\0\0\0\0", capacity != -1 ? capacity : 1);                                      \
      |                                                               ~~~~~~~~ ^  ~~
vendor/picotls/include/picotls.h:1241:57: note: expanded from macro 'ptls_buffer_pushv'
 1241 |         if ((ret = ptls_buffer__do_pushv((buf), (src), (len))) != 0)                                                               \
      |                                                         ^~~
note: (skipping 3 expansions in backtrace; use -fmacro-backtrace-limit=0 to see all)
vendor/picotls/include/picotls.h:1344:75: note: expanded from macro 'ptls_push_message'
 1344 |         ptls_buffer_push_message_body(_emitter->buf, (key_sched), (type), block);                                                  \
      |                                                                           ^~~~~
vendor/picotls/include/picotls.h:1334:41: note: expanded from macro 'ptls_buffer_push_message_body'
 1334 |         ptls_buffer_push_block(_buf, 3, block);                                                                                    \
      |                                         ^~~~~
vendor/picotls/include/picotls.h:1290:13: note: expanded from macro 'ptls_buffer_push_block'
 1290 |             block                                                                                                                  \
      |             ^~~~~
vendor/picotls/lib/picotls.c:4611:42: warning: comparison of integers of different signs: 'size_t' (aka 'unsigned long') and 'int' [-Wsign-compare]
 4611 |                                          buffer_push_extension(emitter->buf, PTLS_EXTENSION_TYPE_COOKIE, {
      |                                          ^~~~~~~~~~~~~~~~~~~~~~~~~~~~~~~~~~~~~~~~~~~~~~~~~~~~~~~~~~~~~~~~~
 4612 |                                              ptls_buffer_pushv(emitter->buf, ch->cookie.all.base, ch->cookie.all.len);
      |                                              ~~~~~~~~~~~~~~~~~~~~~~~~~~~~~~~~~~~~~~~~~~~~~~~~~~~~~~~~~~~~~~~~~~~~~~~~~
 4613 |                                          });
      |                                          ~~
vendor/picotls/lib/picotls.c:894:9: note: expanded from macro 'buffer_push_extension'
  894 |         ptls_buffer_push_block((buf), 2, block);                                                                                   \
      |         ^~~~~~~~~~~~~~~~~~~~~~~~~~~~~~~~~~~~~~~
vendor/picotls/include/picotls.h:1293:22: note: expanded from macro 'ptls_buffer_push_block'
 1293 |         if (capacity != -1) {                                                                                                      \
      |             ~~~~~~~~ ^  ~~
vendor/picotls/lib/picotls.c:4401:31: note: expanded from macro 'EMIT_HELLO_RETRY_REQUEST'
 4401 |                               additional_extensions                                                                                \
      |                               ^~~~~~~~~~~~~~~~~~~~~
note: (skipping 2 expansions in backtrace; use -fmacro-backtrace-limit=0 to see all)
vendor/picotls/include/picotls.h:1344:75: note: expanded from macro 'ptls_push_message'
 1344 |         ptls_buffer_push_message_body(_emitter->buf, (key_sched), (type), block);                                                  \
      |                                                                           ^~~~~
vendor/picotls/include/picotls.h:1334:41: note: expanded from macro 'ptls_buffer_push_message_body'
 1334 |         ptls_buffer_push_block(_buf, 3, block);                                                                                    \
      |                                         ^~~~~
vendor/picotls/include/picotls.h:1290:13: note: expanded from macro 'ptls_buffer_push_block'
 1290 |             block                                                                                                                  \
      |             ^~~~~
vendor/picotls/lib/picotls.c:4609:13: warning: comparison of integers of different signs: 'size_t' (aka 'unsigned long') and 'int' [-Wsign-compare]
 4609 |             EMIT_HELLO_RETRY_REQUEST(tls->key_schedule, ch->cookie.sent_key_share ? key_share.algorithm : NULL,
      |             ^~~~~~~~~~~~~~~~~~~~~~~~~~~~~~~~~~~~~~~~~~~~~~~~~~~~~~~~~~~~~~~~~~~~~~~~~~~~~~~~~~~~~~~~~~~~~~~~~~~
 4610 |                                      {
      |                                      ~
 4611 |                                          buffer_push_extension(emitter->buf, PTLS_EXTENSION_TYPE_COOKIE, {
      |                                          ~~~~~~~~~~~~~~~~~~~~~~~~~~~~~~~~~~~~~~~~~~~~~~~~~~~~~~~~~~~~~~~~~
 4612 |                                              ptls_buffer_pushv(emitter->buf, ch->cookie.all.base, ch->cookie.all.len);
      |                                              ~~~~~~~~~~~~~~~~~~~~~~~~~~~~~~~~~~~~~~~~~~~~~~~~~~~~~~~~~~~~~~~~~~~~~~~~~
 4613 |                                          });
      |                                          ~~~
 4614 |                                      },
      |                                      ~~
 4615 |                                      {});
      |                                      ~~~
vendor/picotls/lib/picotls.c:4393:5: note: expanded from macro 'EMIT_HELLO_RETRY_REQUEST'
 4393 |     EMIT_SERVER_HELLO((sched), { memcpy(emitter->buf->base + emitter->buf->off, hello_retry_random, PTLS_HELLO_RANDOM_SIZE); },    \
      |     ^~~~~~~~~~~~~~~~~~~~~~~~~~~~~~~~~~~~~~~~~~~~~~~~~~~~~~~~~~~~~~~~~~~~~~~~~~~~~~~~~~~~~~~~~~~~~~~~~~~~~~~~~~~~~~~~~~~~~~~~~~~~~~~~
 4394 |                       {                                                                                                            \
      |                       ~~~~~~~~~~~~~~~~~~~~~~~~~~~~~~~~~~~~~~~~~~~~~~~~~~~~~~~~~~~~~~~~~~~~~~~~~~~~~~~~~~~~~~~~~~~~~~~~~~~~~~~~~~~~~~
 4395 |                           ptls_key_exchange_algorithm_t *_negotiated_group = (negotiated_group);                                   \
      |                           ~~~~~~~~~~~~~~~~~~~~~~~~~~~~~~~~~~~~~~~~~~~~~~~~~~~~~~~~~~~~~~~~~~~~~~~~~~~~~~~~~~~~~~~~~~~~~~~~~~~~~~~~~~
 4396 |                           if (_negotiated_group != NULL) {                                                                         \
      |                           ~~~~~~~~~~~~~~~~~~~~~~~~~~~~~~~~~~~~~~~~~~~~~~~~~~~~~~~~~~~~~~~~~~~~~~~~~~~~~~~~~~~~~~~~~~~~~~~~~~~~~~~~~~
 4397 |                               buffer_push_extension(emitter->buf, PTLS_EXTENSION_TYPE_KEY_SHARE,                                   \
      |                               ~~~~~~~~~~~~~~~~~~~~~~~~~~~~~~~~~~~~~~~~~~~~~~~~~~~~~~~~~~~~~~~~~~~~~~~~~~~~~~~~~~~~~~~~~~~~~~~~~~~~~~
 4398 |                                                     { ptls_buffer_push16(emitter->buf, _negotiated_group->id); });                 \
      |                                                     ~~~~~~~~~~~~~~~~~~~~~~~~~~~~~~~~~~~~~~~~~~~~~~~~~~~~~~~~~~~~~~~~~~~~~~~~~~~~~~~~
 4399 |                           }                                                                                                        \
      |                           ~~~~~~~~~~~~~~~~~~~~~~~~~~~~~~~~~~~~~~~~~~~~~~~~~~~~~~~~~~~~~~~~~~~~~~~~~~~~~~~~~~~~~~~~~~~~~~~~~~~~~~~~~~
 4400 |                           do {                                                                                                     \
      |                           ~~~~~~~~~~~~~~~~~~~~~~~~~~~~~~~~~~~~~~~~~~~~~~~~~~~~~~~~~~~~~~~~~~~~~~~~~~~~~~~~~~~~~~~~~~~~~~~~~~~~~~~~~~
 4401 |                               additional_extensions                                                                                \
      |                               ~~~~~~~~~~~~~~~~~~~~~~~~~~~~~~~~~~~~~~~~~~~~~~~~~~~~~~~~~~~~~~~~~~~~~~~~~~~~~~~~~~~~~~~~~~~~~~~~~~~~~~
 4402 |                           } while (0);                                                                                             \
      |                           ~~~~~~~~~~~~~~~~~~~~~~~~~~~~~~~~~~~~~~~~~~~~~~~~~~~~~~~~~~~~~~~~~~~~~~~~~~~~~~~~~~~~~~~~~~~~~~~~~~~~~~~~~~
 4403 |                       },                                                                                                           \
      |                       ~~~~~~~~~~~~~~~~~~~~~~~~~~~~~~~~~~~~~~~~~~~~~~~~~~~~~~~~~~~~~~~~~~~~~~~~~~~~~~~~~~~~~~~~~~~~~~~~~~~~~~~~~~~~~~
 4404 |                       post_action)
      |                       ~~~~~~~~~~~~
vendor/picotls/lib/picotls.c:4378:13: note: expanded from macro 'EMIT_SERVER_HELLO'
 4378 |             ptls_buffer_push_block(emitter->buf, 2, {                                                                              \
      |             ^~~~~~~~~~~~~~~~~~~~~~~~~~~~~~~~~~~~~~~~~~~~~~~~~~~~~~~~~~~~~~~~~~~~~~~~~~~~~~~~~~~~~~~~~~~~~~~~~~~~~~~~~~~~~~~~~~~~~~~~
 4379 |                 buffer_push_extension(emitter->buf, PTLS_EXTENSION_TYPE_SUPPORTED_VERSIONS,                                        \
      |                 ~~~~~~~~~~~~~~~~~~~~~~~~~~~~~~~~~~~~~~~~~~~~~~~~~~~~~~~~~~~~~~~~~~~~~~~~~~~~~~~~~~~~~~~~~~~~~~~~~~~~~~~~~~~~~~~~~~~~
 4380 |                                       { ptls_buffer_push16(emitter->buf, ch->selected_version); });                                \
      |                                       ~~~~~~~~~~~~~~~~~~~~~~~~~~~~~~~~~~~~~~~~~~~~~~~~~~~~~~~~~~~~~~~~~~~~~~~~~~~~~~~~~~~~~~~~~~~~~~
 4381 |                 do {                                                                                                               \
      |                 ~~~~~~~~~~~~~~~~~~~~~~~~~~~~~~~~~~~~~~~~~~~~~~~~~~~~~~~~~~~~~~~~~~~~~~~~~~~~~~~~~~~~~~~~~~~~~~~~~~~~~~~~~~~~~~~~~~~~
 4382 |                     extensions                                                                                                     \
      |                     ~~~~~~~~~~~~~~~~~~~~~~~~~~~~~~~~~~~~~~~~~~~~~~~~~~~~~~~~~~~~~~~~~~~~~~~~~~~~~~~~~~~~~~~~~~~~~~~~~~~~~~~~~~~~~~~~
 4383 |                 } while (0);                                                                                                       \
      |                 ~~~~~~~~~~~~~~~~~~~~~~~~~~~~~~~~~~~~~~~~~~~~~~~~~~~~~~~~~~~~~~~~~~~~~~~~~~~~~~~~~~~~~~~~~~~~~~~~~~~~~~~~~~~~~~~~~~~~
 4384 |             });                                                                                                                    \
      |             ~~
vendor/picotls/include/picotls.h:1293:22: note: expanded from macro 'ptls_buffer_push_block'
 1293 |         if (capacity != -1) {                                                                                                      \
      |             ~~~~~~~~ ^  ~~
vendor/picotls/include/picotls.h:1344:75: note: expanded from macro 'ptls_push_message'
 1344 |         ptls_buffer_push_message_body(_emitter->buf, (key_sched), (type), block);                                                  \
      |                                                                           ^~~~~
vendor/picotls/include/picotls.h:1334:41: note: expanded from macro 'ptls_buffer_push_message_body'
 1334 |         ptls_buffer_push_block(_buf, 3, block);                                                                                    \
      |                                         ^~~~~
vendor/picotls/include/picotls.h:1290:13: note: expanded from macro 'ptls_buffer_push_block'
 1290 |             block                                                                                                                  \
      |             ^~~~~
vendor/picotls/lib/picotls.c:4609:13: warning: comparison of integers of different signs: 'size_t' (aka 'unsigned long') and 'int' [-Wsign-compare]
 4609 |             EMIT_HELLO_RETRY_REQUEST(tls->key_schedule, ch->cookie.sent_key_share ? key_share.algorithm : NULL,
      |             ^~~~~~~~~~~~~~~~~~~~~~~~~~~~~~~~~~~~~~~~~~~~~~~~~~~~~~~~~~~~~~~~~~~~~~~~~~~~~~~~~~~~~~~~~~~~~~~~~~~
 4610 |                                      {
      |                                      ~
 4611 |                                          buffer_push_extension(emitter->buf, PTLS_EXTENSION_TYPE_COOKIE, {
      |                                          ~~~~~~~~~~~~~~~~~~~~~~~~~~~~~~~~~~~~~~~~~~~~~~~~~~~~~~~~~~~~~~~~~
 4612 |                                              ptls_buffer_pushv(emitter->buf, ch->cookie.all.base, ch->cookie.all.len);
      |                                              ~~~~~~~~~~~~~~~~~~~~~~~~~~~~~~~~~~~~~~~~~~~~~~~~~~~~~~~~~~~~~~~~~~~~~~~~~
 4613 |                                          });
      |                                          ~~~
 4614 |                                      },
      |                                      ~~
 4615 |                                      {});
      |                                      ~~~
vendor/picotls/lib/picotls.c:4393:5: note: expanded from macro 'EMIT_HELLO_RETRY_REQUEST'
 4393 |     EMIT_SERVER_HELLO((sched), { memcpy(emitter->buf->base + emitter->buf->off, hello_retry_random, PTLS_HELLO_RANDOM_SIZE); },    \
      |     ^~~~~~~~~~~~~~~~~~~~~~~~~~~~~~~~~~~~~~~~~~~~~~~~~~~~~~~~~~~~~~~~~~~~~~~~~~~~~~~~~~~~~~~~~~~~~~~~~~~~~~~~~~~~~~~~~~~~~~~~~~~~~~~~
 4394 |                       {                                                                                                            \
      |                       ~~~~~~~~~~~~~~~~~~~~~~~~~~~~~~~~~~~~~~~~~~~~~~~~~~~~~~~~~~~~~~~~~~~~~~~~~~~~~~~~~~~~~~~~~~~~~~~~~~~~~~~~~~~~~~
 4395 |                           ptls_key_exchange_algorithm_t *_negotiated_group = (negotiated_group);                                   \
      |                           ~~~~~~~~~~~~~~~~~~~~~~~~~~~~~~~~~~~~~~~~~~~~~~~~~~~~~~~~~~~~~~~~~~~~~~~~~~~~~~~~~~~~~~~~~~~~~~~~~~~~~~~~~~
 4396 |                           if (_negotiated_group != NULL) {                                                                         \
      |                           ~~~~~~~~~~~~~~~~~~~~~~~~~~~~~~~~~~~~~~~~~~~~~~~~~~~~~~~~~~~~~~~~~~~~~~~~~~~~~~~~~~~~~~~~~~~~~~~~~~~~~~~~~~
 4397 |                               buffer_push_extension(emitter->buf, PTLS_EXTENSION_TYPE_KEY_SHARE,                                   \
      |                               ~~~~~~~~~~~~~~~~~~~~~~~~~~~~~~~~~~~~~~~~~~~~~~~~~~~~~~~~~~~~~~~~~~~~~~~~~~~~~~~~~~~~~~~~~~~~~~~~~~~~~~
 4398 |                                                     { ptls_buffer_push16(emitter->buf, _negotiated_group->id); });                 \
      |                                                     ~~~~~~~~~~~~~~~~~~~~~~~~~~~~~~~~~~~~~~~~~~~~~~~~~~~~~~~~~~~~~~~~~~~~~~~~~~~~~~~~
 4399 |                           }                                                                                                        \
      |                           ~~~~~~~~~~~~~~~~~~~~~~~~~~~~~~~~~~~~~~~~~~~~~~~~~~~~~~~~~~~~~~~~~~~~~~~~~~~~~~~~~~~~~~~~~~~~~~~~~~~~~~~~~~
 4400 |                           do {                                                                                                     \
      |                           ~~~~~~~~~~~~~~~~~~~~~~~~~~~~~~~~~~~~~~~~~~~~~~~~~~~~~~~~~~~~~~~~~~~~~~~~~~~~~~~~~~~~~~~~~~~~~~~~~~~~~~~~~~
 4401 |                               additional_extensions                                                                                \
      |                               ~~~~~~~~~~~~~~~~~~~~~~~~~~~~~~~~~~~~~~~~~~~~~~~~~~~~~~~~~~~~~~~~~~~~~~~~~~~~~~~~~~~~~~~~~~~~~~~~~~~~~~
 4402 |                           } while (0);                                                                                             \
      |                           ~~~~~~~~~~~~~~~~~~~~~~~~~~~~~~~~~~~~~~~~~~~~~~~~~~~~~~~~~~~~~~~~~~~~~~~~~~~~~~~~~~~~~~~~~~~~~~~~~~~~~~~~~~
 4403 |                       },                                                                                                           \
      |                       ~~~~~~~~~~~~~~~~~~~~~~~~~~~~~~~~~~~~~~~~~~~~~~~~~~~~~~~~~~~~~~~~~~~~~~~~~~~~~~~~~~~~~~~~~~~~~~~~~~~~~~~~~~~~~~
 4404 |                       post_action)
      |                       ~~~~~~~~~~~~
vendor/picotls/lib/picotls.c:4365:9: note: expanded from macro 'EMIT_SERVER_HELLO'
 4365 |         ptls_push_message(emitter, NULL, PTLS_HANDSHAKE_TYPE_SERVER_HELLO, {                                                       \
      |         ^~~~~~~~~~~~~~~~~~~~~~~~~~~~~~~~~~~~~~~~~~~~~~~~~~~~~~~~~~~~~~~~~~~~~~~~~~~~~~~~~~~~~~~~~~~~~~~~~~~~~~~~~~~~~~~~~~~~~~~~~~~~
 4366 |             sh_start_off = emitter->buf->off - PTLS_HANDSHAKE_HEADER_SIZE;                                                         \
      |             ~~~~~~~~~~~~~~~~~~~~~~~~~~~~~~~~~~~~~~~~~~~~~~~~~~~~~~~~~~~~~~~~~~~~~~~~~~~~~~~~~~~~~~~~~~~~~~~~~~~~~~~~~~~~~~~~~~~~~~~~
 4367 |             ptls_buffer_push16(emitter->buf, 0x0303 /* legacy version */);                                                         \
      |             ~~~~~~~~~~~~~~~~~~~~~~~~~~~~~~~~~~~~~~~~~~~~~~~~~~~~~~~~~~~~~~~~~~~~~~~~~~~~~~~~~~~~~~~~~~~~~~~~~~~~~~~~~~~~~~~~~~~~~~~~
 4368 |             if ((ret = ptls_buffer_reserve(emitter->buf, PTLS_HELLO_RANDOM_SIZE)) != 0)                                            \
      |             ~~~~~~~~~~~~~~~~~~~~~~~~~~~~~~~~~~~~~~~~~~~~~~~~~~~~~~~~~~~~~~~~~~~~~~~~~~~~~~~~~~~~~~~~~~~~~~~~~~~~~~~~~~~~~~~~~~~~~~~~
 4369 |                 goto Exit;                                                                                                         \
      |                 ~~~~~~~~~~~~~~~~~~~~~~~~~~~~~~~~~~~~~~~~~~~~~~~~~~~~~~~~~~~~~~~~~~~~~~~~~~~~~~~~~~~~~~~~~~~~~~~~~~~~~~~~~~~~~~~~~~~~
 4370 |             do {                                                                                                                   \
      |             ~~~~~~~~~~~~~~~~~~~~~~~~~~~~~~~~~~~~~~~~~~~~~~~~~~~~~~~~~~~~~~~~~~~~~~~~~~~~~~~~~~~~~~~~~~~~~~~~~~~~~~~~~~~~~~~~~~~~~~~~
 4371 |                 fill_rand                                                                                                          \
      |                 ~~~~~~~~~~~~~~~~~~~~~~~~~~~~~~~~~~~~~~~~~~~~~~~~~~~~~~~~~~~~~~~~~~~~~~~~~~~~~~~~~~~~~~~~~~~~~~~~~~~~~~~~~~~~~~~~~~~~
 4372 |             } while (0);                                                                                                           \
      |             ~~~~~~~~~~~~~~~~~~~~~~~~~~~~~~~~~~~~~~~~~~~~~~~~~~~~~~~~~~~~~~~~~~~~~~~~~~~~~~~~~~~~~~~~~~~~~~~~~~~~~~~~~~~~~~~~~~~~~~~~
 4373 |             emitter->buf->off += PTLS_HELLO_RANDOM_SIZE;                                                                           \
      |             ~~~~~~~~~~~~~~~~~~~~~~~~~~~~~~~~~~~~~~~~~~~~~~~~~~~~~~~~~~~~~~~~~~~~~~~~~~~~~~~~~~~~~~~~~~~~~~~~~~~~~~~~~~~~~~~~~~~~~~~~
 4374 |             ptls_buffer_push_block(emitter->buf, 1,                                                                                \
      |             ~~~~~~~~~~~~~~~~~~~~~~~~~~~~~~~~~~~~~~~~~~~~~~~~~~~~~~~~~~~~~~~~~~~~~~~~~~~~~~~~~~~~~~~~~~~~~~~~~~~~~~~~~~~~~~~~~~~~~~~~
 4375 |                                    { ptls_buffer_pushv(emitter->buf, ch->legacy_session_id.base, ch->legacy_session_id.len); });   \
      |                                    ~~~~~~~~~~~~~~~~~~~~~~~~~~~~~~~~~~~~~~~~~~~~~~~~~~~~~~~~~~~~~~~~~~~~~~~~~~~~~~~~~~~~~~~~~~~~~~~~~
 4376 |             ptls_buffer_push16(emitter->buf, tls->cipher_suite->id);                                                               \
      |             ~~~~~~~~~~~~~~~~~~~~~~~~~~~~~~~~~~~~~~~~~~~~~~~~~~~~~~~~~~~~~~~~~~~~~~~~~~~~~~~~~~~~~~~~~~~~~~~~~~~~~~~~~~~~~~~~~~~~~~~~
 4377 |             ptls_buffer_push(emitter->buf, 0);                                                                                     \
      |             ~~~~~~~~~~~~~~~~~~~~~~~~~~~~~~~~~~~~~~~~~~~~~~~~~~~~~~~~~~~~~~~~~~~~~~~~~~~~~~~~~~~~~~~~~~~~~~~~~~~~~~~~~~~~~~~~~~~~~~~~
 4378 |             ptls_buffer_push_block(emitter->buf, 2, {                                                                              \
      |             ~~~~~~~~~~~~~~~~~~~~~~~~~~~~~~~~~~~~~~~~~~~~~~~~~~~~~~~~~~~~~~~~~~~~~~~~~~~~~~~~~~~~~~~~~~~~~~~~~~~~~~~~~~~~~~~~~~~~~~~~
 4379 |                 buffer_push_extension(emitter->buf, PTLS_EXTENSION_TYPE_SUPPORTED_VERSIONS,                                        \
      |                 ~~~~~~~~~~~~~~~~~~~~~~~~~~~~~~~~~~~~~~~~~~~~~~~~~~~~~~~~~~~~~~~~~~~~~~~~~~~~~~~~~~~~~~~~~~~~~~~~~~~~~~~~~~~~~~~~~~~~
 4380 |                                       { ptls_buffer_push16(emitter->buf, ch->selected_version); });                                \
      |                                       ~~~~~~~~~~~~~~~~~~~~~~~~~~~~~~~~~~~~~~~~~~~~~~~~~~~~~~~~~~~~~~~~~~~~~~~~~~~~~~~~~~~~~~~~~~~~~~
vendor/picotls/include/picotls.h:1344:9: note: expanded from macro 'ptls_push_message'
 1344 |         ptls_buffer_push_message_body(_emitter->buf, (key_sched), (type), block);                                                  \
      |         ^~~~~~~~~~~~~~~~~~~~~~~~~~~~~~~~~~~~~~~~~~~~~~~~~~~~~~~~~~~~~~~~~~~~~~~~
vendor/picotls/include/picotls.h:1334:9: note: expanded from macro 'ptls_buffer_push_message_body'
 1334 |         ptls_buffer_push_block(_buf, 3, block);                                                                                    \
      |         ^~~~~~~~~~~~~~~~~~~~~~~~~~~~~~~~~~~~~~
vendor/picotls/include/picotls.h:1293:22: note: expanded from macro 'ptls_buffer_push_block'
 1293 |         if (capacity != -1) {                                                                                                      \
      |             ~~~~~~~~ ^  ~~
vendor/picotls/lib/picotls.c:4642:13: warning: comparison of integers of different signs: 'size_t' (aka 'unsigned long') and 'int' [-Wsign-compare]
 4642 |             EMIT_HELLO_RETRY_REQUEST(
      |             ^~~~~~~~~~~~~~~~~~~~~~~~~
 4643 |                 tls->key_schedule, key_share.algorithm != NULL ? NULL : negotiated_group,
      |                 ~~~~~~~~~~~~~~~~~~~~~~~~~~~~~~~~~~~~~~~~~~~~~~~~~~~~~~~~~~~~~~~~~~~~~~~~~
 4644 |                 {
      |                 ~
 4645 |                     ptls_buffer_t *sendbuf = emitter->buf;
      |                     ~~~~~~~~~~~~~~~~~~~~~~~~~~~~~~~~~~~~~~
 4646 |                     if (ptls_is_ech_handshake(tls, NULL, NULL, NULL)) {
      |                     ~~~~~~~~~~~~~~~~~~~~~~~~~~~~~~~~~~~~~~~~~~~~~~~~~~~
 4647 |                         buffer_push_extension(sendbuf, PTLS_EXTENSION_TYPE_ENCRYPTED_CLIENT_HELLO, {
      |                         ~~~~~~~~~~~~~~~~~~~~~~~~~~~~~~~~~~~~~~~~~~~~~~~~~~~~~~~~~~~~~~~~~~~~~~~~~~~~
 4648 |                             if ((ret = ptls_buffer_reserve(sendbuf, PTLS_ECH_CONFIRM_LENGTH)) != 0)
      |                             ~~~~~~~~~~~~~~~~~~~~~~~~~~~~~~~~~~~~~~~~~~~~~~~~~~~~~~~~~~~~~~~~~~~~~~~
 4649 |                                 goto Exit;
      |                                 ~~~~~~~~~~
 4650 |                             memset(sendbuf->base + sendbuf->off, 0, PTLS_ECH_CONFIRM_LENGTH);
      |                             ~~~~~~~~~~~~~~~~~~~~~~~~~~~~~~~~~~~~~~~~~~~~~~~~~~~~~~~~~~~~~~~~~
 4651 |                             ech_confirm_off = sendbuf->off;
      |                             ~~~~~~~~~~~~~~~~~~~~~~~~~~~~~~~
 4652 |                             sendbuf->off += PTLS_ECH_CONFIRM_LENGTH;
      |                             ~~~~~~~~~~~~~~~~~~~~~~~~~~~~~~~~~~~~~~~~
 4653 |                         });
      |                         ~~~
 4654 |                     }
      |                     ~
 4655 |                     if (retry_uses_cookie) {
      |                     ~~~~~~~~~~~~~~~~~~~~~~~~
 4656 |                         buffer_push_extension(sendbuf, PTLS_EXTENSION_TYPE_COOKIE, {
      |                         ~~~~~~~~~~~~~~~~~~~~~~~~~~~~~~~~~~~~~~~~~~~~~~~~~~~~~~~~~~~~
 4657 |                             ptls_buffer_push_block(sendbuf, 2, {
      |                             ~~~~~~~~~~~~~~~~~~~~~~~~~~~~~~~~~~~~
vendor/picotls/lib/picotls.c:4393:5: note: expanded from macro 'EMIT_HELLO_RETRY_REQUEST'
 4393 |     EMIT_SERVER_HELLO((sched), { memcpy(emitter->buf->base + emitter->buf->off, hello_retry_random, PTLS_HELLO_RANDOM_SIZE); },    \
      |     ^~~~~~~~~~~~~~~~~~~~~~~~~~~~~~~~~~~~~~~~~~~~~~~~~~~~~~~~~~~~~~~~~~~~~~~~~~~~~~~~~~~~~~~~~~~~~~~~~~~~~~~~~~~~~~~~~~~~~~~~~~~~~~~~
 4394 |                       {                                                                                                            \
      |                       ~~~~~~~~~~~~~~~~~~~~~~~~~~~~~~~~~~~~~~~~~~~~~~~~~~~~~~~~~~~~~~~~~~~~~~~~~~~~~~~~~~~~~~~~~~~~~~~~~~~~~~~~~~~~~~
 4395 |                           ptls_key_exchange_algorithm_t *_negotiated_group = (negotiated_group);                                   \
      |                           ~~~~~~~~~~~~~~~~~~~~~~~~~~~~~~~~~~~~~~~~~~~~~~~~~~~~~~~~~~~~~~~~~~~~~~~~~~~~~~~~~~~~~~~~~~~~~~~~~~~~~~~~~~
 4396 |                           if (_negotiated_group != NULL) {                                                                         \
      |                           ~~~~~~~~~~~~~~~~~~~~~~~~~~~~~~~~~~~~~~~~~~~~~~~~~~~~~~~~~~~~~~~~~~~~~~~~~~~~~~~~~~~~~~~~~~~~~~~~~~~~~~~~~~
 4397 |                               buffer_push_extension(emitter->buf, PTLS_EXTENSION_TYPE_KEY_SHARE,                                   \
      |                               ~~~~~~~~~~~~~~~~~~~~~~~~~~~~~~~~~~~~~~~~~~~~~~~~~~~~~~~~~~~~~~~~~~~~~~~~~~~~~~~~~~~~~~~~~~~~~~~~~~~~~~
 4398 |                                                     { ptls_buffer_push16(emitter->buf, _negotiated_group->id); });                 \
      |                                                     ~~~~~~~~~~~~~~~~~~~~~~~~~~~~~~~~~~~~~~~~~~~~~~~~~~~~~~~~~~~~~~~~~~~~~~~~~~~~~~~~
 4399 |                           }                                                                                                        \
      |                           ~~~~~~~~~~~~~~~~~~~~~~~~~~~~~~~~~~~~~~~~~~~~~~~~~~~~~~~~~~~~~~~~~~~~~~~~~~~~~~~~~~~~~~~~~~~~~~~~~~~~~~~~~~
 4400 |                           do {                                                                                                     \
      |                           ~~~~~~~~~~~~~~~~~~~~~~~~~~~~~~~~~~~~~~~~~~~~~~~~~~~~~~~~~~~~~~~~~~~~~~~~~~~~~~~~~~~~~~~~~~~~~~~~~~~~~~~~~~
 4401 |                               additional_extensions                                                                                \
      |                               ~~~~~~~~~~~~~~~~~~~~~~~~~~~~~~~~~~~~~~~~~~~~~~~~~~~~~~~~~~~~~~~~~~~~~~~~~~~~~~~~~~~~~~~~~~~~~~~~~~~~~~
 4402 |                           } while (0);                                                                                             \
      |                           ~~~~~~~~~~~~~~~~~~~~~~~~~~~~~~~~~~~~~~~~~~~~~~~~~~~~~~~~~~~~~~~~~~~~~~~~~~~~~~~~~~~~~~~~~~~~~~~~~~~~~~~~~~
 4403 |                       },                                                                                                           \
      |                       ~~~~~~~~~~~~~~~~~~~~~~~~~~~~~~~~~~~~~~~~~~~~~~~~~~~~~~~~~~~~~~~~~~~~~~~~~~~~~~~~~~~~~~~~~~~~~~~~~~~~~~~~~~~~~~
 4404 |                       post_action)
      |                       ~~~~~~~~~~~~
vendor/picotls/lib/picotls.c:4365:9: note: expanded from macro 'EMIT_SERVER_HELLO'
 4365 |         ptls_push_message(emitter, NULL, PTLS_HANDSHAKE_TYPE_SERVER_HELLO, {                                                       \
      |         ^~~~~~~~~~~~~~~~~~~~~~~~~~~~~~~~~~~~~~~~~~~~~~~~~~~~~~~~~~~~~~~~~~~~~~~~~~~~~~~~~~~~~~~~~~~~~~~~~~~~~~~~~~~~~~~~~~~~~~~~~~~~
 4366 |             sh_start_off = emitter->buf->off - PTLS_HANDSHAKE_HEADER_SIZE;                                                         \
      |             ~~~~~~~~~~~~~~~~~~~~~~~~~~~~~~~~~~~~~~~~~~~~~~~~~~~~~~~~~~~~~~~~~~~~~~~~~~~~~~~~~~~~~~~~~~~~~~~~~~~~~~~~~~~~~~~~~~~~~~~~
 4367 |             ptls_buffer_push16(emitter->buf, 0x0303 /* legacy version */);                                                         \
      |             ~~~~~~~~~~~~~~~~~~~~~~~~~~~~~~~~~~~~~~~~~~~~~~~~~~~~~~~~~~~~~~~~~~~~~~~~~~~~~~~~~~~~~~~~~~~~~~~~~~~~~~~~~~~~~~~~~~~~~~~~
 4368 |             if ((ret = ptls_buffer_reserve(emitter->buf, PTLS_HELLO_RANDOM_SIZE)) != 0)                                            \
      |             ~~~~~~~~~~~~~~~~~~~~~~~~~~~~~~~~~~~~~~~~~~~~~~~~~~~~~~~~~~~~~~~~~~~~~~~~~~~~~~~~~~~~~~~~~~~~~~~~~~~~~~~~~~~~~~~~~~~~~~~~
 4369 |                 goto Exit;                                                                                                         \
      |                 ~~~~~~~~~~~~~~~~~~~~~~~~~~~~~~~~~~~~~~~~~~~~~~~~~~~~~~~~~~~~~~~~~~~~~~~~~~~~~~~~~~~~~~~~~~~~~~~~~~~~~~~~~~~~~~~~~~~~
 4370 |             do {                                                                                                                   \
      |             ~~~~~~~~~~~~~~~~~~~~~~~~~~~~~~~~~~~~~~~~~~~~~~~~~~~~~~~~~~~~~~~~~~~~~~~~~~~~~~~~~~~~~~~~~~~~~~~~~~~~~~~~~~~~~~~~~~~~~~~~
 4371 |                 fill_rand                                                                                                          \
      |                 ~~~~~~~~~~~~~~~~~~~~~~~~~~~~~~~~~~~~~~~~~~~~~~~~~~~~~~~~~~~~~~~~~~~~~~~~~~~~~~~~~~~~~~~~~~~~~~~~~~~~~~~~~~~~~~~~~~~~
 4372 |             } while (0);                                                                                                           \
      |             ~~~~~~~~~~~~~~~~~~~~~~~~~~~~~~~~~~~~~~~~~~~~~~~~~~~~~~~~~~~~~~~~~~~~~~~~~~~~~~~~~~~~~~~~~~~~~~~~~~~~~~~~~~~~~~~~~~~~~~~~
 4373 |             emitter->buf->off += PTLS_HELLO_RANDOM_SIZE;                                                                           \
      |             ~~~~~~~~~~~~~~~~~~~~~~~~~~~~~~~~~~~~~~~~~~~~~~~~~~~~~~~~~~~~~~~~~~~~~~~~~~~~~~~~~~~~~~~~~~~~~~~~~~~~~~~~~~~~~~~~~~~~~~~~
 4374 |             ptls_buffer_push_block(emitter->buf, 1,                                                                                \
      |             ~~~~~~~~~~~~~~~~~~~~~~~~~~~~~~~~~~~~~~~~~~~~~~~~~~~~~~~~~~~~~~~~~~~~~~~~~~~~~~~~~~~~~~~~~~~~~~~~~~~~~~~~~~~~~~~~~~~~~~~~
 4375 |                                    { ptls_buffer_pushv(emitter->buf, ch->legacy_session_id.base, ch->legacy_session_id.len); });   \
      |                                    ~~~~~~~~~~~~~~~~~~~~~~~~~~~~~~~~~~~~~~~~~~~~~~~~~~~~~~~~~~~~~~~~~~~~~~~~~~~~~~~~~~~~~~~~~~~~~~~~~
 4376 |             ptls_buffer_push16(emitter->buf, tls->cipher_suite->id);                                                               \
      |             ~~~~~~~~~~~~~~~~~~~~~~~~~~~~~~~~~~~~~~~~~~~~~~~~~~~~~~~~~~~~~~~~~~~~~~~~~~~~~~~~~~~~~~~~~~~~~~~~~~~~~~~~~~~~~~~~~~~~~~~~
 4377 |             ptls_buffer_push(emitter->buf, 0);                                                                                     \
      |             ~~~~~~~~~~~~~~~~~~~~~~~~~~~~~~~~~~~~~~~~~~~~~~~~~~~~~~~~~~~~~~~~~~~~~~~~~~~~~~~~~~~~~~~~~~~~~~~~~~~~~~~~~~~~~~~~~~~~~~~~
 4378 |             ptls_buffer_push_block(emitter->buf, 2, {                                                                              \
      |             ~~~~~~~~~~~~~~~~~~~~~~~~~~~~~~~~~~~~~~~~~~~~~~~~~~~~~~~~~~~~~~~~~~~~~~~~~~~~~~~~~~~~~~~~~~~~~~~~~~~~~~~~~~~~~~~~~~~~~~~~
 4379 |                 buffer_push_extension(emitter->buf, PTLS_EXTENSION_TYPE_SUPPORTED_VERSIONS,                                        \
      |                 ~~~~~~~~~~~~~~~~~~~~~~~~~~~~~~~~~~~~~~~~~~~~~~~~~~~~~~~~~~~~~~~~~~~~~~~~~~~~~~~~~~~~~~~~~~~~~~~~~~~~~~~~~~~~~~~~~~~~
 4380 |                                       { ptls_buffer_push16(emitter->buf, ch->selected_version); });                                \
      |                                       ~~~~~~~~~~~~~~~~~~~~~~~~~~~~~~~~~~~~~~~~~~~~~~~~~~~~~~~~~~~~~~~~~~~~~~~~~~~~~~~~~~~~~~~~~~~~~~
vendor/picotls/include/picotls.h:1344:9: note: expanded from macro 'ptls_push_message'
 1344 |         ptls_buffer_push_message_body(_emitter->buf, (key_sched), (type), block);                                                  \
      |         ^~~~~~~~~~~~~~~~~~~~~~~~~~~~~~~~~~~~~~~~~~~~~~~~~~~~~~~~~~~~~~~~~~~~~~~~
vendor/picotls/include/picotls.h:1334:9: note: expanded from macro 'ptls_buffer_push_message_body'
 1334 |         ptls_buffer_push_block(_buf, 3, block);                                                                                    \
      |         ^~~~~~~~~~~~~~~~~~~~~~~~~~~~~~~~~~~~~~
vendor/picotls/include/picotls.h:1287:72: note: expanded from macro 'ptls_buffer_push_block'
 1287 |         ptls_buffer_pushv((buf), (uint8_t *)"\0\0\0\0\0\0\0", capacity != -1 ? capacity : 1);                                      \
      |                                                               ~~~~~~~~ ^  ~~
vendor/picotls/include/picotls.h:1241:57: note: expanded from macro 'ptls_buffer_pushv'
 1241 |         if ((ret = ptls_buffer__do_pushv((buf), (src), (len))) != 0)                                                               \
      |                                                         ^~~
vendor/picotls/lib/picotls.c:4642:13: warning: comparison of integers of different signs: 'size_t' (aka 'unsigned long') and 'int' [-Wsign-compare]
 4642 |             EMIT_HELLO_RETRY_REQUEST(
      |             ^~~~~~~~~~~~~~~~~~~~~~~~~
 4643 |                 tls->key_schedule, key_share.algorithm != NULL ? NULL : negotiated_group,
      |                 ~~~~~~~~~~~~~~~~~~~~~~~~~~~~~~~~~~~~~~~~~~~~~~~~~~~~~~~~~~~~~~~~~~~~~~~~~
 4644 |                 {
      |                 ~
 4645 |                     ptls_buffer_t *sendbuf = emitter->buf;
      |                     ~~~~~~~~~~~~~~~~~~~~~~~~~~~~~~~~~~~~~~
 4646 |                     if (ptls_is_ech_handshake(tls, NULL, NULL, NULL)) {
      |                     ~~~~~~~~~~~~~~~~~~~~~~~~~~~~~~~~~~~~~~~~~~~~~~~~~~~
 4647 |                         buffer_push_extension(sendbuf, PTLS_EXTENSION_TYPE_ENCRYPTED_CLIENT_HELLO, {
      |                         ~~~~~~~~~~~~~~~~~~~~~~~~~~~~~~~~~~~~~~~~~~~~~~~~~~~~~~~~~~~~~~~~~~~~~~~~~~~~
 4648 |                             if ((ret = ptls_buffer_reserve(sendbuf, PTLS_ECH_CONFIRM_LENGTH)) != 0)
      |                             ~~~~~~~~~~~~~~~~~~~~~~~~~~~~~~~~~~~~~~~~~~~~~~~~~~~~~~~~~~~~~~~~~~~~~~~
 4649 |                                 goto Exit;
      |                                 ~~~~~~~~~~
 4650 |                             memset(sendbuf->base + sendbuf->off, 0, PTLS_ECH_CONFIRM_LENGTH);
      |                             ~~~~~~~~~~~~~~~~~~~~~~~~~~~~~~~~~~~~~~~~~~~~~~~~~~~~~~~~~~~~~~~~~
 4651 |                             ech_confirm_off = sendbuf->off;
      |                             ~~~~~~~~~~~~~~~~~~~~~~~~~~~~~~~
 4652 |                             sendbuf->off += PTLS_ECH_CONFIRM_LENGTH;
      |                             ~~~~~~~~~~~~~~~~~~~~~~~~~~~~~~~~~~~~~~~~
 4653 |                         });
      |                         ~~~
 4654 |                     }
      |                     ~
 4655 |                     if (retry_uses_cookie) {
      |                     ~~~~~~~~~~~~~~~~~~~~~~~~
 4656 |                         buffer_push_extension(sendbuf, PTLS_EXTENSION_TYPE_COOKIE, {
      |                         ~~~~~~~~~~~~~~~~~~~~~~~~~~~~~~~~~~~~~~~~~~~~~~~~~~~~~~~~~~~~
 4657 |                             ptls_buffer_push_block(sendbuf, 2, {
      |                             ~~~~~~~~~~~~~~~~~~~~~~~~~~~~~~~~~~~~
vendor/picotls/lib/picotls.c:4393:5: note: expanded from macro 'EMIT_HELLO_RETRY_REQUEST'
 4393 |     EMIT_SERVER_HELLO((sched), { memcpy(emitter->buf->base + emitter->buf->off, hello_retry_random, PTLS_HELLO_RANDOM_SIZE); },    \
      |     ^~~~~~~~~~~~~~~~~~~~~~~~~~~~~~~~~~~~~~~~~~~~~~~~~~~~~~~~~~~~~~~~~~~~~~~~~~~~~~~~~~~~~~~~~~~~~~~~~~~~~~~~~~~~~~~~~~~~~~~~~~~~~~~~
 4394 |                       {                                                                                                            \
      |                       ~~~~~~~~~~~~~~~~~~~~~~~~~~~~~~~~~~~~~~~~~~~~~~~~~~~~~~~~~~~~~~~~~~~~~~~~~~~~~~~~~~~~~~~~~~~~~~~~~~~~~~~~~~~~~~
 4395 |                           ptls_key_exchange_algorithm_t *_negotiated_group = (negotiated_group);                                   \
      |                           ~~~~~~~~~~~~~~~~~~~~~~~~~~~~~~~~~~~~~~~~~~~~~~~~~~~~~~~~~~~~~~~~~~~~~~~~~~~~~~~~~~~~~~~~~~~~~~~~~~~~~~~~~~
 4396 |                           if (_negotiated_group != NULL) {                                                                         \
      |                           ~~~~~~~~~~~~~~~~~~~~~~~~~~~~~~~~~~~~~~~~~~~~~~~~~~~~~~~~~~~~~~~~~~~~~~~~~~~~~~~~~~~~~~~~~~~~~~~~~~~~~~~~~~
 4397 |                               buffer_push_extension(emitter->buf, PTLS_EXTENSION_TYPE_KEY_SHARE,                                   \
      |                               ~~~~~~~~~~~~~~~~~~~~~~~~~~~~~~~~~~~~~~~~~~~~~~~~~~~~~~~~~~~~~~~~~~~~~~~~~~~~~~~~~~~~~~~~~~~~~~~~~~~~~~
 4398 |                                                     { ptls_buffer_push16(emitter->buf, _negotiated_group->id); });                 \
      |                                                     ~~~~~~~~~~~~~~~~~~~~~~~~~~~~~~~~~~~~~~~~~~~~~~~~~~~~~~~~~~~~~~~~~~~~~~~~~~~~~~~~
 4399 |                           }                                                                                                        \
      |                           ~~~~~~~~~~~~~~~~~~~~~~~~~~~~~~~~~~~~~~~~~~~~~~~~~~~~~~~~~~~~~~~~~~~~~~~~~~~~~~~~~~~~~~~~~~~~~~~~~~~~~~~~~~
 4400 |                           do {                                                                                                     \
      |                           ~~~~~~~~~~~~~~~~~~~~~~~~~~~~~~~~~~~~~~~~~~~~~~~~~~~~~~~~~~~~~~~~~~~~~~~~~~~~~~~~~~~~~~~~~~~~~~~~~~~~~~~~~~
 4401 |                               additional_extensions                                                                                \
      |                               ~~~~~~~~~~~~~~~~~~~~~~~~~~~~~~~~~~~~~~~~~~~~~~~~~~~~~~~~~~~~~~~~~~~~~~~~~~~~~~~~~~~~~~~~~~~~~~~~~~~~~~
 4402 |                           } while (0);                                                                                             \
      |                           ~~~~~~~~~~~~~~~~~~~~~~~~~~~~~~~~~~~~~~~~~~~~~~~~~~~~~~~~~~~~~~~~~~~~~~~~~~~~~~~~~~~~~~~~~~~~~~~~~~~~~~~~~~
 4403 |                       },                                                                                                           \
      |                       ~~~~~~~~~~~~~~~~~~~~~~~~~~~~~~~~~~~~~~~~~~~~~~~~~~~~~~~~~~~~~~~~~~~~~~~~~~~~~~~~~~~~~~~~~~~~~~~~~~~~~~~~~~~~~~
 4404 |                       post_action)
      |                       ~~~~~~~~~~~~
vendor/picotls/lib/picotls.c:4374:13: note: expanded from macro 'EMIT_SERVER_HELLO'
 4374 |             ptls_buffer_push_block(emitter->buf, 1,                                                                                \
      |             ^~~~~~~~~~~~~~~~~~~~~~~~~~~~~~~~~~~~~~~~~~~~~~~~~~~~~~~~~~~~~~~~~~~~~~~~~~~~~~~~~~~~~~~~~~~~~~~~~~~~~~~~~~~~~~~~~~~~~~~~
 4375 |                                    { ptls_buffer_pushv(emitter->buf, ch->legacy_session_id.base, ch->legacy_session_id.len); });   \
      |                                    ~~~~~~~~~~~~~~~~~~~~~~~~~~~~~~~~~~~~~~~~~~~~~~~~~~~~~~~~~~~~~~~~~~~~~~~~~~~~~~~~~~~~~~~~~~~~
vendor/picotls/include/picotls.h:1287:72: note: expanded from macro 'ptls_buffer_push_block'
 1287 |         ptls_buffer_pushv((buf), (uint8_t *)"\0\0\0\0\0\0\0", capacity != -1 ? capacity : 1);                                      \
      |                                                               ~~~~~~~~ ^  ~~
note: (skipping 1 expansions in backtrace; use -fmacro-backtrace-limit=0 to see all)
vendor/picotls/include/picotls.h:1344:75: note: expanded from macro 'ptls_push_message'
 1344 |         ptls_buffer_push_message_body(_emitter->buf, (key_sched), (type), block);                                                  \
      |                                                                           ^~~~~
vendor/picotls/include/picotls.h:1334:41: note: expanded from macro 'ptls_buffer_push_message_body'
 1334 |         ptls_buffer_push_block(_buf, 3, block);                                                                                    \
      |                                         ^~~~~
vendor/picotls/include/picotls.h:1290:13: note: expanded from macro 'ptls_buffer_push_block'
 1290 |             block                                                                                                                  \
      |             ^~~~~
vendor/picotls/lib/picotls.c:4642:13: warning: comparison of integers of different signs: 'size_t' (aka 'unsigned long') and 'int' [-Wsign-compare]
 4642 |             EMIT_HELLO_RETRY_REQUEST(
      |             ^~~~~~~~~~~~~~~~~~~~~~~~~
 4643 |                 tls->key_schedule, key_share.algorithm != NULL ? NULL : negotiated_group,
      |                 ~~~~~~~~~~~~~~~~~~~~~~~~~~~~~~~~~~~~~~~~~~~~~~~~~~~~~~~~~~~~~~~~~~~~~~~~~
 4644 |                 {
      |                 ~
 4645 |                     ptls_buffer_t *sendbuf = emitter->buf;
      |                     ~~~~~~~~~~~~~~~~~~~~~~~~~~~~~~~~~~~~~~
 4646 |                     if (ptls_is_ech_handshake(tls, NULL, NULL, NULL)) {
      |                     ~~~~~~~~~~~~~~~~~~~~~~~~~~~~~~~~~~~~~~~~~~~~~~~~~~~
 4647 |                         buffer_push_extension(sendbuf, PTLS_EXTENSION_TYPE_ENCRYPTED_CLIENT_HELLO, {
      |                         ~~~~~~~~~~~~~~~~~~~~~~~~~~~~~~~~~~~~~~~~~~~~~~~~~~~~~~~~~~~~~~~~~~~~~~~~~~~~
 4648 |                             if ((ret = ptls_buffer_reserve(sendbuf, PTLS_ECH_CONFIRM_LENGTH)) != 0)
      |                             ~~~~~~~~~~~~~~~~~~~~~~~~~~~~~~~~~~~~~~~~~~~~~~~~~~~~~~~~~~~~~~~~~~~~~~~
 4649 |                                 goto Exit;
      |                                 ~~~~~~~~~~
 4650 |                             memset(sendbuf->base + sendbuf->off, 0, PTLS_ECH_CONFIRM_LENGTH);
      |                             ~~~~~~~~~~~~~~~~~~~~~~~~~~~~~~~~~~~~~~~~~~~~~~~~~~~~~~~~~~~~~~~~~
 4651 |                             ech_confirm_off = sendbuf->off;
      |                             ~~~~~~~~~~~~~~~~~~~~~~~~~~~~~~~
 4652 |                             sendbuf->off += PTLS_ECH_CONFIRM_LENGTH;
      |                             ~~~~~~~~~~~~~~~~~~~~~~~~~~~~~~~~~~~~~~~~
 4653 |                         });
      |                         ~~~
 4654 |                     }
      |                     ~
 4655 |                     if (retry_uses_cookie) {
      |                     ~~~~~~~~~~~~~~~~~~~~~~~~
 4656 |                         buffer_push_extension(sendbuf, PTLS_EXTENSION_TYPE_COOKIE, {
      |                         ~~~~~~~~~~~~~~~~~~~~~~~~~~~~~~~~~~~~~~~~~~~~~~~~~~~~~~~~~~~~
 4657 |                             ptls_buffer_push_block(sendbuf, 2, {
      |                             ~~~~~~~~~~~~~~~~~~~~~~~~~~~~~~~~~~~~
vendor/picotls/lib/picotls.c:4393:5: note: expanded from macro 'EMIT_HELLO_RETRY_REQUEST'
 4393 |     EMIT_SERVER_HELLO((sched), { memcpy(emitter->buf->base + emitter->buf->off, hello_retry_random, PTLS_HELLO_RANDOM_SIZE); },    \
      |     ^~~~~~~~~~~~~~~~~~~~~~~~~~~~~~~~~~~~~~~~~~~~~~~~~~~~~~~~~~~~~~~~~~~~~~~~~~~~~~~~~~~~~~~~~~~~~~~~~~~~~~~~~~~~~~~~~~~~~~~~~~~~~~~~
 4394 |                       {                                                                                                            \
      |                       ~~~~~~~~~~~~~~~~~~~~~~~~~~~~~~~~~~~~~~~~~~~~~~~~~~~~~~~~~~~~~~~~~~~~~~~~~~~~~~~~~~~~~~~~~~~~~~~~~~~~~~~~~~~~~~
 4395 |                           ptls_key_exchange_algorithm_t *_negotiated_group = (negotiated_group);                                   \
      |                           ~~~~~~~~~~~~~~~~~~~~~~~~~~~~~~~~~~~~~~~~~~~~~~~~~~~~~~~~~~~~~~~~~~~~~~~~~~~~~~~~~~~~~~~~~~~~~~~~~~~~~~~~~~
 4396 |                           if (_negotiated_group != NULL) {                                                                         \
      |                           ~~~~~~~~~~~~~~~~~~~~~~~~~~~~~~~~~~~~~~~~~~~~~~~~~~~~~~~~~~~~~~~~~~~~~~~~~~~~~~~~~~~~~~~~~~~~~~~~~~~~~~~~~~
 4397 |                               buffer_push_extension(emitter->buf, PTLS_EXTENSION_TYPE_KEY_SHARE,                                   \
      |                               ~~~~~~~~~~~~~~~~~~~~~~~~~~~~~~~~~~~~~~~~~~~~~~~~~~~~~~~~~~~~~~~~~~~~~~~~~~~~~~~~~~~~~~~~~~~~~~~~~~~~~~
 4398 |                                                     { ptls_buffer_push16(emitter->buf, _negotiated_group->id); });                 \
      |                                                     ~~~~~~~~~~~~~~~~~~~~~~~~~~~~~~~~~~~~~~~~~~~~~~~~~~~~~~~~~~~~~~~~~~~~~~~~~~~~~~~~
 4399 |                           }                                                                                                        \
      |                           ~~~~~~~~~~~~~~~~~~~~~~~~~~~~~~~~~~~~~~~~~~~~~~~~~~~~~~~~~~~~~~~~~~~~~~~~~~~~~~~~~~~~~~~~~~~~~~~~~~~~~~~~~~
 4400 |                           do {                                                                                                     \
      |                           ~~~~~~~~~~~~~~~~~~~~~~~~~~~~~~~~~~~~~~~~~~~~~~~~~~~~~~~~~~~~~~~~~~~~~~~~~~~~~~~~~~~~~~~~~~~~~~~~~~~~~~~~~~
 4401 |                               additional_extensions                                                                                \
      |                               ~~~~~~~~~~~~~~~~~~~~~~~~~~~~~~~~~~~~~~~~~~~~~~~~~~~~~~~~~~~~~~~~~~~~~~~~~~~~~~~~~~~~~~~~~~~~~~~~~~~~~~
 4402 |                           } while (0);                                                                                             \
      |                           ~~~~~~~~~~~~~~~~~~~~~~~~~~~~~~~~~~~~~~~~~~~~~~~~~~~~~~~~~~~~~~~~~~~~~~~~~~~~~~~~~~~~~~~~~~~~~~~~~~~~~~~~~~
 4403 |                       },                                                                                                           \
      |                       ~~~~~~~~~~~~~~~~~~~~~~~~~~~~~~~~~~~~~~~~~~~~~~~~~~~~~~~~~~~~~~~~~~~~~~~~~~~~~~~~~~~~~~~~~~~~~~~~~~~~~~~~~~~~~~
 4404 |                       post_action)
      |                       ~~~~~~~~~~~~
vendor/picotls/lib/picotls.c:4374:13: note: expanded from macro 'EMIT_SERVER_HELLO'
 4374 |             ptls_buffer_push_block(emitter->buf, 1,                                                                                \
      |             ^~~~~~~~~~~~~~~~~~~~~~~~~~~~~~~~~~~~~~~~~~~~~~~~~~~~~~~~~~~~~~~~~~~~~~~~~~~~~~~~~~~~~~~~~~~~~~~~~~~~~~~~~~~~~~~~~~~~~~~~
 4375 |                                    { ptls_buffer_pushv(emitter->buf, ch->legacy_session_id.base, ch->legacy_session_id.len); });   \
      |                                    ~~~~~~~~~~~~~~~~~~~~~~~~~~~~~~~~~~~~~~~~~~~~~~~~~~~~~~~~~~~~~~~~~~~~~~~~~~~~~~~~~~~~~~~~~~~~
vendor/picotls/include/picotls.h:1293:22: note: expanded from macro 'ptls_buffer_push_block'
 1293 |         if (capacity != -1) {                                                                                                      \
      |             ~~~~~~~~ ^  ~~
vendor/picotls/include/picotls.h:1344:75: note: expanded from macro 'ptls_push_message'
 1344 |         ptls_buffer_push_message_body(_emitter->buf, (key_sched), (type), block);                                                  \
      |                                                                           ^~~~~
vendor/picotls/include/picotls.h:1334:41: note: expanded from macro 'ptls_buffer_push_message_body'
 1334 |         ptls_buffer_push_block(_buf, 3, block);                                                                                    \
      |                                         ^~~~~
vendor/picotls/include/picotls.h:1290:13: note: expanded from macro 'ptls_buffer_push_block'
 1290 |             block                                                                                                                  \
      |             ^~~~~
vendor/picotls/lib/picotls.c:4642:13: warning: comparison of integers of different signs: 'size_t' (aka 'unsigned long') and 'int' [-Wsign-compare]
 4642 |             EMIT_HELLO_RETRY_REQUEST(
      |             ^~~~~~~~~~~~~~~~~~~~~~~~~
 4643 |                 tls->key_schedule, key_share.algorithm != NULL ? NULL : negotiated_group,
      |                 ~~~~~~~~~~~~~~~~~~~~~~~~~~~~~~~~~~~~~~~~~~~~~~~~~~~~~~~~~~~~~~~~~~~~~~~~~
 4644 |                 {
      |                 ~
 4645 |                     ptls_buffer_t *sendbuf = emitter->buf;
      |                     ~~~~~~~~~~~~~~~~~~~~~~~~~~~~~~~~~~~~~~
 4646 |                     if (ptls_is_ech_handshake(tls, NULL, NULL, NULL)) {
      |                     ~~~~~~~~~~~~~~~~~~~~~~~~~~~~~~~~~~~~~~~~~~~~~~~~~~~
 4647 |                         buffer_push_extension(sendbuf, PTLS_EXTENSION_TYPE_ENCRYPTED_CLIENT_HELLO, {
      |                         ~~~~~~~~~~~~~~~~~~~~~~~~~~~~~~~~~~~~~~~~~~~~~~~~~~~~~~~~~~~~~~~~~~~~~~~~~~~~
 4648 |                             if ((ret = ptls_buffer_reserve(sendbuf, PTLS_ECH_CONFIRM_LENGTH)) != 0)
      |                             ~~~~~~~~~~~~~~~~~~~~~~~~~~~~~~~~~~~~~~~~~~~~~~~~~~~~~~~~~~~~~~~~~~~~~~~
 4649 |                                 goto Exit;
      |                                 ~~~~~~~~~~
 4650 |                             memset(sendbuf->base + sendbuf->off, 0, PTLS_ECH_CONFIRM_LENGTH);
      |                             ~~~~~~~~~~~~~~~~~~~~~~~~~~~~~~~~~~~~~~~~~~~~~~~~~~~~~~~~~~~~~~~~~
 4651 |                             ech_confirm_off = sendbuf->off;
      |                             ~~~~~~~~~~~~~~~~~~~~~~~~~~~~~~~
 4652 |                             sendbuf->off += PTLS_ECH_CONFIRM_LENGTH;
      |                             ~~~~~~~~~~~~~~~~~~~~~~~~~~~~~~~~~~~~~~~~
 4653 |                         });
      |                         ~~~
 4654 |                     }
      |                     ~
 4655 |                     if (retry_uses_cookie) {
      |                     ~~~~~~~~~~~~~~~~~~~~~~~~
 4656 |                         buffer_push_extension(sendbuf, PTLS_EXTENSION_TYPE_COOKIE, {
      |                         ~~~~~~~~~~~~~~~~~~~~~~~~~~~~~~~~~~~~~~~~~~~~~~~~~~~~~~~~~~~~
 4657 |                             ptls_buffer_push_block(sendbuf, 2, {
      |                             ~~~~~~~~~~~~~~~~~~~~~~~~~~~~~~~~~~~~
vendor/picotls/lib/picotls.c:4393:5: note: expanded from macro 'EMIT_HELLO_RETRY_REQUEST'
 4393 |     EMIT_SERVER_HELLO((sched), { memcpy(emitter->buf->base + emitter->buf->off, hello_retry_random, PTLS_HELLO_RANDOM_SIZE); },    \
      |     ^~~~~~~~~~~~~~~~~~~~~~~~~~~~~~~~~~~~~~~~~~~~~~~~~~~~~~~~~~~~~~~~~~~~~~~~~~~~~~~~~~~~~~~~~~~~~~~~~~~~~~~~~~~~~~~~~~~~~~~~~~~~~~~~
 4394 |                       {                                                                                                            \
      |                       ~~~~~~~~~~~~~~~~~~~~~~~~~~~~~~~~~~~~~~~~~~~~~~~~~~~~~~~~~~~~~~~~~~~~~~~~~~~~~~~~~~~~~~~~~~~~~~~~~~~~~~~~~~~~~~
 4395 |                           ptls_key_exchange_algorithm_t *_negotiated_group = (negotiated_group);                                   \
      |                           ~~~~~~~~~~~~~~~~~~~~~~~~~~~~~~~~~~~~~~~~~~~~~~~~~~~~~~~~~~~~~~~~~~~~~~~~~~~~~~~~~~~~~~~~~~~~~~~~~~~~~~~~~~
 4396 |                           if (_negotiated_group != NULL) {                                                                         \
      |                           ~~~~~~~~~~~~~~~~~~~~~~~~~~~~~~~~~~~~~~~~~~~~~~~~~~~~~~~~~~~~~~~~~~~~~~~~~~~~~~~~~~~~~~~~~~~~~~~~~~~~~~~~~~
 4397 |                               buffer_push_extension(emitter->buf, PTLS_EXTENSION_TYPE_KEY_SHARE,                                   \
      |                               ~~~~~~~~~~~~~~~~~~~~~~~~~~~~~~~~~~~~~~~~~~~~~~~~~~~~~~~~~~~~~~~~~~~~~~~~~~~~~~~~~~~~~~~~~~~~~~~~~~~~~~
 4398 |                                                     { ptls_buffer_push16(emitter->buf, _negotiated_group->id); });                 \
      |                                                     ~~~~~~~~~~~~~~~~~~~~~~~~~~~~~~~~~~~~~~~~~~~~~~~~~~~~~~~~~~~~~~~~~~~~~~~~~~~~~~~~
 4399 |                           }                                                                                                        \
      |                           ~~~~~~~~~~~~~~~~~~~~~~~~~~~~~~~~~~~~~~~~~~~~~~~~~~~~~~~~~~~~~~~~~~~~~~~~~~~~~~~~~~~~~~~~~~~~~~~~~~~~~~~~~~
 4400 |                           do {                                                                                                     \
      |                           ~~~~~~~~~~~~~~~~~~~~~~~~~~~~~~~~~~~~~~~~~~~~~~~~~~~~~~~~~~~~~~~~~~~~~~~~~~~~~~~~~~~~~~~~~~~~~~~~~~~~~~~~~~
 4401 |                               additional_extensions                                                                                \
      |                               ~~~~~~~~~~~~~~~~~~~~~~~~~~~~~~~~~~~~~~~~~~~~~~~~~~~~~~~~~~~~~~~~~~~~~~~~~~~~~~~~~~~~~~~~~~~~~~~~~~~~~~
 4402 |                           } while (0);                                                                                             \
      |                           ~~~~~~~~~~~~~~~~~~~~~~~~~~~~~~~~~~~~~~~~~~~~~~~~~~~~~~~~~~~~~~~~~~~~~~~~~~~~~~~~~~~~~~~~~~~~~~~~~~~~~~~~~~
 4403 |                       },                                                                                                           \
      |                       ~~~~~~~~~~~~~~~~~~~~~~~~~~~~~~~~~~~~~~~~~~~~~~~~~~~~~~~~~~~~~~~~~~~~~~~~~~~~~~~~~~~~~~~~~~~~~~~~~~~~~~~~~~~~~~
 4404 |                       post_action)
      |                       ~~~~~~~~~~~~
vendor/picotls/lib/picotls.c:4378:13: note: expanded from macro 'EMIT_SERVER_HELLO'
 4378 |             ptls_buffer_push_block(emitter->buf, 2, {                                                                              \
      |             ^~~~~~~~~~~~~~~~~~~~~~~~~~~~~~~~~~~~~~~~~~~~~~~~~~~~~~~~~~~~~~~~~~~~~~~~~~~~~~~~~~~~~~~~~~~~~~~~~~~~~~~~~~~~~~~~~~~~~~~~
 4379 |                 buffer_push_extension(emitter->buf, PTLS_EXTENSION_TYPE_SUPPORTED_VERSIONS,                                        \
      |                 ~~~~~~~~~~~~~~~~~~~~~~~~~~~~~~~~~~~~~~~~~~~~~~~~~~~~~~~~~~~~~~~~~~~~~~~~~~~~~~~~~~~~~~~~~~~~~~~~~~~~~~~~~~~~~~~~~~~~
 4380 |                                       { ptls_buffer_push16(emitter->buf, ch->selected_version); });                                \
      |                                       ~~~~~~~~~~~~~~~~~~~~~~~~~~~~~~~~~~~~~~~~~~~~~~~~~~~~~~~~~~~~~~~~~~~~~~~~~~~~~~~~~~~~~~~~~~~~~~
 4381 |                 do {                                                                                                               \
      |                 ~~~~~~~~~~~~~~~~~~~~~~~~~~~~~~~~~~~~~~~~~~~~~~~~~~~~~~~~~~~~~~~~~~~~~~~~~~~~~~~~~~~~~~~~~~~~~~~~~~~~~~~~~~~~~~~~~~~~
 4382 |                     extensions                                                                                                     \
      |                     ~~~~~~~~~~~~~~~~~~~~~~~~~~~~~~~~~~~~~~~~~~~~~~~~~~~~~~~~~~~~~~~~~~~~~~~~~~~~~~~~~~~~~~~~~~~~~~~~~~~~~~~~~~~~~~~~
 4383 |                 } while (0);                                                                                                       \
      |                 ~~~~~~~~~~~~~~~~~~~~~~~~~~~~~~~~~~~~~~~~~~~~~~~~~~~~~~~~~~~~~~~~~~~~~~~~~~~~~~~~~~~~~~~~~~~~~~~~~~~~~~~~~~~~~~~~~~~~
 4384 |             });                                                                                                                    \
      |             ~~
vendor/picotls/include/picotls.h:1287:72: note: expanded from macro 'ptls_buffer_push_block'
 1287 |         ptls_buffer_pushv((buf), (uint8_t *)"\0\0\0\0\0\0\0", capacity != -1 ? capacity : 1);                                      \
      |                                                               ~~~~~~~~ ^  ~~
note: (skipping 1 expansions in backtrace; use -fmacro-backtrace-limit=0 to see all)
vendor/picotls/include/picotls.h:1344:75: note: expanded from macro 'ptls_push_message'
 1344 |         ptls_buffer_push_message_body(_emitter->buf, (key_sched), (type), block);                                                  \
      |                                                                           ^~~~~
vendor/picotls/include/picotls.h:1334:41: note: expanded from macro 'ptls_buffer_push_message_body'
 1334 |         ptls_buffer_push_block(_buf, 3, block);                                                                                    \
      |                                         ^~~~~
vendor/picotls/include/picotls.h:1290:13: note: expanded from macro 'ptls_buffer_push_block'
 1290 |             block                                                                                                                  \
      |             ^~~~~
vendor/picotls/lib/picotls.c:4642:13: warning: comparison of integers of different signs: 'size_t' (aka 'unsigned long') and 'int' [-Wsign-compare]
 4642 |             EMIT_HELLO_RETRY_REQUEST(
      |             ^~~~~~~~~~~~~~~~~~~~~~~~~
 4643 |                 tls->key_schedule, key_share.algorithm != NULL ? NULL : negotiated_group,
      |                 ~~~~~~~~~~~~~~~~~~~~~~~~~~~~~~~~~~~~~~~~~~~~~~~~~~~~~~~~~~~~~~~~~~~~~~~~~
 4644 |                 {
      |                 ~
 4645 |                     ptls_buffer_t *sendbuf = emitter->buf;
      |                     ~~~~~~~~~~~~~~~~~~~~~~~~~~~~~~~~~~~~~~
 4646 |                     if (ptls_is_ech_handshake(tls, NULL, NULL, NULL)) {
      |                     ~~~~~~~~~~~~~~~~~~~~~~~~~~~~~~~~~~~~~~~~~~~~~~~~~~~
 4647 |                         buffer_push_extension(sendbuf, PTLS_EXTENSION_TYPE_ENCRYPTED_CLIENT_HELLO, {
      |                         ~~~~~~~~~~~~~~~~~~~~~~~~~~~~~~~~~~~~~~~~~~~~~~~~~~~~~~~~~~~~~~~~~~~~~~~~~~~~
 4648 |                             if ((ret = ptls_buffer_reserve(sendbuf, PTLS_ECH_CONFIRM_LENGTH)) != 0)
      |                             ~~~~~~~~~~~~~~~~~~~~~~~~~~~~~~~~~~~~~~~~~~~~~~~~~~~~~~~~~~~~~~~~~~~~~~~
 4649 |                                 goto Exit;
      |                                 ~~~~~~~~~~
 4650 |                             memset(sendbuf->base + sendbuf->off, 0, PTLS_ECH_CONFIRM_LENGTH);
      |                             ~~~~~~~~~~~~~~~~~~~~~~~~~~~~~~~~~~~~~~~~~~~~~~~~~~~~~~~~~~~~~~~~~
 4651 |                             ech_confirm_off = sendbuf->off;
      |                             ~~~~~~~~~~~~~~~~~~~~~~~~~~~~~~~
 4652 |                             sendbuf->off += PTLS_ECH_CONFIRM_LENGTH;
      |                             ~~~~~~~~~~~~~~~~~~~~~~~~~~~~~~~~~~~~~~~~
 4653 |                         });
      |                         ~~~
 4654 |                     }
      |                     ~
 4655 |                     if (retry_uses_cookie) {
      |                     ~~~~~~~~~~~~~~~~~~~~~~~~
 4656 |                         buffer_push_extension(sendbuf, PTLS_EXTENSION_TYPE_COOKIE, {
      |                         ~~~~~~~~~~~~~~~~~~~~~~~~~~~~~~~~~~~~~~~~~~~~~~~~~~~~~~~~~~~~
 4657 |                             ptls_buffer_push_block(sendbuf, 2, {
      |                             ~~~~~~~~~~~~~~~~~~~~~~~~~~~~~~~~~~~~
vendor/picotls/lib/picotls.c:4393:5: note: expanded from macro 'EMIT_HELLO_RETRY_REQUEST'
 4393 |     EMIT_SERVER_HELLO((sched), { memcpy(emitter->buf->base + emitter->buf->off, hello_retry_random, PTLS_HELLO_RANDOM_SIZE); },    \
      |     ^~~~~~~~~~~~~~~~~~~~~~~~~~~~~~~~~~~~~~~~~~~~~~~~~~~~~~~~~~~~~~~~~~~~~~~~~~~~~~~~~~~~~~~~~~~~~~~~~~~~~~~~~~~~~~~~~~~~~~~~~~~~~~~~
 4394 |                       {                                                                                                            \
      |                       ~~~~~~~~~~~~~~~~~~~~~~~~~~~~~~~~~~~~~~~~~~~~~~~~~~~~~~~~~~~~~~~~~~~~~~~~~~~~~~~~~~~~~~~~~~~~~~~~~~~~~~~~~~~~~~
 4395 |                           ptls_key_exchange_algorithm_t *_negotiated_group = (negotiated_group);                                   \
      |                           ~~~~~~~~~~~~~~~~~~~~~~~~~~~~~~~~~~~~~~~~~~~~~~~~~~~~~~~~~~~~~~~~~~~~~~~~~~~~~~~~~~~~~~~~~~~~~~~~~~~~~~~~~~
 4396 |                           if (_negotiated_group != NULL) {                                                                         \
      |                           ~~~~~~~~~~~~~~~~~~~~~~~~~~~~~~~~~~~~~~~~~~~~~~~~~~~~~~~~~~~~~~~~~~~~~~~~~~~~~~~~~~~~~~~~~~~~~~~~~~~~~~~~~~
 4397 |                               buffer_push_extension(emitter->buf, PTLS_EXTENSION_TYPE_KEY_SHARE,                                   \
      |                               ~~~~~~~~~~~~~~~~~~~~~~~~~~~~~~~~~~~~~~~~~~~~~~~~~~~~~~~~~~~~~~~~~~~~~~~~~~~~~~~~~~~~~~~~~~~~~~~~~~~~~~
 4398 |                                                     { ptls_buffer_push16(emitter->buf, _negotiated_group->id); });                 \
      |                                                     ~~~~~~~~~~~~~~~~~~~~~~~~~~~~~~~~~~~~~~~~~~~~~~~~~~~~~~~~~~~~~~~~~~~~~~~~~~~~~~~~
 4399 |                           }                                                                                                        \
      |                           ~~~~~~~~~~~~~~~~~~~~~~~~~~~~~~~~~~~~~~~~~~~~~~~~~~~~~~~~~~~~~~~~~~~~~~~~~~~~~~~~~~~~~~~~~~~~~~~~~~~~~~~~~~
 4400 |                           do {                                                                                                     \
      |                           ~~~~~~~~~~~~~~~~~~~~~~~~~~~~~~~~~~~~~~~~~~~~~~~~~~~~~~~~~~~~~~~~~~~~~~~~~~~~~~~~~~~~~~~~~~~~~~~~~~~~~~~~~~
 4401 |                               additional_extensions                                                                                \
      |                               ~~~~~~~~~~~~~~~~~~~~~~~~~~~~~~~~~~~~~~~~~~~~~~~~~~~~~~~~~~~~~~~~~~~~~~~~~~~~~~~~~~~~~~~~~~~~~~~~~~~~~~
 4402 |                           } while (0);                                                                                             \
      |                           ~~~~~~~~~~~~~~~~~~~~~~~~~~~~~~~~~~~~~~~~~~~~~~~~~~~~~~~~~~~~~~~~~~~~~~~~~~~~~~~~~~~~~~~~~~~~~~~~~~~~~~~~~~
 4403 |                       },                                                                                                           \
      |                       ~~~~~~~~~~~~~~~~~~~~~~~~~~~~~~~~~~~~~~~~~~~~~~~~~~~~~~~~~~~~~~~~~~~~~~~~~~~~~~~~~~~~~~~~~~~~~~~~~~~~~~~~~~~~~~
 4404 |                       post_action)
      |                       ~~~~~~~~~~~~
vendor/picotls/lib/picotls.c:4379:17: note: expanded from macro 'EMIT_SERVER_HELLO'
 4379 |                 buffer_push_extension(emitter->buf, PTLS_EXTENSION_TYPE_SUPPORTED_VERSIONS,                                        \
      |                 ^~~~~~~~~~~~~~~~~~~~~~~~~~~~~~~~~~~~~~~~~~~~~~~~~~~~~~~~~~~~~~~~~~~~~~~~~~~~~~~~~~~~~~~~~~~~~~~~~~~~~~~~~~~~~~~~~~~~
 4380 |                                       { ptls_buffer_push16(emitter->buf, ch->selected_version); });                                \
      |                                       ~~~~~~~~~~~~~~~~~~~~~~~~~~~~~~~~~~~~~~~~~~~~~~~~~~~~~~~~~~~~
vendor/picotls/lib/picotls.c:894:9: note: expanded from macro 'buffer_push_extension'
  894 |         ptls_buffer_push_block((buf), 2, block);                                                                                   \
      |         ^~~~~~~~~~~~~~~~~~~~~~~~~~~~~~~~~~~~~~~
note: (skipping 3 expansions in backtrace; use -fmacro-backtrace-limit=0 to see all)
vendor/picotls/include/picotls.h:1344:75: note: expanded from macro 'ptls_push_message'
 1344 |         ptls_buffer_push_message_body(_emitter->buf, (key_sched), (type), block);                                                  \
      |                                                                           ^~~~~
vendor/picotls/include/picotls.h:1334:41: note: expanded from macro 'ptls_buffer_push_message_body'
 1334 |         ptls_buffer_push_block(_buf, 3, block);                                                                                    \
      |                                         ^~~~~
vendor/picotls/include/picotls.h:1290:13: note: expanded from macro 'ptls_buffer_push_block'
 1290 |             block                                                                                                                  \
      |             ^~~~~
vendor/picotls/lib/picotls.c:4642:13: warning: comparison of integers of different signs: 'size_t' (aka 'unsigned long') and 'int' [-Wsign-compare]
 4642 |             EMIT_HELLO_RETRY_REQUEST(
      |             ^~~~~~~~~~~~~~~~~~~~~~~~~
 4643 |                 tls->key_schedule, key_share.algorithm != NULL ? NULL : negotiated_group,
      |                 ~~~~~~~~~~~~~~~~~~~~~~~~~~~~~~~~~~~~~~~~~~~~~~~~~~~~~~~~~~~~~~~~~~~~~~~~~
 4644 |                 {
      |                 ~
 4645 |                     ptls_buffer_t *sendbuf = emitter->buf;
      |                     ~~~~~~~~~~~~~~~~~~~~~~~~~~~~~~~~~~~~~~
 4646 |                     if (ptls_is_ech_handshake(tls, NULL, NULL, NULL)) {
      |                     ~~~~~~~~~~~~~~~~~~~~~~~~~~~~~~~~~~~~~~~~~~~~~~~~~~~
 4647 |                         buffer_push_extension(sendbuf, PTLS_EXTENSION_TYPE_ENCRYPTED_CLIENT_HELLO, {
      |                         ~~~~~~~~~~~~~~~~~~~~~~~~~~~~~~~~~~~~~~~~~~~~~~~~~~~~~~~~~~~~~~~~~~~~~~~~~~~~
 4648 |                             if ((ret = ptls_buffer_reserve(sendbuf, PTLS_ECH_CONFIRM_LENGTH)) != 0)
      |                             ~~~~~~~~~~~~~~~~~~~~~~~~~~~~~~~~~~~~~~~~~~~~~~~~~~~~~~~~~~~~~~~~~~~~~~~
 4649 |                                 goto Exit;
      |                                 ~~~~~~~~~~
 4650 |                             memset(sendbuf->base + sendbuf->off, 0, PTLS_ECH_CONFIRM_LENGTH);
      |                             ~~~~~~~~~~~~~~~~~~~~~~~~~~~~~~~~~~~~~~~~~~~~~~~~~~~~~~~~~~~~~~~~~
 4651 |                             ech_confirm_off = sendbuf->off;
      |                             ~~~~~~~~~~~~~~~~~~~~~~~~~~~~~~~
 4652 |                             sendbuf->off += PTLS_ECH_CONFIRM_LENGTH;
      |                             ~~~~~~~~~~~~~~~~~~~~~~~~~~~~~~~~~~~~~~~~
 4653 |                         });
      |                         ~~~
 4654 |                     }
      |                     ~
 4655 |                     if (retry_uses_cookie) {
      |                     ~~~~~~~~~~~~~~~~~~~~~~~~
 4656 |                         buffer_push_extension(sendbuf, PTLS_EXTENSION_TYPE_COOKIE, {
      |                         ~~~~~~~~~~~~~~~~~~~~~~~~~~~~~~~~~~~~~~~~~~~~~~~~~~~~~~~~~~~~
 4657 |                             ptls_buffer_push_block(sendbuf, 2, {
      |                             ~~~~~~~~~~~~~~~~~~~~~~~~~~~~~~~~~~~~
vendor/picotls/lib/picotls.c:4393:5: note: expanded from macro 'EMIT_HELLO_RETRY_REQUEST'
 4393 |     EMIT_SERVER_HELLO((sched), { memcpy(emitter->buf->base + emitter->buf->off, hello_retry_random, PTLS_HELLO_RANDOM_SIZE); },    \
      |     ^~~~~~~~~~~~~~~~~~~~~~~~~~~~~~~~~~~~~~~~~~~~~~~~~~~~~~~~~~~~~~~~~~~~~~~~~~~~~~~~~~~~~~~~~~~~~~~~~~~~~~~~~~~~~~~~~~~~~~~~~~~~~~~~
 4394 |                       {                                                                                                            \
      |                       ~~~~~~~~~~~~~~~~~~~~~~~~~~~~~~~~~~~~~~~~~~~~~~~~~~~~~~~~~~~~~~~~~~~~~~~~~~~~~~~~~~~~~~~~~~~~~~~~~~~~~~~~~~~~~~
 4395 |                           ptls_key_exchange_algorithm_t *_negotiated_group = (negotiated_group);                                   \
      |                           ~~~~~~~~~~~~~~~~~~~~~~~~~~~~~~~~~~~~~~~~~~~~~~~~~~~~~~~~~~~~~~~~~~~~~~~~~~~~~~~~~~~~~~~~~~~~~~~~~~~~~~~~~~
 4396 |                           if (_negotiated_group != NULL) {                                                                         \
      |                           ~~~~~~~~~~~~~~~~~~~~~~~~~~~~~~~~~~~~~~~~~~~~~~~~~~~~~~~~~~~~~~~~~~~~~~~~~~~~~~~~~~~~~~~~~~~~~~~~~~~~~~~~~~
 4397 |                               buffer_push_extension(emitter->buf, PTLS_EXTENSION_TYPE_KEY_SHARE,                                   \
      |                               ~~~~~~~~~~~~~~~~~~~~~~~~~~~~~~~~~~~~~~~~~~~~~~~~~~~~~~~~~~~~~~~~~~~~~~~~~~~~~~~~~~~~~~~~~~~~~~~~~~~~~~
 4398 |                                                     { ptls_buffer_push16(emitter->buf, _negotiated_group->id); });                 \
      |                                                     ~~~~~~~~~~~~~~~~~~~~~~~~~~~~~~~~~~~~~~~~~~~~~~~~~~~~~~~~~~~~~~~~~~~~~~~~~~~~~~~~
 4399 |                           }                                                                                                        \
      |                           ~~~~~~~~~~~~~~~~~~~~~~~~~~~~~~~~~~~~~~~~~~~~~~~~~~~~~~~~~~~~~~~~~~~~~~~~~~~~~~~~~~~~~~~~~~~~~~~~~~~~~~~~~~
 4400 |                           do {                                                                                                     \
      |                           ~~~~~~~~~~~~~~~~~~~~~~~~~~~~~~~~~~~~~~~~~~~~~~~~~~~~~~~~~~~~~~~~~~~~~~~~~~~~~~~~~~~~~~~~~~~~~~~~~~~~~~~~~~
 4401 |                               additional_extensions                                                                                \
      |                               ~~~~~~~~~~~~~~~~~~~~~~~~~~~~~~~~~~~~~~~~~~~~~~~~~~~~~~~~~~~~~~~~~~~~~~~~~~~~~~~~~~~~~~~~~~~~~~~~~~~~~~
 4402 |                           } while (0);                                                                                             \
      |                           ~~~~~~~~~~~~~~~~~~~~~~~~~~~~~~~~~~~~~~~~~~~~~~~~~~~~~~~~~~~~~~~~~~~~~~~~~~~~~~~~~~~~~~~~~~~~~~~~~~~~~~~~~~
 4403 |                       },                                                                                                           \
      |                       ~~~~~~~~~~~~~~~~~~~~~~~~~~~~~~~~~~~~~~~~~~~~~~~~~~~~~~~~~~~~~~~~~~~~~~~~~~~~~~~~~~~~~~~~~~~~~~~~~~~~~~~~~~~~~~
 4404 |                       post_action)
      |                       ~~~~~~~~~~~~
vendor/picotls/lib/picotls.c:4379:17: note: expanded from macro 'EMIT_SERVER_HELLO'
 4379 |                 buffer_push_extension(emitter->buf, PTLS_EXTENSION_TYPE_SUPPORTED_VERSIONS,                                        \
      |                 ^~~~~~~~~~~~~~~~~~~~~~~~~~~~~~~~~~~~~~~~~~~~~~~~~~~~~~~~~~~~~~~~~~~~~~~~~~~~~~~~~~~~~~~~~~~~~~~~~~~~~~~~~~~~~~~~~~~~
 4380 |                                       { ptls_buffer_push16(emitter->buf, ch->selected_version); });                                \
      |                                       ~~~~~~~~~~~~~~~~~~~~~~~~~~~~~~~~~~~~~~~~~~~~~~~~~~~~~~~~~~~~
vendor/picotls/lib/picotls.c:894:9: note: expanded from macro 'buffer_push_extension'
  894 |         ptls_buffer_push_block((buf), 2, block);                                                                                   \
      |         ^~~~~~~~~~~~~~~~~~~~~~~~~~~~~~~~~~~~~~~
note: (skipping 2 expansions in backtrace; use -fmacro-backtrace-limit=0 to see all)
vendor/picotls/include/picotls.h:1344:75: note: expanded from macro 'ptls_push_message'
 1344 |         ptls_buffer_push_message_body(_emitter->buf, (key_sched), (type), block);                                                  \
      |                                                                           ^~~~~
vendor/picotls/include/picotls.h:1334:41: note: expanded from macro 'ptls_buffer_push_message_body'
 1334 |         ptls_buffer_push_block(_buf, 3, block);                                                                                    \
      |                                         ^~~~~
vendor/picotls/include/picotls.h:1290:13: note: expanded from macro 'ptls_buffer_push_block'
 1290 |             block                                                                                                                  \
      |             ^~~~~
vendor/picotls/lib/picotls.c:4642:13: warning: comparison of integers of different signs: 'size_t' (aka 'unsigned long') and 'int' [-Wsign-compare]
 4642 |             EMIT_HELLO_RETRY_REQUEST(
      |             ^~~~~~~~~~~~~~~~~~~~~~~~~
 4643 |                 tls->key_schedule, key_share.algorithm != NULL ? NULL : negotiated_group,
      |                 ~~~~~~~~~~~~~~~~~~~~~~~~~~~~~~~~~~~~~~~~~~~~~~~~~~~~~~~~~~~~~~~~~~~~~~~~~
 4644 |                 {
      |                 ~
 4645 |                     ptls_buffer_t *sendbuf = emitter->buf;
      |                     ~~~~~~~~~~~~~~~~~~~~~~~~~~~~~~~~~~~~~~
 4646 |                     if (ptls_is_ech_handshake(tls, NULL, NULL, NULL)) {
      |                     ~~~~~~~~~~~~~~~~~~~~~~~~~~~~~~~~~~~~~~~~~~~~~~~~~~~
 4647 |                         buffer_push_extension(sendbuf, PTLS_EXTENSION_TYPE_ENCRYPTED_CLIENT_HELLO, {
      |                         ~~~~~~~~~~~~~~~~~~~~~~~~~~~~~~~~~~~~~~~~~~~~~~~~~~~~~~~~~~~~~~~~~~~~~~~~~~~~
 4648 |                             if ((ret = ptls_buffer_reserve(sendbuf, PTLS_ECH_CONFIRM_LENGTH)) != 0)
      |                             ~~~~~~~~~~~~~~~~~~~~~~~~~~~~~~~~~~~~~~~~~~~~~~~~~~~~~~~~~~~~~~~~~~~~~~~
 4649 |                                 goto Exit;
      |                                 ~~~~~~~~~~
 4650 |                             memset(sendbuf->base + sendbuf->off, 0, PTLS_ECH_CONFIRM_LENGTH);
      |                             ~~~~~~~~~~~~~~~~~~~~~~~~~~~~~~~~~~~~~~~~~~~~~~~~~~~~~~~~~~~~~~~~~
 4651 |                             ech_confirm_off = sendbuf->off;
      |                             ~~~~~~~~~~~~~~~~~~~~~~~~~~~~~~~
 4652 |                             sendbuf->off += PTLS_ECH_CONFIRM_LENGTH;
      |                             ~~~~~~~~~~~~~~~~~~~~~~~~~~~~~~~~~~~~~~~~
 4653 |                         });
      |                         ~~~
 4654 |                     }
      |                     ~
 4655 |                     if (retry_uses_cookie) {
      |                     ~~~~~~~~~~~~~~~~~~~~~~~~
 4656 |                         buffer_push_extension(sendbuf, PTLS_EXTENSION_TYPE_COOKIE, {
      |                         ~~~~~~~~~~~~~~~~~~~~~~~~~~~~~~~~~~~~~~~~~~~~~~~~~~~~~~~~~~~~
 4657 |                             ptls_buffer_push_block(sendbuf, 2, {
      |                             ~~~~~~~~~~~~~~~~~~~~~~~~~~~~~~~~~~~~
vendor/picotls/lib/picotls.c:4397:31: note: expanded from macro 'EMIT_HELLO_RETRY_REQUEST'
 4397 |                               buffer_push_extension(emitter->buf, PTLS_EXTENSION_TYPE_KEY_SHARE,                                   \
      |                               ^~~~~~~~~~~~~~~~~~~~~~~~~~~~~~~~~~~~~~~~~~~~~~~~~~~~~~~~~~~~~~~~~~~~~~~~~~~~~~~~~~~~~~~~~~~~~~~~~~~~~~
 4398 |                                                     { ptls_buffer_push16(emitter->buf, _negotiated_group->id); });                 \
      |                                                     ~~~~~~~~~~~~~~~~~~~~~~~~~~~~~~~~~~~~~~~~~~~~~~~~~~~~~~~~~~~~~
vendor/picotls/lib/picotls.c:894:9: note: expanded from macro 'buffer_push_extension'
  894 |         ptls_buffer_push_block((buf), 2, block);                                                                                   \
      |         ^~~~~~~~~~~~~~~~~~~~~~~~~~~~~~~~~~~~~~~
vendor/picotls/include/picotls.h:1287:72: note: expanded from macro 'ptls_buffer_push_block'
 1287 |         ptls_buffer_pushv((buf), (uint8_t *)"\0\0\0\0\0\0\0", capacity != -1 ? capacity : 1);                                      \
      |                                                               ~~~~~~~~ ^  ~~
note: (skipping 3 expansions in backtrace; use -fmacro-backtrace-limit=0 to see all)
vendor/picotls/include/picotls.h:1344:75: note: expanded from macro 'ptls_push_message'
 1344 |         ptls_buffer_push_message_body(_emitter->buf, (key_sched), (type), block);                                                  \
      |                                                                           ^~~~~
vendor/picotls/include/picotls.h:1334:41: note: expanded from macro 'ptls_buffer_push_message_body'
 1334 |         ptls_buffer_push_block(_buf, 3, block);                                                                                    \
      |                                         ^~~~~
vendor/picotls/include/picotls.h:1290:13: note: expanded from macro 'ptls_buffer_push_block'
 1290 |             block                                                                                                                  \
      |             ^~~~~
vendor/picotls/lib/picotls.c:4642:13: warning: comparison of integers of different signs: 'size_t' (aka 'unsigned long') and 'int' [-Wsign-compare]
 4642 |             EMIT_HELLO_RETRY_REQUEST(
      |             ^~~~~~~~~~~~~~~~~~~~~~~~~
 4643 |                 tls->key_schedule, key_share.algorithm != NULL ? NULL : negotiated_group,
      |                 ~~~~~~~~~~~~~~~~~~~~~~~~~~~~~~~~~~~~~~~~~~~~~~~~~~~~~~~~~~~~~~~~~~~~~~~~~
 4644 |                 {
      |                 ~
 4645 |                     ptls_buffer_t *sendbuf = emitter->buf;
      |                     ~~~~~~~~~~~~~~~~~~~~~~~~~~~~~~~~~~~~~~
 4646 |                     if (ptls_is_ech_handshake(tls, NULL, NULL, NULL)) {
      |                     ~~~~~~~~~~~~~~~~~~~~~~~~~~~~~~~~~~~~~~~~~~~~~~~~~~~
 4647 |                         buffer_push_extension(sendbuf, PTLS_EXTENSION_TYPE_ENCRYPTED_CLIENT_HELLO, {
      |                         ~~~~~~~~~~~~~~~~~~~~~~~~~~~~~~~~~~~~~~~~~~~~~~~~~~~~~~~~~~~~~~~~~~~~~~~~~~~~
 4648 |                             if ((ret = ptls_buffer_reserve(sendbuf, PTLS_ECH_CONFIRM_LENGTH)) != 0)
      |                             ~~~~~~~~~~~~~~~~~~~~~~~~~~~~~~~~~~~~~~~~~~~~~~~~~~~~~~~~~~~~~~~~~~~~~~~
 4649 |                                 goto Exit;
      |                                 ~~~~~~~~~~
 4650 |                             memset(sendbuf->base + sendbuf->off, 0, PTLS_ECH_CONFIRM_LENGTH);
      |                             ~~~~~~~~~~~~~~~~~~~~~~~~~~~~~~~~~~~~~~~~~~~~~~~~~~~~~~~~~~~~~~~~~
 4651 |                             ech_confirm_off = sendbuf->off;
      |                             ~~~~~~~~~~~~~~~~~~~~~~~~~~~~~~~
 4652 |                             sendbuf->off += PTLS_ECH_CONFIRM_LENGTH;
      |                             ~~~~~~~~~~~~~~~~~~~~~~~~~~~~~~~~~~~~~~~~
 4653 |                         });
      |                         ~~~
 4654 |                     }
      |                     ~
 4655 |                     if (retry_uses_cookie) {
      |                     ~~~~~~~~~~~~~~~~~~~~~~~~
 4656 |                         buffer_push_extension(sendbuf, PTLS_EXTENSION_TYPE_COOKIE, {
      |                         ~~~~~~~~~~~~~~~~~~~~~~~~~~~~~~~~~~~~~~~~~~~~~~~~~~~~~~~~~~~~
 4657 |                             ptls_buffer_push_block(sendbuf, 2, {
      |                             ~~~~~~~~~~~~~~~~~~~~~~~~~~~~~~~~~~~~
vendor/picotls/lib/picotls.c:4397:31: note: expanded from macro 'EMIT_HELLO_RETRY_REQUEST'
 4397 |                               buffer_push_extension(emitter->buf, PTLS_EXTENSION_TYPE_KEY_SHARE,                                   \
      |                               ^~~~~~~~~~~~~~~~~~~~~~~~~~~~~~~~~~~~~~~~~~~~~~~~~~~~~~~~~~~~~~~~~~~~~~~~~~~~~~~~~~~~~~~~~~~~~~~~~~~~~~
 4398 |                                                     { ptls_buffer_push16(emitter->buf, _negotiated_group->id); });                 \
      |                                                     ~~~~~~~~~~~~~~~~~~~~~~~~~~~~~~~~~~~~~~~~~~~~~~~~~~~~~~~~~~~~~
vendor/picotls/lib/picotls.c:894:9: note: expanded from macro 'buffer_push_extension'
  894 |         ptls_buffer_push_block((buf), 2, block);                                                                                   \
      |         ^~~~~~~~~~~~~~~~~~~~~~~~~~~~~~~~~~~~~~~
vendor/picotls/include/picotls.h:1293:22: note: expanded from macro 'ptls_buffer_push_block'
 1293 |         if (capacity != -1) {                                                                                                      \
      |             ~~~~~~~~ ^  ~~
note: (skipping 2 expansions in backtrace; use -fmacro-backtrace-limit=0 to see all)
vendor/picotls/include/picotls.h:1344:75: note: expanded from macro 'ptls_push_message'
 1344 |         ptls_buffer_push_message_body(_emitter->buf, (key_sched), (type), block);                                                  \
      |                                                                           ^~~~~
vendor/picotls/include/picotls.h:1334:41: note: expanded from macro 'ptls_buffer_push_message_body'
 1334 |         ptls_buffer_push_block(_buf, 3, block);                                                                                    \
      |                                         ^~~~~
vendor/picotls/include/picotls.h:1290:13: note: expanded from macro 'ptls_buffer_push_block'
 1290 |             block                                                                                                                  \
      |             ^~~~~
vendor/picotls/lib/picotls.c:4647:25: warning: comparison of integers of different signs: 'size_t' (aka 'unsigned long') and 'int' [-Wsign-compare]
 4647 |                         buffer_push_extension(sendbuf, PTLS_EXTENSION_TYPE_ENCRYPTED_CLIENT_HELLO, {
      |                         ^~~~~~~~~~~~~~~~~~~~~~~~~~~~~~~~~~~~~~~~~~~~~~~~~~~~~~~~~~~~~~~~~~~~~~~~~~~~
 4648 |                             if ((ret = ptls_buffer_reserve(sendbuf, PTLS_ECH_CONFIRM_LENGTH)) != 0)
      |                             ~~~~~~~~~~~~~~~~~~~~~~~~~~~~~~~~~~~~~~~~~~~~~~~~~~~~~~~~~~~~~~~~~~~~~~~
 4649 |                                 goto Exit;
      |                                 ~~~~~~~~~~
 4650 |                             memset(sendbuf->base + sendbuf->off, 0, PTLS_ECH_CONFIRM_LENGTH);
      |                             ~~~~~~~~~~~~~~~~~~~~~~~~~~~~~~~~~~~~~~~~~~~~~~~~~~~~~~~~~~~~~~~~~
 4651 |                             ech_confirm_off = sendbuf->off;
      |                             ~~~~~~~~~~~~~~~~~~~~~~~~~~~~~~~
 4652 |                             sendbuf->off += PTLS_ECH_CONFIRM_LENGTH;
      |                             ~~~~~~~~~~~~~~~~~~~~~~~~~~~~~~~~~~~~~~~~
 4653 |                         });
      |                         ~~
vendor/picotls/lib/picotls.c:894:9: note: expanded from macro 'buffer_push_extension'
  894 |         ptls_buffer_push_block((buf), 2, block);                                                                                   \
      |         ^~~~~~~~~~~~~~~~~~~~~~~~~~~~~~~~~~~~~~~
vendor/picotls/include/picotls.h:1287:72: note: expanded from macro 'ptls_buffer_push_block'
 1287 |         ptls_buffer_pushv((buf), (uint8_t *)"\0\0\0\0\0\0\0", capacity != -1 ? capacity : 1);                                      \
      |                                                               ~~~~~~~~ ^  ~~
vendor/picotls/include/picotls.h:1241:57: note: expanded from macro 'ptls_buffer_pushv'
 1241 |         if ((ret = ptls_buffer__do_pushv((buf), (src), (len))) != 0)                                                               \
      |                                                         ^~~
note: (skipping 3 expansions in backtrace; use -fmacro-backtrace-limit=0 to see all)
vendor/picotls/include/picotls.h:1344:75: note: expanded from macro 'ptls_push_message'
 1344 |         ptls_buffer_push_message_body(_emitter->buf, (key_sched), (type), block);                                                  \
      |                                                                           ^~~~~
vendor/picotls/include/picotls.h:1334:41: note: expanded from macro 'ptls_buffer_push_message_body'
 1334 |         ptls_buffer_push_block(_buf, 3, block);                                                                                    \
      |                                         ^~~~~
vendor/picotls/include/picotls.h:1290:13: note: expanded from macro 'ptls_buffer_push_block'
 1290 |             block                                                                                                                  \
      |             ^~~~~
vendor/picotls/lib/picotls.c:4647:25: warning: comparison of integers of different signs: 'size_t' (aka 'unsigned long') and 'int' [-Wsign-compare]
 4647 |                         buffer_push_extension(sendbuf, PTLS_EXTENSION_TYPE_ENCRYPTED_CLIENT_HELLO, {
      |                         ^~~~~~~~~~~~~~~~~~~~~~~~~~~~~~~~~~~~~~~~~~~~~~~~~~~~~~~~~~~~~~~~~~~~~~~~~~~~
 4648 |                             if ((ret = ptls_buffer_reserve(sendbuf, PTLS_ECH_CONFIRM_LENGTH)) != 0)
      |                             ~~~~~~~~~~~~~~~~~~~~~~~~~~~~~~~~~~~~~~~~~~~~~~~~~~~~~~~~~~~~~~~~~~~~~~~
 4649 |                                 goto Exit;
      |                                 ~~~~~~~~~~
 4650 |                             memset(sendbuf->base + sendbuf->off, 0, PTLS_ECH_CONFIRM_LENGTH);
      |                             ~~~~~~~~~~~~~~~~~~~~~~~~~~~~~~~~~~~~~~~~~~~~~~~~~~~~~~~~~~~~~~~~~
 4651 |                             ech_confirm_off = sendbuf->off;
      |                             ~~~~~~~~~~~~~~~~~~~~~~~~~~~~~~~
 4652 |                             sendbuf->off += PTLS_ECH_CONFIRM_LENGTH;
      |                             ~~~~~~~~~~~~~~~~~~~~~~~~~~~~~~~~~~~~~~~~
 4653 |                         });
      |                         ~~
vendor/picotls/lib/picotls.c:894:9: note: expanded from macro 'buffer_push_extension'
  894 |         ptls_buffer_push_block((buf), 2, block);                                                                                   \
      |         ^~~~~~~~~~~~~~~~~~~~~~~~~~~~~~~~~~~~~~~
vendor/picotls/include/picotls.h:1293:22: note: expanded from macro 'ptls_buffer_push_block'
 1293 |         if (capacity != -1) {                                                                                                      \
      |             ~~~~~~~~ ^  ~~
vendor/picotls/lib/picotls.c:4401:31: note: expanded from macro 'EMIT_HELLO_RETRY_REQUEST'
 4401 |                               additional_extensions                                                                                \
      |                               ^~~~~~~~~~~~~~~~~~~~~
note: (skipping 2 expansions in backtrace; use -fmacro-backtrace-limit=0 to see all)
vendor/picotls/include/picotls.h:1344:75: note: expanded from macro 'ptls_push_message'
 1344 |         ptls_buffer_push_message_body(_emitter->buf, (key_sched), (type), block);                                                  \
      |                                                                           ^~~~~
vendor/picotls/include/picotls.h:1334:41: note: expanded from macro 'ptls_buffer_push_message_body'
 1334 |         ptls_buffer_push_block(_buf, 3, block);                                                                                    \
      |                                         ^~~~~
vendor/picotls/include/picotls.h:1290:13: note: expanded from macro 'ptls_buffer_push_block'
 1290 |             block                                                                                                                  \
      |             ^~~~~
vendor/picotls/lib/picotls.c:4656:25: warning: comparison of integers of different signs: 'size_t' (aka 'unsigned long') and 'int' [-Wsign-compare]
 4656 |                         buffer_push_extension(sendbuf, PTLS_EXTENSION_TYPE_COOKIE, {
      |                         ^~~~~~~~~~~~~~~~~~~~~~~~~~~~~~~~~~~~~~~~~~~~~~~~~~~~~~~~~~~~
 4657 |                             ptls_buffer_push_block(sendbuf, 2, {
      |                             ~~~~~~~~~~~~~~~~~~~~~~~~~~~~~~~~~~~~
 4658 |                                 /* push to-be-signed data */
      |                                 ~~~~~~~~~~~~~~~~~~~~~~~~~~~~
 4659 |                                 size_t tbs_start = sendbuf->off;
      |                                 ~~~~~~~~~~~~~~~~~~~~~~~~~~~~~~~~
 4660 |                                 ptls_buffer_push_block(sendbuf, 2, {
      |                                 ~~~~~~~~~~~~~~~~~~~~~~~~~~~~~~~~~~~~
 4661 |                                     /* first block of the cookie data is the hash(ch1) */
      |                                     ~~~~~~~~~~~~~~~~~~~~~~~~~~~~~~~~~~~~~~~~~~~~~~~~~~~~~
 4662 |                                     ptls_buffer_push_block(sendbuf, 1, {
      |                                     ~~~~~~~~~~~~~~~~~~~~~~~~~~~~~~~~~~~~
 4663 |                                         size_t sz = tls->cipher_suite->hash->digest_size;
      |                                         ~~~~~~~~~~~~~~~~~~~~~~~~~~~~~~~~~~~~~~~~~~~~~~~~~
 4664 |                                         if ((ret = ptls_buffer_reserve(sendbuf, sz)) != 0)
      |                                         ~~~~~~~~~~~~~~~~~~~~~~~~~~~~~~~~~~~~~~~~~~~~~~~~~~
 4665 |                                             goto Exit;
      |                                             ~~~~~~~~~~
 4666 |                                         key_schedule_extract_ch1hash(tls->key_schedule, sendbuf->base + sendbuf->off);
      |                                         ~~~~~~~~~~~~~~~~~~~~~~~~~~~~~~~~~~~~~~~~~~~~~~~~~~~~~~~~~~~~~~~~~~~~~~~~~~~~~~
 4667 |                                         sendbuf->off += sz;
      |                                         ~~~~~~~~~~~~~~~~~~~
 4668 |                                     });
      |                                     ~~~
 4669 |                                     /* second is if we have sent key_share extension */
      |                                     ~~~~~~~~~~~~~~~~~~~~~~~~~~~~~~~~~~~~~~~~~~~~~~~~~~~
 4670 |                                     ptls_buffer_push(sendbuf, key_share.algorithm == NULL);
      |                                     ~~~~~~~~~~~~~~~~~~~~~~~~~~~~~~~~~~~~~~~~~~~~~~~~~~~~~~~
 4671 |                                     /* we can add more data here */
      |                                     ~~~~~~~~~~~~~~~~~~~~~~~~~~~~~~~
vendor/picotls/lib/picotls.c:894:9: note: expanded from macro 'buffer_push_extension'
  894 |         ptls_buffer_push_block((buf), 2, block);                                                                                   \
      |         ^~~~~~~~~~~~~~~~~~~~~~~~~~~~~~~~~~~~~~~
vendor/picotls/include/picotls.h:1287:72: note: expanded from macro 'ptls_buffer_push_block'
 1287 |         ptls_buffer_pushv((buf), (uint8_t *)"\0\0\0\0\0\0\0", capacity != -1 ? capacity : 1);                                      \
      |                                                               ~~~~~~~~ ^  ~~
vendor/picotls/include/picotls.h:1241:57: note: expanded from macro 'ptls_buffer_pushv'
 1241 |         if ((ret = ptls_buffer__do_pushv((buf), (src), (len))) != 0)                                                               \
      |                                                         ^~~
note: (skipping 3 expansions in backtrace; use -fmacro-backtrace-limit=0 to see all)
vendor/picotls/include/picotls.h:1344:75: note: expanded from macro 'ptls_push_message'
 1344 |         ptls_buffer_push_message_body(_emitter->buf, (key_sched), (type), block);                                                  \
      |                                                                           ^~~~~
vendor/picotls/include/picotls.h:1334:41: note: expanded from macro 'ptls_buffer_push_message_body'
 1334 |         ptls_buffer_push_block(_buf, 3, block);                                                                                    \
      |                                         ^~~~~
vendor/picotls/include/picotls.h:1290:13: note: expanded from macro 'ptls_buffer_push_block'
 1290 |             block                                                                                                                  \
      |             ^~~~~
vendor/picotls/lib/picotls.c:4657:29: warning: comparison of integers of different signs: 'size_t' (aka 'unsigned long') and 'int' [-Wsign-compare]
 4657 |                             ptls_buffer_push_block(sendbuf, 2, {
      |                             ^~~~~~~~~~~~~~~~~~~~~~~~~~~~~~~~~~~~
 4658 |                                 /* push to-be-signed data */
      |                                 ~~~~~~~~~~~~~~~~~~~~~~~~~~~~
 4659 |                                 size_t tbs_start = sendbuf->off;
      |                                 ~~~~~~~~~~~~~~~~~~~~~~~~~~~~~~~~
 4660 |                                 ptls_buffer_push_block(sendbuf, 2, {
      |                                 ~~~~~~~~~~~~~~~~~~~~~~~~~~~~~~~~~~~~
 4661 |                                     /* first block of the cookie data is the hash(ch1) */
      |                                     ~~~~~~~~~~~~~~~~~~~~~~~~~~~~~~~~~~~~~~~~~~~~~~~~~~~~~
 4662 |                                     ptls_buffer_push_block(sendbuf, 1, {
      |                                     ~~~~~~~~~~~~~~~~~~~~~~~~~~~~~~~~~~~~
 4663 |                                         size_t sz = tls->cipher_suite->hash->digest_size;
      |                                         ~~~~~~~~~~~~~~~~~~~~~~~~~~~~~~~~~~~~~~~~~~~~~~~~~
 4664 |                                         if ((ret = ptls_buffer_reserve(sendbuf, sz)) != 0)
      |                                         ~~~~~~~~~~~~~~~~~~~~~~~~~~~~~~~~~~~~~~~~~~~~~~~~~~
 4665 |                                             goto Exit;
      |                                             ~~~~~~~~~~
 4666 |                                         key_schedule_extract_ch1hash(tls->key_schedule, sendbuf->base + sendbuf->off);
      |                                         ~~~~~~~~~~~~~~~~~~~~~~~~~~~~~~~~~~~~~~~~~~~~~~~~~~~~~~~~~~~~~~~~~~~~~~~~~~~~~~
 4667 |                                         sendbuf->off += sz;
      |                                         ~~~~~~~~~~~~~~~~~~~
 4668 |                                     });
      |                                     ~~~
 4669 |                                     /* second is if we have sent key_share extension */
      |                                     ~~~~~~~~~~~~~~~~~~~~~~~~~~~~~~~~~~~~~~~~~~~~~~~~~~~
 4670 |                                     ptls_buffer_push(sendbuf, key_share.algorithm == NULL);
      |                                     ~~~~~~~~~~~~~~~~~~~~~~~~~~~~~~~~~~~~~~~~~~~~~~~~~~~~~~~
 4671 |                                     /* we can add more data here */
      |                                     ~~~~~~~~~~~~~~~~~~~~~~~~~~~~~~~
 4672 |                                 });
      |                                 ~~~
vendor/picotls/include/picotls.h:1287:72: note: expanded from macro 'ptls_buffer_push_block'
 1287 |         ptls_buffer_pushv((buf), (uint8_t *)"\0\0\0\0\0\0\0", capacity != -1 ? capacity : 1);                                      \
      |                                                               ~~~~~~~~ ^  ~~
vendor/picotls/include/picotls.h:1241:57: note: expanded from macro 'ptls_buffer_pushv'
 1241 |         if ((ret = ptls_buffer__do_pushv((buf), (src), (len))) != 0)                                                               \
      |                                                         ^~~
vendor/picotls/lib/picotls.c:894:42: note: expanded from macro 'buffer_push_extension'
  894 |         ptls_buffer_push_block((buf), 2, block);                                                                                   \
      |                                          ^~~~~
note: (skipping 4 expansions in backtrace; use -fmacro-backtrace-limit=0 to see all)
vendor/picotls/include/picotls.h:1344:75: note: expanded from macro 'ptls_push_message'
 1344 |         ptls_buffer_push_message_body(_emitter->buf, (key_sched), (type), block);                                                  \
      |                                                                           ^~~~~
vendor/picotls/include/picotls.h:1334:41: note: expanded from macro 'ptls_buffer_push_message_body'
 1334 |         ptls_buffer_push_block(_buf, 3, block);                                                                                    \
      |                                         ^~~~~
vendor/picotls/include/picotls.h:1290:13: note: expanded from macro 'ptls_buffer_push_block'
 1290 |             block                                                                                                                  \
      |             ^~~~~
vendor/picotls/lib/picotls.c:4660:33: warning: comparison of integers of different signs: 'size_t' (aka 'unsigned long') and 'int' [-Wsign-compare]
 4660 |                                 ptls_buffer_push_block(sendbuf, 2, {
      |                                 ^~~~~~~~~~~~~~~~~~~~~~~~~~~~~~~~~~~~
 4661 |                                     /* first block of the cookie data is the hash(ch1) */
      |                                     ~~~~~~~~~~~~~~~~~~~~~~~~~~~~~~~~~~~~~~~~~~~~~~~~~~~~~
 4662 |                                     ptls_buffer_push_block(sendbuf, 1, {
      |                                     ~~~~~~~~~~~~~~~~~~~~~~~~~~~~~~~~~~~~
 4663 |                                         size_t sz = tls->cipher_suite->hash->digest_size;
      |                                         ~~~~~~~~~~~~~~~~~~~~~~~~~~~~~~~~~~~~~~~~~~~~~~~~~
 4664 |                                         if ((ret = ptls_buffer_reserve(sendbuf, sz)) != 0)
      |                                         ~~~~~~~~~~~~~~~~~~~~~~~~~~~~~~~~~~~~~~~~~~~~~~~~~~
 4665 |                                             goto Exit;
      |                                             ~~~~~~~~~~
 4666 |                                         key_schedule_extract_ch1hash(tls->key_schedule, sendbuf->base + sendbuf->off);
      |                                         ~~~~~~~~~~~~~~~~~~~~~~~~~~~~~~~~~~~~~~~~~~~~~~~~~~~~~~~~~~~~~~~~~~~~~~~~~~~~~~
 4667 |                                         sendbuf->off += sz;
      |                                         ~~~~~~~~~~~~~~~~~~~
 4668 |                                     });
      |                                     ~~~
 4669 |                                     /* second is if we have sent key_share extension */
      |                                     ~~~~~~~~~~~~~~~~~~~~~~~~~~~~~~~~~~~~~~~~~~~~~~~~~~~
 4670 |                                     ptls_buffer_push(sendbuf, key_share.algorithm == NULL);
      |                                     ~~~~~~~~~~~~~~~~~~~~~~~~~~~~~~~~~~~~~~~~~~~~~~~~~~~~~~~
 4671 |                                     /* we can add more data here */
      |                                     ~~~~~~~~~~~~~~~~~~~~~~~~~~~~~~~
 4672 |                                 });
      |                                 ~~
vendor/picotls/include/picotls.h:1287:72: note: expanded from macro 'ptls_buffer_push_block'
 1287 |         ptls_buffer_pushv((buf), (uint8_t *)"\0\0\0\0\0\0\0", capacity != -1 ? capacity : 1);                                      \
      |                                                               ~~~~~~~~ ^  ~~
vendor/picotls/include/picotls.h:1241:57: note: expanded from macro 'ptls_buffer_pushv'
 1241 |         if ((ret = ptls_buffer__do_pushv((buf), (src), (len))) != 0)                                                               \
      |                                                         ^~~
vendor/picotls/include/picotls.h:1290:13: note: expanded from macro 'ptls_buffer_push_block'
 1290 |             block                                                                                                                  \
      |             ^~~~~
note: (skipping 5 expansions in backtrace; use -fmacro-backtrace-limit=0 to see all)
vendor/picotls/include/picotls.h:1344:75: note: expanded from macro 'ptls_push_message'
 1344 |         ptls_buffer_push_message_body(_emitter->buf, (key_sched), (type), block);                                                  \
      |                                                                           ^~~~~
vendor/picotls/include/picotls.h:1334:41: note: expanded from macro 'ptls_buffer_push_message_body'
 1334 |         ptls_buffer_push_block(_buf, 3, block);                                                                                    \
      |                                         ^~~~~
vendor/picotls/include/picotls.h:1290:13: note: expanded from macro 'ptls_buffer_push_block'
 1290 |             block                                                                                                                  \
      |             ^~~~~
vendor/picotls/lib/picotls.c:4662:37: warning: comparison of integers of different signs: 'size_t' (aka 'unsigned long') and 'int' [-Wsign-compare]
 4662 |                                     ptls_buffer_push_block(sendbuf, 1, {
      |                                     ^~~~~~~~~~~~~~~~~~~~~~~~~~~~~~~~~~~~
 4663 |                                         size_t sz = tls->cipher_suite->hash->digest_size;
      |                                         ~~~~~~~~~~~~~~~~~~~~~~~~~~~~~~~~~~~~~~~~~~~~~~~~~
 4664 |                                         if ((ret = ptls_buffer_reserve(sendbuf, sz)) != 0)
      |                                         ~~~~~~~~~~~~~~~~~~~~~~~~~~~~~~~~~~~~~~~~~~~~~~~~~~
 4665 |                                             goto Exit;
      |                                             ~~~~~~~~~~
 4666 |                                         key_schedule_extract_ch1hash(tls->key_schedule, sendbuf->base + sendbuf->off);
      |                                         ~~~~~~~~~~~~~~~~~~~~~~~~~~~~~~~~~~~~~~~~~~~~~~~~~~~~~~~~~~~~~~~~~~~~~~~~~~~~~~
 4667 |                                         sendbuf->off += sz;
      |                                         ~~~~~~~~~~~~~~~~~~~
 4668 |                                     });
      |                                     ~~
vendor/picotls/include/picotls.h:1287:72: note: expanded from macro 'ptls_buffer_push_block'
 1287 |         ptls_buffer_pushv((buf), (uint8_t *)"\0\0\0\0\0\0\0", capacity != -1 ? capacity : 1);                                      \
      |                                                               ~~~~~~~~ ^  ~~
vendor/picotls/include/picotls.h:1241:57: note: expanded from macro 'ptls_buffer_pushv'
 1241 |         if ((ret = ptls_buffer__do_pushv((buf), (src), (len))) != 0)                                                               \
      |                                                         ^~~
vendor/picotls/include/picotls.h:1290:13: note: expanded from macro 'ptls_buffer_push_block'
 1290 |             block                                                                                                                  \
      |             ^~~~~
note: (skipping 6 expansions in backtrace; use -fmacro-backtrace-limit=0 to see all)
vendor/picotls/include/picotls.h:1344:75: note: expanded from macro 'ptls_push_message'
 1344 |         ptls_buffer_push_message_body(_emitter->buf, (key_sched), (type), block);                                                  \
      |                                                                           ^~~~~
vendor/picotls/include/picotls.h:1334:41: note: expanded from macro 'ptls_buffer_push_message_body'
 1334 |         ptls_buffer_push_block(_buf, 3, block);                                                                                    \
      |                                         ^~~~~
vendor/picotls/include/picotls.h:1290:13: note: expanded from macro 'ptls_buffer_push_block'
 1290 |             block                                                                                                                  \
      |             ^~~~~
vendor/picotls/lib/picotls.c:4662:37: warning: comparison of integers of different signs: 'size_t' (aka 'unsigned long') and 'int' [-Wsign-compare]
 4662 |                                     ptls_buffer_push_block(sendbuf, 1, {
      |                                     ^~~~~~~~~~~~~~~~~~~~~~~~~~~~~~~~~~~~
 4663 |                                         size_t sz = tls->cipher_suite->hash->digest_size;
      |                                         ~~~~~~~~~~~~~~~~~~~~~~~~~~~~~~~~~~~~~~~~~~~~~~~~~
 4664 |                                         if ((ret = ptls_buffer_reserve(sendbuf, sz)) != 0)
      |                                         ~~~~~~~~~~~~~~~~~~~~~~~~~~~~~~~~~~~~~~~~~~~~~~~~~~
 4665 |                                             goto Exit;
      |                                             ~~~~~~~~~~
 4666 |                                         key_schedule_extract_ch1hash(tls->key_schedule, sendbuf->base + sendbuf->off);
      |                                         ~~~~~~~~~~~~~~~~~~~~~~~~~~~~~~~~~~~~~~~~~~~~~~~~~~~~~~~~~~~~~~~~~~~~~~~~~~~~~~
 4667 |                                         sendbuf->off += sz;
      |                                         ~~~~~~~~~~~~~~~~~~~
 4668 |                                     });
      |                                     ~~
vendor/picotls/include/picotls.h:1293:22: note: expanded from macro 'ptls_buffer_push_block'
 1293 |         if (capacity != -1) {                                                                                                      \
      |             ~~~~~~~~ ^  ~~
vendor/picotls/include/picotls.h:1290:13: note: expanded from macro 'ptls_buffer_push_block'
 1290 |             block                                                                                                                  \
      |             ^~~~~
vendor/picotls/include/picotls.h:1290:13: note: expanded from macro 'ptls_buffer_push_block'
 1290 |             block                                                                                                                  \
      |             ^~~~~
note: (skipping 5 expansions in backtrace; use -fmacro-backtrace-limit=0 to see all)
vendor/picotls/include/picotls.h:1344:75: note: expanded from macro 'ptls_push_message'
 1344 |         ptls_buffer_push_message_body(_emitter->buf, (key_sched), (type), block);                                                  \
      |                                                                           ^~~~~
vendor/picotls/include/picotls.h:1334:41: note: expanded from macro 'ptls_buffer_push_message_body'
 1334 |         ptls_buffer_push_block(_buf, 3, block);                                                                                    \
      |                                         ^~~~~
vendor/picotls/include/picotls.h:1290:13: note: expanded from macro 'ptls_buffer_push_block'
 1290 |             block                                                                                                                  \
      |             ^~~~~
vendor/picotls/lib/picotls.c:4660:33: warning: comparison of integers of different signs: 'size_t' (aka 'unsigned long') and 'int' [-Wsign-compare]
 4660 |                                 ptls_buffer_push_block(sendbuf, 2, {
      |                                 ^~~~~~~~~~~~~~~~~~~~~~~~~~~~~~~~~~~~
 4661 |                                     /* first block of the cookie data is the hash(ch1) */
      |                                     ~~~~~~~~~~~~~~~~~~~~~~~~~~~~~~~~~~~~~~~~~~~~~~~~~~~~~
 4662 |                                     ptls_buffer_push_block(sendbuf, 1, {
      |                                     ~~~~~~~~~~~~~~~~~~~~~~~~~~~~~~~~~~~~
 4663 |                                         size_t sz = tls->cipher_suite->hash->digest_size;
      |                                         ~~~~~~~~~~~~~~~~~~~~~~~~~~~~~~~~~~~~~~~~~~~~~~~~~
 4664 |                                         if ((ret = ptls_buffer_reserve(sendbuf, sz)) != 0)
      |                                         ~~~~~~~~~~~~~~~~~~~~~~~~~~~~~~~~~~~~~~~~~~~~~~~~~~
 4665 |                                             goto Exit;
      |                                             ~~~~~~~~~~
 4666 |                                         key_schedule_extract_ch1hash(tls->key_schedule, sendbuf->base + sendbuf->off);
      |                                         ~~~~~~~~~~~~~~~~~~~~~~~~~~~~~~~~~~~~~~~~~~~~~~~~~~~~~~~~~~~~~~~~~~~~~~~~~~~~~~
 4667 |                                         sendbuf->off += sz;
      |                                         ~~~~~~~~~~~~~~~~~~~
 4668 |                                     });
      |                                     ~~~
 4669 |                                     /* second is if we have sent key_share extension */
      |                                     ~~~~~~~~~~~~~~~~~~~~~~~~~~~~~~~~~~~~~~~~~~~~~~~~~~~
 4670 |                                     ptls_buffer_push(sendbuf, key_share.algorithm == NULL);
      |                                     ~~~~~~~~~~~~~~~~~~~~~~~~~~~~~~~~~~~~~~~~~~~~~~~~~~~~~~~
 4671 |                                     /* we can add more data here */
      |                                     ~~~~~~~~~~~~~~~~~~~~~~~~~~~~~~~
 4672 |                                 });
      |                                 ~~
vendor/picotls/include/picotls.h:1293:22: note: expanded from macro 'ptls_buffer_push_block'
 1293 |         if (capacity != -1) {                                                                                                      \
      |             ~~~~~~~~ ^  ~~
vendor/picotls/include/picotls.h:1290:13: note: expanded from macro 'ptls_buffer_push_block'
 1290 |             block                                                                                                                  \
      |             ^~~~~
vendor/picotls/lib/picotls.c:894:42: note: expanded from macro 'buffer_push_extension'
  894 |         ptls_buffer_push_block((buf), 2, block);                                                                                   \
      |                                          ^~~~~
note: (skipping 4 expansions in backtrace; use -fmacro-backtrace-limit=0 to see all)
vendor/picotls/include/picotls.h:1344:75: note: expanded from macro 'ptls_push_message'
 1344 |         ptls_buffer_push_message_body(_emitter->buf, (key_sched), (type), block);                                                  \
      |                                                                           ^~~~~
vendor/picotls/include/picotls.h:1334:41: note: expanded from macro 'ptls_buffer_push_message_body'
 1334 |         ptls_buffer_push_block(_buf, 3, block);                                                                                    \
      |                                         ^~~~~
vendor/picotls/include/picotls.h:1290:13: note: expanded from macro 'ptls_buffer_push_block'
 1290 |             block                                                                                                                  \
      |             ^~~~~
vendor/picotls/lib/picotls.c:4675:33: warning: comparison of integers of different signs: 'size_t' (aka 'unsigned long') and 'int' [-Wsign-compare]
 4675 |                                 ptls_buffer_push_block(sendbuf, 1, {
      |                                 ^~~~~~~~~~~~~~~~~~~~~~~~~~~~~~~~~~~~
 4676 |                                     size_t sz = tls->ctx->cipher_suites[0]->hash->digest_size;
      |                                     ~~~~~~~~~~~~~~~~~~~~~~~~~~~~~~~~~~~~~~~~~~~~~~~~~~~~~~~~~~
 4677 |                                     if ((ret = ptls_buffer_reserve(sendbuf, sz)) != 0)
      |                                     ~~~~~~~~~~~~~~~~~~~~~~~~~~~~~~~~~~~~~~~~~~~~~~~~~~
 4678 |                                         goto Exit;
      |                                         ~~~~~~~~~~
 4679 |                                     if ((ret = calc_cookie_signature(tls, properties, negotiated_group,
      |                                     ~~~~~~~~~~~~~~~~~~~~~~~~~~~~~~~~~~~~~~~~~~~~~~~~~~~~~~~~~~~~~~~~~~~
 4680 |                                                                      ptls_iovec_init(sendbuf->base + tbs_start, tbs_len),
      |                                                                      ~~~~~~~~~~~~~~~~~~~~~~~~~~~~~~~~~~~~~~~~~~~~~~~~~~~~
 4681 |                                                                      sendbuf->base + sendbuf->off)) != 0)
      |                                                                      ~~~~~~~~~~~~~~~~~~~~~~~~~~~~~~~~~~~~
 4682 |                                         goto Exit;
      |                                         ~~~~~~~~~~
 4683 |                                     sendbuf->off += sz;
      |                                     ~~~~~~~~~~~~~~~~~~~
 4684 |                                 });
      |                                 ~~
vendor/picotls/include/picotls.h:1287:72: note: expanded from macro 'ptls_buffer_push_block'
 1287 |         ptls_buffer_pushv((buf), (uint8_t *)"\0\0\0\0\0\0\0", capacity != -1 ? capacity : 1);                                      \
      |                                                               ~~~~~~~~ ^  ~~
vendor/picotls/include/picotls.h:1241:57: note: expanded from macro 'ptls_buffer_pushv'
 1241 |         if ((ret = ptls_buffer__do_pushv((buf), (src), (len))) != 0)                                                               \
      |                                                         ^~~
vendor/picotls/include/picotls.h:1290:13: note: expanded from macro 'ptls_buffer_push_block'
 1290 |             block                                                                                                                  \
      |             ^~~~~
note: (skipping 5 expansions in backtrace; use -fmacro-backtrace-limit=0 to see all)
vendor/picotls/include/picotls.h:1344:75: note: expanded from macro 'ptls_push_message'
 1344 |         ptls_buffer_push_message_body(_emitter->buf, (key_sched), (type), block);                                                  \
      |                                                                           ^~~~~
vendor/picotls/include/picotls.h:1334:41: note: expanded from macro 'ptls_buffer_push_message_body'
 1334 |         ptls_buffer_push_block(_buf, 3, block);                                                                                    \
      |                                         ^~~~~
vendor/picotls/include/picotls.h:1290:13: note: expanded from macro 'ptls_buffer_push_block'
 1290 |             block                                                                                                                  \
      |             ^~~~~
vendor/picotls/lib/picotls.c:4675:33: warning: comparison of integers of different signs: 'size_t' (aka 'unsigned long') and 'int' [-Wsign-compare]
 4675 |                                 ptls_buffer_push_block(sendbuf, 1, {
      |                                 ^~~~~~~~~~~~~~~~~~~~~~~~~~~~~~~~~~~~
 4676 |                                     size_t sz = tls->ctx->cipher_suites[0]->hash->digest_size;
      |                                     ~~~~~~~~~~~~~~~~~~~~~~~~~~~~~~~~~~~~~~~~~~~~~~~~~~~~~~~~~~
 4677 |                                     if ((ret = ptls_buffer_reserve(sendbuf, sz)) != 0)
      |                                     ~~~~~~~~~~~~~~~~~~~~~~~~~~~~~~~~~~~~~~~~~~~~~~~~~~
 4678 |                                         goto Exit;
      |                                         ~~~~~~~~~~
 4679 |                                     if ((ret = calc_cookie_signature(tls, properties, negotiated_group,
      |                                     ~~~~~~~~~~~~~~~~~~~~~~~~~~~~~~~~~~~~~~~~~~~~~~~~~~~~~~~~~~~~~~~~~~~
 4680 |                                                                      ptls_iovec_init(sendbuf->base + tbs_start, tbs_len),
      |                                                                      ~~~~~~~~~~~~~~~~~~~~~~~~~~~~~~~~~~~~~~~~~~~~~~~~~~~~
 4681 |                                                                      sendbuf->base + sendbuf->off)) != 0)
      |                                                                      ~~~~~~~~~~~~~~~~~~~~~~~~~~~~~~~~~~~~
 4682 |                                         goto Exit;
      |                                         ~~~~~~~~~~
 4683 |                                     sendbuf->off += sz;
      |                                     ~~~~~~~~~~~~~~~~~~~
 4684 |                                 });
      |                                 ~~
vendor/picotls/include/picotls.h:1293:22: note: expanded from macro 'ptls_buffer_push_block'
 1293 |         if (capacity != -1) {                                                                                                      \
      |             ~~~~~~~~ ^  ~~
vendor/picotls/include/picotls.h:1290:13: note: expanded from macro 'ptls_buffer_push_block'
 1290 |             block                                                                                                                  \
      |             ^~~~~
vendor/picotls/lib/picotls.c:894:42: note: expanded from macro 'buffer_push_extension'
  894 |         ptls_buffer_push_block((buf), 2, block);                                                                                   \
      |                                          ^~~~~
note: (skipping 4 expansions in backtrace; use -fmacro-backtrace-limit=0 to see all)
vendor/picotls/include/picotls.h:1344:75: note: expanded from macro 'ptls_push_message'
 1344 |         ptls_buffer_push_message_body(_emitter->buf, (key_sched), (type), block);                                                  \
      |                                                                           ^~~~~
vendor/picotls/include/picotls.h:1334:41: note: expanded from macro 'ptls_buffer_push_message_body'
 1334 |         ptls_buffer_push_block(_buf, 3, block);                                                                                    \
      |                                         ^~~~~
vendor/picotls/include/picotls.h:1290:13: note: expanded from macro 'ptls_buffer_push_block'
 1290 |             block                                                                                                                  \
      |             ^~~~~
vendor/picotls/lib/picotls.c:4657:29: warning: comparison of integers of different signs: 'size_t' (aka 'unsigned long') and 'int' [-Wsign-compare]
 4657 |                             ptls_buffer_push_block(sendbuf, 2, {
      |                             ^~~~~~~~~~~~~~~~~~~~~~~~~~~~~~~~~~~~
 4658 |                                 /* push to-be-signed data */
      |                                 ~~~~~~~~~~~~~~~~~~~~~~~~~~~~
 4659 |                                 size_t tbs_start = sendbuf->off;
      |                                 ~~~~~~~~~~~~~~~~~~~~~~~~~~~~~~~~
 4660 |                                 ptls_buffer_push_block(sendbuf, 2, {
      |                                 ~~~~~~~~~~~~~~~~~~~~~~~~~~~~~~~~~~~~
 4661 |                                     /* first block of the cookie data is the hash(ch1) */
      |                                     ~~~~~~~~~~~~~~~~~~~~~~~~~~~~~~~~~~~~~~~~~~~~~~~~~~~~~
 4662 |                                     ptls_buffer_push_block(sendbuf, 1, {
      |                                     ~~~~~~~~~~~~~~~~~~~~~~~~~~~~~~~~~~~~
 4663 |                                         size_t sz = tls->cipher_suite->hash->digest_size;
      |                                         ~~~~~~~~~~~~~~~~~~~~~~~~~~~~~~~~~~~~~~~~~~~~~~~~~
 4664 |                                         if ((ret = ptls_buffer_reserve(sendbuf, sz)) != 0)
      |                                         ~~~~~~~~~~~~~~~~~~~~~~~~~~~~~~~~~~~~~~~~~~~~~~~~~~
 4665 |                                             goto Exit;
      |                                             ~~~~~~~~~~
 4666 |                                         key_schedule_extract_ch1hash(tls->key_schedule, sendbuf->base + sendbuf->off);
      |                                         ~~~~~~~~~~~~~~~~~~~~~~~~~~~~~~~~~~~~~~~~~~~~~~~~~~~~~~~~~~~~~~~~~~~~~~~~~~~~~~
 4667 |                                         sendbuf->off += sz;
      |                                         ~~~~~~~~~~~~~~~~~~~
 4668 |                                     });
      |                                     ~~~
 4669 |                                     /* second is if we have sent key_share extension */
      |                                     ~~~~~~~~~~~~~~~~~~~~~~~~~~~~~~~~~~~~~~~~~~~~~~~~~~~
 4670 |                                     ptls_buffer_push(sendbuf, key_share.algorithm == NULL);
      |                                     ~~~~~~~~~~~~~~~~~~~~~~~~~~~~~~~~~~~~~~~~~~~~~~~~~~~~~~~
 4671 |                                     /* we can add more data here */
      |                                     ~~~~~~~~~~~~~~~~~~~~~~~~~~~~~~~
 4672 |                                 });
      |                                 ~~~
vendor/picotls/include/picotls.h:1293:22: note: expanded from macro 'ptls_buffer_push_block'
 1293 |         if (capacity != -1) {                                                                                                      \
      |             ~~~~~~~~ ^  ~~
vendor/picotls/lib/picotls.c:894:42: note: expanded from macro 'buffer_push_extension'
  894 |         ptls_buffer_push_block((buf), 2, block);                                                                                   \
      |                                          ^~~~~
vendor/picotls/include/picotls.h:1290:13: note: expanded from macro 'ptls_buffer_push_block'
 1290 |             block                                                                                                                  \
      |             ^~~~~
note: (skipping 3 expansions in backtrace; use -fmacro-backtrace-limit=0 to see all)
vendor/picotls/include/picotls.h:1344:75: note: expanded from macro 'ptls_push_message'
 1344 |         ptls_buffer_push_message_body(_emitter->buf, (key_sched), (type), block);                                                  \
      |                                                                           ^~~~~
vendor/picotls/include/picotls.h:1334:41: note: expanded from macro 'ptls_buffer_push_message_body'
 1334 |         ptls_buffer_push_block(_buf, 3, block);                                                                                    \
      |                                         ^~~~~
vendor/picotls/include/picotls.h:1290:13: note: expanded from macro 'ptls_buffer_push_block'
 1290 |             block                                                                                                                  \
      |             ^~~~~
vendor/picotls/lib/picotls.c:4656:25: warning: comparison of integers of different signs: 'size_t' (aka 'unsigned long') and 'int' [-Wsign-compare]
 4656 |                         buffer_push_extension(sendbuf, PTLS_EXTENSION_TYPE_COOKIE, {
      |                         ^~~~~~~~~~~~~~~~~~~~~~~~~~~~~~~~~~~~~~~~~~~~~~~~~~~~~~~~~~~~
 4657 |                             ptls_buffer_push_block(sendbuf, 2, {
      |                             ~~~~~~~~~~~~~~~~~~~~~~~~~~~~~~~~~~~~
 4658 |                                 /* push to-be-signed data */
      |                                 ~~~~~~~~~~~~~~~~~~~~~~~~~~~~
 4659 |                                 size_t tbs_start = sendbuf->off;
      |                                 ~~~~~~~~~~~~~~~~~~~~~~~~~~~~~~~~
 4660 |                                 ptls_buffer_push_block(sendbuf, 2, {
      |                                 ~~~~~~~~~~~~~~~~~~~~~~~~~~~~~~~~~~~~
 4661 |                                     /* first block of the cookie data is the hash(ch1) */
      |                                     ~~~~~~~~~~~~~~~~~~~~~~~~~~~~~~~~~~~~~~~~~~~~~~~~~~~~~
 4662 |                                     ptls_buffer_push_block(sendbuf, 1, {
      |                                     ~~~~~~~~~~~~~~~~~~~~~~~~~~~~~~~~~~~~
 4663 |                                         size_t sz = tls->cipher_suite->hash->digest_size;
      |                                         ~~~~~~~~~~~~~~~~~~~~~~~~~~~~~~~~~~~~~~~~~~~~~~~~~
 4664 |                                         if ((ret = ptls_buffer_reserve(sendbuf, sz)) != 0)
      |                                         ~~~~~~~~~~~~~~~~~~~~~~~~~~~~~~~~~~~~~~~~~~~~~~~~~~
 4665 |                                             goto Exit;
      |                                             ~~~~~~~~~~
 4666 |                                         key_schedule_extract_ch1hash(tls->key_schedule, sendbuf->base + sendbuf->off);
      |                                         ~~~~~~~~~~~~~~~~~~~~~~~~~~~~~~~~~~~~~~~~~~~~~~~~~~~~~~~~~~~~~~~~~~~~~~~~~~~~~~
 4667 |                                         sendbuf->off += sz;
      |                                         ~~~~~~~~~~~~~~~~~~~
 4668 |                                     });
      |                                     ~~~
 4669 |                                     /* second is if we have sent key_share extension */
      |                                     ~~~~~~~~~~~~~~~~~~~~~~~~~~~~~~~~~~~~~~~~~~~~~~~~~~~
 4670 |                                     ptls_buffer_push(sendbuf, key_share.algorithm == NULL);
      |                                     ~~~~~~~~~~~~~~~~~~~~~~~~~~~~~~~~~~~~~~~~~~~~~~~~~~~~~~~
 4671 |                                     /* we can add more data here */
      |                                     ~~~~~~~~~~~~~~~~~~~~~~~~~~~~~~~
vendor/picotls/lib/picotls.c:894:9: note: expanded from macro 'buffer_push_extension'
  894 |         ptls_buffer_push_block((buf), 2, block);                                                                                   \
      |         ^~~~~~~~~~~~~~~~~~~~~~~~~~~~~~~~~~~~~~~
vendor/picotls/include/picotls.h:1293:22: note: expanded from macro 'ptls_buffer_push_block'
 1293 |         if (capacity != -1) {                                                                                                      \
      |             ~~~~~~~~ ^  ~~
vendor/picotls/lib/picotls.c:4401:31: note: expanded from macro 'EMIT_HELLO_RETRY_REQUEST'
 4401 |                               additional_extensions                                                                                \
      |                               ^~~~~~~~~~~~~~~~~~~~~
note: (skipping 2 expansions in backtrace; use -fmacro-backtrace-limit=0 to see all)
vendor/picotls/include/picotls.h:1344:75: note: expanded from macro 'ptls_push_message'
 1344 |         ptls_buffer_push_message_body(_emitter->buf, (key_sched), (type), block);                                                  \
      |                                                                           ^~~~~
vendor/picotls/include/picotls.h:1334:41: note: expanded from macro 'ptls_buffer_push_message_body'
 1334 |         ptls_buffer_push_block(_buf, 3, block);                                                                                    \
      |                                         ^~~~~
vendor/picotls/include/picotls.h:1290:13: note: expanded from macro 'ptls_buffer_push_block'
 1290 |             block                                                                                                                  \
      |             ^~~~~
vendor/picotls/lib/picotls.c:4642:13: warning: comparison of integers of different signs: 'size_t' (aka 'unsigned long') and 'int' [-Wsign-compare]
 4642 |             EMIT_HELLO_RETRY_REQUEST(
      |             ^~~~~~~~~~~~~~~~~~~~~~~~~
 4643 |                 tls->key_schedule, key_share.algorithm != NULL ? NULL : negotiated_group,
      |                 ~~~~~~~~~~~~~~~~~~~~~~~~~~~~~~~~~~~~~~~~~~~~~~~~~~~~~~~~~~~~~~~~~~~~~~~~~
 4644 |                 {
      |                 ~
 4645 |                     ptls_buffer_t *sendbuf = emitter->buf;
      |                     ~~~~~~~~~~~~~~~~~~~~~~~~~~~~~~~~~~~~~~
 4646 |                     if (ptls_is_ech_handshake(tls, NULL, NULL, NULL)) {
      |                     ~~~~~~~~~~~~~~~~~~~~~~~~~~~~~~~~~~~~~~~~~~~~~~~~~~~
 4647 |                         buffer_push_extension(sendbuf, PTLS_EXTENSION_TYPE_ENCRYPTED_CLIENT_HELLO, {
      |                         ~~~~~~~~~~~~~~~~~~~~~~~~~~~~~~~~~~~~~~~~~~~~~~~~~~~~~~~~~~~~~~~~~~~~~~~~~~~~
 4648 |                             if ((ret = ptls_buffer_reserve(sendbuf, PTLS_ECH_CONFIRM_LENGTH)) != 0)
      |                             ~~~~~~~~~~~~~~~~~~~~~~~~~~~~~~~~~~~~~~~~~~~~~~~~~~~~~~~~~~~~~~~~~~~~~~~
 4649 |                                 goto Exit;
      |                                 ~~~~~~~~~~
 4650 |                             memset(sendbuf->base + sendbuf->off, 0, PTLS_ECH_CONFIRM_LENGTH);
      |                             ~~~~~~~~~~~~~~~~~~~~~~~~~~~~~~~~~~~~~~~~~~~~~~~~~~~~~~~~~~~~~~~~~
 4651 |                             ech_confirm_off = sendbuf->off;
      |                             ~~~~~~~~~~~~~~~~~~~~~~~~~~~~~~~
 4652 |                             sendbuf->off += PTLS_ECH_CONFIRM_LENGTH;
      |                             ~~~~~~~~~~~~~~~~~~~~~~~~~~~~~~~~~~~~~~~~
 4653 |                         });
      |                         ~~~
 4654 |                     }
      |                     ~
 4655 |                     if (retry_uses_cookie) {
      |                     ~~~~~~~~~~~~~~~~~~~~~~~~
 4656 |                         buffer_push_extension(sendbuf, PTLS_EXTENSION_TYPE_COOKIE, {
      |                         ~~~~~~~~~~~~~~~~~~~~~~~~~~~~~~~~~~~~~~~~~~~~~~~~~~~~~~~~~~~~
 4657 |                             ptls_buffer_push_block(sendbuf, 2, {
      |                             ~~~~~~~~~~~~~~~~~~~~~~~~~~~~~~~~~~~~
vendor/picotls/lib/picotls.c:4393:5: note: expanded from macro 'EMIT_HELLO_RETRY_REQUEST'
 4393 |     EMIT_SERVER_HELLO((sched), { memcpy(emitter->buf->base + emitter->buf->off, hello_retry_random, PTLS_HELLO_RANDOM_SIZE); },    \
      |     ^~~~~~~~~~~~~~~~~~~~~~~~~~~~~~~~~~~~~~~~~~~~~~~~~~~~~~~~~~~~~~~~~~~~~~~~~~~~~~~~~~~~~~~~~~~~~~~~~~~~~~~~~~~~~~~~~~~~~~~~~~~~~~~~
 4394 |                       {                                                                                                            \
      |                       ~~~~~~~~~~~~~~~~~~~~~~~~~~~~~~~~~~~~~~~~~~~~~~~~~~~~~~~~~~~~~~~~~~~~~~~~~~~~~~~~~~~~~~~~~~~~~~~~~~~~~~~~~~~~~~
 4395 |                           ptls_key_exchange_algorithm_t *_negotiated_group = (negotiated_group);                                   \
      |                           ~~~~~~~~~~~~~~~~~~~~~~~~~~~~~~~~~~~~~~~~~~~~~~~~~~~~~~~~~~~~~~~~~~~~~~~~~~~~~~~~~~~~~~~~~~~~~~~~~~~~~~~~~~
 4396 |                           if (_negotiated_group != NULL) {                                                                         \
      |                           ~~~~~~~~~~~~~~~~~~~~~~~~~~~~~~~~~~~~~~~~~~~~~~~~~~~~~~~~~~~~~~~~~~~~~~~~~~~~~~~~~~~~~~~~~~~~~~~~~~~~~~~~~~
 4397 |                               buffer_push_extension(emitter->buf, PTLS_EXTENSION_TYPE_KEY_SHARE,                                   \
      |                               ~~~~~~~~~~~~~~~~~~~~~~~~~~~~~~~~~~~~~~~~~~~~~~~~~~~~~~~~~~~~~~~~~~~~~~~~~~~~~~~~~~~~~~~~~~~~~~~~~~~~~~
 4398 |                                                     { ptls_buffer_push16(emitter->buf, _negotiated_group->id); });                 \
      |                                                     ~~~~~~~~~~~~~~~~~~~~~~~~~~~~~~~~~~~~~~~~~~~~~~~~~~~~~~~~~~~~~~~~~~~~~~~~~~~~~~~~
 4399 |                           }                                                                                                        \
      |                           ~~~~~~~~~~~~~~~~~~~~~~~~~~~~~~~~~~~~~~~~~~~~~~~~~~~~~~~~~~~~~~~~~~~~~~~~~~~~~~~~~~~~~~~~~~~~~~~~~~~~~~~~~~
 4400 |                           do {                                                                                                     \
      |                           ~~~~~~~~~~~~~~~~~~~~~~~~~~~~~~~~~~~~~~~~~~~~~~~~~~~~~~~~~~~~~~~~~~~~~~~~~~~~~~~~~~~~~~~~~~~~~~~~~~~~~~~~~~
 4401 |                               additional_extensions                                                                                \
      |                               ~~~~~~~~~~~~~~~~~~~~~~~~~~~~~~~~~~~~~~~~~~~~~~~~~~~~~~~~~~~~~~~~~~~~~~~~~~~~~~~~~~~~~~~~~~~~~~~~~~~~~~
 4402 |                           } while (0);                                                                                             \
      |                           ~~~~~~~~~~~~~~~~~~~~~~~~~~~~~~~~~~~~~~~~~~~~~~~~~~~~~~~~~~~~~~~~~~~~~~~~~~~~~~~~~~~~~~~~~~~~~~~~~~~~~~~~~~
 4403 |                       },                                                                                                           \
      |                       ~~~~~~~~~~~~~~~~~~~~~~~~~~~~~~~~~~~~~~~~~~~~~~~~~~~~~~~~~~~~~~~~~~~~~~~~~~~~~~~~~~~~~~~~~~~~~~~~~~~~~~~~~~~~~~
 4404 |                       post_action)
      |                       ~~~~~~~~~~~~
vendor/picotls/lib/picotls.c:4378:13: note: expanded from macro 'EMIT_SERVER_HELLO'
 4378 |             ptls_buffer_push_block(emitter->buf, 2, {                                                                              \
      |             ^~~~~~~~~~~~~~~~~~~~~~~~~~~~~~~~~~~~~~~~~~~~~~~~~~~~~~~~~~~~~~~~~~~~~~~~~~~~~~~~~~~~~~~~~~~~~~~~~~~~~~~~~~~~~~~~~~~~~~~~
 4379 |                 buffer_push_extension(emitter->buf, PTLS_EXTENSION_TYPE_SUPPORTED_VERSIONS,                                        \
      |                 ~~~~~~~~~~~~~~~~~~~~~~~~~~~~~~~~~~~~~~~~~~~~~~~~~~~~~~~~~~~~~~~~~~~~~~~~~~~~~~~~~~~~~~~~~~~~~~~~~~~~~~~~~~~~~~~~~~~~
 4380 |                                       { ptls_buffer_push16(emitter->buf, ch->selected_version); });                                \
      |                                       ~~~~~~~~~~~~~~~~~~~~~~~~~~~~~~~~~~~~~~~~~~~~~~~~~~~~~~~~~~~~~~~~~~~~~~~~~~~~~~~~~~~~~~~~~~~~~~
 4381 |                 do {                                                                                                               \
      |                 ~~~~~~~~~~~~~~~~~~~~~~~~~~~~~~~~~~~~~~~~~~~~~~~~~~~~~~~~~~~~~~~~~~~~~~~~~~~~~~~~~~~~~~~~~~~~~~~~~~~~~~~~~~~~~~~~~~~~
 4382 |                     extensions                                                                                                     \
      |                     ~~~~~~~~~~~~~~~~~~~~~~~~~~~~~~~~~~~~~~~~~~~~~~~~~~~~~~~~~~~~~~~~~~~~~~~~~~~~~~~~~~~~~~~~~~~~~~~~~~~~~~~~~~~~~~~~
 4383 |                 } while (0);                                                                                                       \
      |                 ~~~~~~~~~~~~~~~~~~~~~~~~~~~~~~~~~~~~~~~~~~~~~~~~~~~~~~~~~~~~~~~~~~~~~~~~~~~~~~~~~~~~~~~~~~~~~~~~~~~~~~~~~~~~~~~~~~~~
 4384 |             });                                                                                                                    \
      |             ~~
vendor/picotls/include/picotls.h:1293:22: note: expanded from macro 'ptls_buffer_push_block'
 1293 |         if (capacity != -1) {                                                                                                      \
      |             ~~~~~~~~ ^  ~~
vendor/picotls/include/picotls.h:1344:75: note: expanded from macro 'ptls_push_message'
 1344 |         ptls_buffer_push_message_body(_emitter->buf, (key_sched), (type), block);                                                  \
      |                                                                           ^~~~~
vendor/picotls/include/picotls.h:1334:41: note: expanded from macro 'ptls_buffer_push_message_body'
 1334 |         ptls_buffer_push_block(_buf, 3, block);                                                                                    \
      |                                         ^~~~~
vendor/picotls/include/picotls.h:1290:13: note: expanded from macro 'ptls_buffer_push_block'
 1290 |             block                                                                                                                  \
      |             ^~~~~
vendor/picotls/lib/picotls.c:4642:13: warning: comparison of integers of different signs: 'size_t' (aka 'unsigned long') and 'int' [-Wsign-compare]
 4642 |             EMIT_HELLO_RETRY_REQUEST(
      |             ^~~~~~~~~~~~~~~~~~~~~~~~~
 4643 |                 tls->key_schedule, key_share.algorithm != NULL ? NULL : negotiated_group,
      |                 ~~~~~~~~~~~~~~~~~~~~~~~~~~~~~~~~~~~~~~~~~~~~~~~~~~~~~~~~~~~~~~~~~~~~~~~~~
 4644 |                 {
      |                 ~
 4645 |                     ptls_buffer_t *sendbuf = emitter->buf;
      |                     ~~~~~~~~~~~~~~~~~~~~~~~~~~~~~~~~~~~~~~
 4646 |                     if (ptls_is_ech_handshake(tls, NULL, NULL, NULL)) {
      |                     ~~~~~~~~~~~~~~~~~~~~~~~~~~~~~~~~~~~~~~~~~~~~~~~~~~~
 4647 |                         buffer_push_extension(sendbuf, PTLS_EXTENSION_TYPE_ENCRYPTED_CLIENT_HELLO, {
      |                         ~~~~~~~~~~~~~~~~~~~~~~~~~~~~~~~~~~~~~~~~~~~~~~~~~~~~~~~~~~~~~~~~~~~~~~~~~~~~
 4648 |                             if ((ret = ptls_buffer_reserve(sendbuf, PTLS_ECH_CONFIRM_LENGTH)) != 0)
      |                             ~~~~~~~~~~~~~~~~~~~~~~~~~~~~~~~~~~~~~~~~~~~~~~~~~~~~~~~~~~~~~~~~~~~~~~~
 4649 |                                 goto Exit;
      |                                 ~~~~~~~~~~
 4650 |                             memset(sendbuf->base + sendbuf->off, 0, PTLS_ECH_CONFIRM_LENGTH);
      |                             ~~~~~~~~~~~~~~~~~~~~~~~~~~~~~~~~~~~~~~~~~~~~~~~~~~~~~~~~~~~~~~~~~
 4651 |                             ech_confirm_off = sendbuf->off;
      |                             ~~~~~~~~~~~~~~~~~~~~~~~~~~~~~~~
 4652 |                             sendbuf->off += PTLS_ECH_CONFIRM_LENGTH;
      |                             ~~~~~~~~~~~~~~~~~~~~~~~~~~~~~~~~~~~~~~~~
 4653 |                         });
      |                         ~~~
 4654 |                     }
      |                     ~
 4655 |                     if (retry_uses_cookie) {
      |                     ~~~~~~~~~~~~~~~~~~~~~~~~
 4656 |                         buffer_push_extension(sendbuf, PTLS_EXTENSION_TYPE_COOKIE, {
      |                         ~~~~~~~~~~~~~~~~~~~~~~~~~~~~~~~~~~~~~~~~~~~~~~~~~~~~~~~~~~~~
 4657 |                             ptls_buffer_push_block(sendbuf, 2, {
      |                             ~~~~~~~~~~~~~~~~~~~~~~~~~~~~~~~~~~~~
vendor/picotls/lib/picotls.c:4393:5: note: expanded from macro 'EMIT_HELLO_RETRY_REQUEST'
 4393 |     EMIT_SERVER_HELLO((sched), { memcpy(emitter->buf->base + emitter->buf->off, hello_retry_random, PTLS_HELLO_RANDOM_SIZE); },    \
      |     ^~~~~~~~~~~~~~~~~~~~~~~~~~~~~~~~~~~~~~~~~~~~~~~~~~~~~~~~~~~~~~~~~~~~~~~~~~~~~~~~~~~~~~~~~~~~~~~~~~~~~~~~~~~~~~~~~~~~~~~~~~~~~~~~
 4394 |                       {                                                                                                            \
      |                       ~~~~~~~~~~~~~~~~~~~~~~~~~~~~~~~~~~~~~~~~~~~~~~~~~~~~~~~~~~~~~~~~~~~~~~~~~~~~~~~~~~~~~~~~~~~~~~~~~~~~~~~~~~~~~~
 4395 |                           ptls_key_exchange_algorithm_t *_negotiated_group = (negotiated_group);                                   \
      |                           ~~~~~~~~~~~~~~~~~~~~~~~~~~~~~~~~~~~~~~~~~~~~~~~~~~~~~~~~~~~~~~~~~~~~~~~~~~~~~~~~~~~~~~~~~~~~~~~~~~~~~~~~~~
 4396 |                           if (_negotiated_group != NULL) {                                                                         \
      |                           ~~~~~~~~~~~~~~~~~~~~~~~~~~~~~~~~~~~~~~~~~~~~~~~~~~~~~~~~~~~~~~~~~~~~~~~~~~~~~~~~~~~~~~~~~~~~~~~~~~~~~~~~~~
 4397 |                               buffer_push_extension(emitter->buf, PTLS_EXTENSION_TYPE_KEY_SHARE,                                   \
      |                               ~~~~~~~~~~~~~~~~~~~~~~~~~~~~~~~~~~~~~~~~~~~~~~~~~~~~~~~~~~~~~~~~~~~~~~~~~~~~~~~~~~~~~~~~~~~~~~~~~~~~~~
 4398 |                                                     { ptls_buffer_push16(emitter->buf, _negotiated_group->id); });                 \
      |                                                     ~~~~~~~~~~~~~~~~~~~~~~~~~~~~~~~~~~~~~~~~~~~~~~~~~~~~~~~~~~~~~~~~~~~~~~~~~~~~~~~~
 4399 |                           }                                                                                                        \
      |                           ~~~~~~~~~~~~~~~~~~~~~~~~~~~~~~~~~~~~~~~~~~~~~~~~~~~~~~~~~~~~~~~~~~~~~~~~~~~~~~~~~~~~~~~~~~~~~~~~~~~~~~~~~~
 4400 |                           do {                                                                                                     \
      |                           ~~~~~~~~~~~~~~~~~~~~~~~~~~~~~~~~~~~~~~~~~~~~~~~~~~~~~~~~~~~~~~~~~~~~~~~~~~~~~~~~~~~~~~~~~~~~~~~~~~~~~~~~~~
 4401 |                               additional_extensions                                                                                \
      |                               ~~~~~~~~~~~~~~~~~~~~~~~~~~~~~~~~~~~~~~~~~~~~~~~~~~~~~~~~~~~~~~~~~~~~~~~~~~~~~~~~~~~~~~~~~~~~~~~~~~~~~~
 4402 |                           } while (0);                                                                                             \
      |                           ~~~~~~~~~~~~~~~~~~~~~~~~~~~~~~~~~~~~~~~~~~~~~~~~~~~~~~~~~~~~~~~~~~~~~~~~~~~~~~~~~~~~~~~~~~~~~~~~~~~~~~~~~~
 4403 |                       },                                                                                                           \
      |                       ~~~~~~~~~~~~~~~~~~~~~~~~~~~~~~~~~~~~~~~~~~~~~~~~~~~~~~~~~~~~~~~~~~~~~~~~~~~~~~~~~~~~~~~~~~~~~~~~~~~~~~~~~~~~~~
 4404 |                       post_action)
      |                       ~~~~~~~~~~~~
vendor/picotls/lib/picotls.c:4365:9: note: expanded from macro 'EMIT_SERVER_HELLO'
 4365 |         ptls_push_message(emitter, NULL, PTLS_HANDSHAKE_TYPE_SERVER_HELLO, {                                                       \
      |         ^~~~~~~~~~~~~~~~~~~~~~~~~~~~~~~~~~~~~~~~~~~~~~~~~~~~~~~~~~~~~~~~~~~~~~~~~~~~~~~~~~~~~~~~~~~~~~~~~~~~~~~~~~~~~~~~~~~~~~~~~~~~
 4366 |             sh_start_off = emitter->buf->off - PTLS_HANDSHAKE_HEADER_SIZE;                                                         \
      |             ~~~~~~~~~~~~~~~~~~~~~~~~~~~~~~~~~~~~~~~~~~~~~~~~~~~~~~~~~~~~~~~~~~~~~~~~~~~~~~~~~~~~~~~~~~~~~~~~~~~~~~~~~~~~~~~~~~~~~~~~
 4367 |             ptls_buffer_push16(emitter->buf, 0x0303 /* legacy version */);                                                         \
      |             ~~~~~~~~~~~~~~~~~~~~~~~~~~~~~~~~~~~~~~~~~~~~~~~~~~~~~~~~~~~~~~~~~~~~~~~~~~~~~~~~~~~~~~~~~~~~~~~~~~~~~~~~~~~~~~~~~~~~~~~~
 4368 |             if ((ret = ptls_buffer_reserve(emitter->buf, PTLS_HELLO_RANDOM_SIZE)) != 0)                                            \
      |             ~~~~~~~~~~~~~~~~~~~~~~~~~~~~~~~~~~~~~~~~~~~~~~~~~~~~~~~~~~~~~~~~~~~~~~~~~~~~~~~~~~~~~~~~~~~~~~~~~~~~~~~~~~~~~~~~~~~~~~~~
 4369 |                 goto Exit;                                                                                                         \
      |                 ~~~~~~~~~~~~~~~~~~~~~~~~~~~~~~~~~~~~~~~~~~~~~~~~~~~~~~~~~~~~~~~~~~~~~~~~~~~~~~~~~~~~~~~~~~~~~~~~~~~~~~~~~~~~~~~~~~~~
 4370 |             do {                                                                                                                   \
      |             ~~~~~~~~~~~~~~~~~~~~~~~~~~~~~~~~~~~~~~~~~~~~~~~~~~~~~~~~~~~~~~~~~~~~~~~~~~~~~~~~~~~~~~~~~~~~~~~~~~~~~~~~~~~~~~~~~~~~~~~~
 4371 |                 fill_rand                                                                                                          \
      |                 ~~~~~~~~~~~~~~~~~~~~~~~~~~~~~~~~~~~~~~~~~~~~~~~~~~~~~~~~~~~~~~~~~~~~~~~~~~~~~~~~~~~~~~~~~~~~~~~~~~~~~~~~~~~~~~~~~~~~
 4372 |             } while (0);                                                                                                           \
      |             ~~~~~~~~~~~~~~~~~~~~~~~~~~~~~~~~~~~~~~~~~~~~~~~~~~~~~~~~~~~~~~~~~~~~~~~~~~~~~~~~~~~~~~~~~~~~~~~~~~~~~~~~~~~~~~~~~~~~~~~~
 4373 |             emitter->buf->off += PTLS_HELLO_RANDOM_SIZE;                                                                           \
      |             ~~~~~~~~~~~~~~~~~~~~~~~~~~~~~~~~~~~~~~~~~~~~~~~~~~~~~~~~~~~~~~~~~~~~~~~~~~~~~~~~~~~~~~~~~~~~~~~~~~~~~~~~~~~~~~~~~~~~~~~~
 4374 |             ptls_buffer_push_block(emitter->buf, 1,                                                                                \
      |             ~~~~~~~~~~~~~~~~~~~~~~~~~~~~~~~~~~~~~~~~~~~~~~~~~~~~~~~~~~~~~~~~~~~~~~~~~~~~~~~~~~~~~~~~~~~~~~~~~~~~~~~~~~~~~~~~~~~~~~~~
 4375 |                                    { ptls_buffer_pushv(emitter->buf, ch->legacy_session_id.base, ch->legacy_session_id.len); });   \
      |                                    ~~~~~~~~~~~~~~~~~~~~~~~~~~~~~~~~~~~~~~~~~~~~~~~~~~~~~~~~~~~~~~~~~~~~~~~~~~~~~~~~~~~~~~~~~~~~~~~~~
 4376 |             ptls_buffer_push16(emitter->buf, tls->cipher_suite->id);                                                               \
      |             ~~~~~~~~~~~~~~~~~~~~~~~~~~~~~~~~~~~~~~~~~~~~~~~~~~~~~~~~~~~~~~~~~~~~~~~~~~~~~~~~~~~~~~~~~~~~~~~~~~~~~~~~~~~~~~~~~~~~~~~~
 4377 |             ptls_buffer_push(emitter->buf, 0);                                                                                     \
      |             ~~~~~~~~~~~~~~~~~~~~~~~~~~~~~~~~~~~~~~~~~~~~~~~~~~~~~~~~~~~~~~~~~~~~~~~~~~~~~~~~~~~~~~~~~~~~~~~~~~~~~~~~~~~~~~~~~~~~~~~~
 4378 |             ptls_buffer_push_block(emitter->buf, 2, {                                                                              \
      |             ~~~~~~~~~~~~~~~~~~~~~~~~~~~~~~~~~~~~~~~~~~~~~~~~~~~~~~~~~~~~~~~~~~~~~~~~~~~~~~~~~~~~~~~~~~~~~~~~~~~~~~~~~~~~~~~~~~~~~~~~
 4379 |                 buffer_push_extension(emitter->buf, PTLS_EXTENSION_TYPE_SUPPORTED_VERSIONS,                                        \
      |                 ~~~~~~~~~~~~~~~~~~~~~~~~~~~~~~~~~~~~~~~~~~~~~~~~~~~~~~~~~~~~~~~~~~~~~~~~~~~~~~~~~~~~~~~~~~~~~~~~~~~~~~~~~~~~~~~~~~~~
 4380 |                                       { ptls_buffer_push16(emitter->buf, ch->selected_version); });                                \
      |                                       ~~~~~~~~~~~~~~~~~~~~~~~~~~~~~~~~~~~~~~~~~~~~~~~~~~~~~~~~~~~~~~~~~~~~~~~~~~~~~~~~~~~~~~~~~~~~~~
vendor/picotls/include/picotls.h:1344:9: note: expanded from macro 'ptls_push_message'
 1344 |         ptls_buffer_push_message_body(_emitter->buf, (key_sched), (type), block);                                                  \
      |         ^~~~~~~~~~~~~~~~~~~~~~~~~~~~~~~~~~~~~~~~~~~~~~~~~~~~~~~~~~~~~~~~~~~~~~~~
vendor/picotls/include/picotls.h:1334:9: note: expanded from macro 'ptls_buffer_push_message_body'
 1334 |         ptls_buffer_push_block(_buf, 3, block);                                                                                    \
      |         ^~~~~~~~~~~~~~~~~~~~~~~~~~~~~~~~~~~~~~
vendor/picotls/include/picotls.h:1293:22: note: expanded from macro 'ptls_buffer_push_block'
 1293 |         if (capacity != -1) {                                                                                                      \
      |             ~~~~~~~~ ^  ~~
vendor/picotls/lib/picotls.c:4807:9: warning: comparison of integers of different signs: 'size_t' (aka 'unsigned long') and 'int' [-Wsign-compare]
 4807 |         EMIT_SERVER_HELLO(
      |         ^~~~~~~~~~~~~~~~~~
 4808 |             tls->key_schedule,
      |             ~~~~~~~~~~~~~~~~~~
 4809 |             {
      |             ~
 4810 |                 tls->ctx->random_bytes(emitter->buf->base + emitter->buf->off, PTLS_HELLO_RANDOM_SIZE);
      |                 ~~~~~~~~~~~~~~~~~~~~~~~~~~~~~~~~~~~~~~~~~~~~~~~~~~~~~~~~~~~~~~~~~~~~~~~~~~~~~~~~~~~~~~~
 4811 |                 /* when accepting CHInner, last 8 byte of SH.random is zero for the handshake transcript */
      |                 ~~~~~~~~~~~~~~~~~~~~~~~~~~~~~~~~~~~~~~~~~~~~~~~~~~~~~~~~~~~~~~~~~~~~~~~~~~~~~~~~~~~~~~~~~~~
 4812 |                 if (ptls_is_ech_handshake(tls, NULL, NULL, NULL)) {
      |                 ~~~~~~~~~~~~~~~~~~~~~~~~~~~~~~~~~~~~~~~~~~~~~~~~~~~
 4813 |                     ech_confirm_off = emitter->buf->off + PTLS_HELLO_RANDOM_SIZE - PTLS_ECH_CONFIRM_LENGTH;
      |                     ~~~~~~~~~~~~~~~~~~~~~~~~~~~~~~~~~~~~~~~~~~~~~~~~~~~~~~~~~~~~~~~~~~~~~~~~~~~~~~~~~~~~~~~
 4814 |                     memset(emitter->buf->base + ech_confirm_off, 0, PTLS_ECH_CONFIRM_LENGTH);
      |                     ~~~~~~~~~~~~~~~~~~~~~~~~~~~~~~~~~~~~~~~~~~~~~~~~~~~~~~~~~~~~~~~~~~~~~~~~~
 4815 |                 }
      |                 ~
 4816 |             },
      |             ~~
 4817 |             {
      |             ~
 4818 |                 ptls_buffer_t *sendbuf = emitter->buf;
      |                 ~~~~~~~~~~~~~~~~~~~~~~~~~~~~~~~~~~~~~~
 4819 |                 if (mode != HANDSHAKE_MODE_PSK) {
      |                 ~~~~~~~~~~~~~~~~~~~~~~~~~~~~~~~~~
 4820 |                     buffer_push_extension(sendbuf, PTLS_EXTENSION_TYPE_KEY_SHARE, {
      |                     ~~~~~~~~~~~~~~~~~~~~~~~~~~~~~~~~~~~~~~~~~~~~~~~~~~~~~~~~~~~~~~~
 4821 |                         ptls_buffer_push16(sendbuf, key_share.algorithm->id);
      |                         ~~~~~~~~~~~~~~~~~~~~~~~~~~~~~~~~~~~~~~~~~~~~~~~~~~~~~
 4822 |                         ptls_buffer_push_block(sendbuf, 2, { ptls_buffer_pushv(sendbuf, pubkey.base, pubkey.len); });
      |                         ~~~~~~~~~~~~~~~~~~~~~~~~~~~~~~~~~~~~~~~~~~~~~~~~~~~~~~~~~~~~~~~~~~~~~~~~~~~~~~~~~~~~~~~~~~~~~
vendor/picotls/lib/picotls.c:4365:9: note: expanded from macro 'EMIT_SERVER_HELLO'
 4365 |         ptls_push_message(emitter, NULL, PTLS_HANDSHAKE_TYPE_SERVER_HELLO, {                                                       \
      |         ^~~~~~~~~~~~~~~~~~~~~~~~~~~~~~~~~~~~~~~~~~~~~~~~~~~~~~~~~~~~~~~~~~~~~~~~~~~~~~~~~~~~~~~~~~~~~~~~~~~~~~~~~~~~~~~~~~~~~~~~~~~~
 4366 |             sh_start_off = emitter->buf->off - PTLS_HANDSHAKE_HEADER_SIZE;                                                         \
      |             ~~~~~~~~~~~~~~~~~~~~~~~~~~~~~~~~~~~~~~~~~~~~~~~~~~~~~~~~~~~~~~~~~~~~~~~~~~~~~~~~~~~~~~~~~~~~~~~~~~~~~~~~~~~~~~~~~~~~~~~~
 4367 |             ptls_buffer_push16(emitter->buf, 0x0303 /* legacy version */);                                                         \
      |             ~~~~~~~~~~~~~~~~~~~~~~~~~~~~~~~~~~~~~~~~~~~~~~~~~~~~~~~~~~~~~~~~~~~~~~~~~~~~~~~~~~~~~~~~~~~~~~~~~~~~~~~~~~~~~~~~~~~~~~~~
 4368 |             if ((ret = ptls_buffer_reserve(emitter->buf, PTLS_HELLO_RANDOM_SIZE)) != 0)                                            \
      |             ~~~~~~~~~~~~~~~~~~~~~~~~~~~~~~~~~~~~~~~~~~~~~~~~~~~~~~~~~~~~~~~~~~~~~~~~~~~~~~~~~~~~~~~~~~~~~~~~~~~~~~~~~~~~~~~~~~~~~~~~
 4369 |                 goto Exit;                                                                                                         \
      |                 ~~~~~~~~~~~~~~~~~~~~~~~~~~~~~~~~~~~~~~~~~~~~~~~~~~~~~~~~~~~~~~~~~~~~~~~~~~~~~~~~~~~~~~~~~~~~~~~~~~~~~~~~~~~~~~~~~~~~
 4370 |             do {                                                                                                                   \
      |             ~~~~~~~~~~~~~~~~~~~~~~~~~~~~~~~~~~~~~~~~~~~~~~~~~~~~~~~~~~~~~~~~~~~~~~~~~~~~~~~~~~~~~~~~~~~~~~~~~~~~~~~~~~~~~~~~~~~~~~~~
 4371 |                 fill_rand                                                                                                          \
      |                 ~~~~~~~~~~~~~~~~~~~~~~~~~~~~~~~~~~~~~~~~~~~~~~~~~~~~~~~~~~~~~~~~~~~~~~~~~~~~~~~~~~~~~~~~~~~~~~~~~~~~~~~~~~~~~~~~~~~~
 4372 |             } while (0);                                                                                                           \
      |             ~~~~~~~~~~~~~~~~~~~~~~~~~~~~~~~~~~~~~~~~~~~~~~~~~~~~~~~~~~~~~~~~~~~~~~~~~~~~~~~~~~~~~~~~~~~~~~~~~~~~~~~~~~~~~~~~~~~~~~~~
 4373 |             emitter->buf->off += PTLS_HELLO_RANDOM_SIZE;                                                                           \
      |             ~~~~~~~~~~~~~~~~~~~~~~~~~~~~~~~~~~~~~~~~~~~~~~~~~~~~~~~~~~~~~~~~~~~~~~~~~~~~~~~~~~~~~~~~~~~~~~~~~~~~~~~~~~~~~~~~~~~~~~~~
 4374 |             ptls_buffer_push_block(emitter->buf, 1,                                                                                \
      |             ~~~~~~~~~~~~~~~~~~~~~~~~~~~~~~~~~~~~~~~~~~~~~~~~~~~~~~~~~~~~~~~~~~~~~~~~~~~~~~~~~~~~~~~~~~~~~~~~~~~~~~~~~~~~~~~~~~~~~~~~
 4375 |                                    { ptls_buffer_pushv(emitter->buf, ch->legacy_session_id.base, ch->legacy_session_id.len); });   \
      |                                    ~~~~~~~~~~~~~~~~~~~~~~~~~~~~~~~~~~~~~~~~~~~~~~~~~~~~~~~~~~~~~~~~~~~~~~~~~~~~~~~~~~~~~~~~~~~~~~~~~
 4376 |             ptls_buffer_push16(emitter->buf, tls->cipher_suite->id);                                                               \
      |             ~~~~~~~~~~~~~~~~~~~~~~~~~~~~~~~~~~~~~~~~~~~~~~~~~~~~~~~~~~~~~~~~~~~~~~~~~~~~~~~~~~~~~~~~~~~~~~~~~~~~~~~~~~~~~~~~~~~~~~~~
 4377 |             ptls_buffer_push(emitter->buf, 0);                                                                                     \
      |             ~~~~~~~~~~~~~~~~~~~~~~~~~~~~~~~~~~~~~~~~~~~~~~~~~~~~~~~~~~~~~~~~~~~~~~~~~~~~~~~~~~~~~~~~~~~~~~~~~~~~~~~~~~~~~~~~~~~~~~~~
 4378 |             ptls_buffer_push_block(emitter->buf, 2, {                                                                              \
      |             ~~~~~~~~~~~~~~~~~~~~~~~~~~~~~~~~~~~~~~~~~~~~~~~~~~~~~~~~~~~~~~~~~~~~~~~~~~~~~~~~~~~~~~~~~~~~~~~~~~~~~~~~~~~~~~~~~~~~~~~~
 4379 |                 buffer_push_extension(emitter->buf, PTLS_EXTENSION_TYPE_SUPPORTED_VERSIONS,                                        \
      |                 ~~~~~~~~~~~~~~~~~~~~~~~~~~~~~~~~~~~~~~~~~~~~~~~~~~~~~~~~~~~~~~~~~~~~~~~~~~~~~~~~~~~~~~~~~~~~~~~~~~~~~~~~~~~~~~~~~~~~
 4380 |                                       { ptls_buffer_push16(emitter->buf, ch->selected_version); });                                \
      |                                       ~~~~~~~~~~~~~~~~~~~~~~~~~~~~~~~~~~~~~~~~~~~~~~~~~~~~~~~~~~~~~~~~~~~~~~~~~~~~~~~~~~~~~~~~~~~~~~
vendor/picotls/include/picotls.h:1344:9: note: expanded from macro 'ptls_push_message'
 1344 |         ptls_buffer_push_message_body(_emitter->buf, (key_sched), (type), block);                                                  \
      |         ^~~~~~~~~~~~~~~~~~~~~~~~~~~~~~~~~~~~~~~~~~~~~~~~~~~~~~~~~~~~~~~~~~~~~~~~
vendor/picotls/include/picotls.h:1334:9: note: expanded from macro 'ptls_buffer_push_message_body'
 1334 |         ptls_buffer_push_block(_buf, 3, block);                                                                                    \
      |         ^~~~~~~~~~~~~~~~~~~~~~~~~~~~~~~~~~~~~~
vendor/picotls/include/picotls.h:1287:72: note: expanded from macro 'ptls_buffer_push_block'
 1287 |         ptls_buffer_pushv((buf), (uint8_t *)"\0\0\0\0\0\0\0", capacity != -1 ? capacity : 1);                                      \
      |                                                               ~~~~~~~~ ^  ~~
vendor/picotls/include/picotls.h:1241:57: note: expanded from macro 'ptls_buffer_pushv'
 1241 |         if ((ret = ptls_buffer__do_pushv((buf), (src), (len))) != 0)                                                               \
      |                                                         ^~~
vendor/picotls/lib/picotls.c:4807:9: warning: comparison of integers of different signs: 'size_t' (aka 'unsigned long') and 'int' [-Wsign-compare]
 4807 |         EMIT_SERVER_HELLO(
      |         ^~~~~~~~~~~~~~~~~~
 4808 |             tls->key_schedule,
      |             ~~~~~~~~~~~~~~~~~~
 4809 |             {
      |             ~
 4810 |                 tls->ctx->random_bytes(emitter->buf->base + emitter->buf->off, PTLS_HELLO_RANDOM_SIZE);
      |                 ~~~~~~~~~~~~~~~~~~~~~~~~~~~~~~~~~~~~~~~~~~~~~~~~~~~~~~~~~~~~~~~~~~~~~~~~~~~~~~~~~~~~~~~
 4811 |                 /* when accepting CHInner, last 8 byte of SH.random is zero for the handshake transcript */
      |                 ~~~~~~~~~~~~~~~~~~~~~~~~~~~~~~~~~~~~~~~~~~~~~~~~~~~~~~~~~~~~~~~~~~~~~~~~~~~~~~~~~~~~~~~~~~~
 4812 |                 if (ptls_is_ech_handshake(tls, NULL, NULL, NULL)) {
      |                 ~~~~~~~~~~~~~~~~~~~~~~~~~~~~~~~~~~~~~~~~~~~~~~~~~~~
 4813 |                     ech_confirm_off = emitter->buf->off + PTLS_HELLO_RANDOM_SIZE - PTLS_ECH_CONFIRM_LENGTH;
      |                     ~~~~~~~~~~~~~~~~~~~~~~~~~~~~~~~~~~~~~~~~~~~~~~~~~~~~~~~~~~~~~~~~~~~~~~~~~~~~~~~~~~~~~~~
 4814 |                     memset(emitter->buf->base + ech_confirm_off, 0, PTLS_ECH_CONFIRM_LENGTH);
      |                     ~~~~~~~~~~~~~~~~~~~~~~~~~~~~~~~~~~~~~~~~~~~~~~~~~~~~~~~~~~~~~~~~~~~~~~~~~
 4815 |                 }
      |                 ~
 4816 |             },
      |             ~~
 4817 |             {
      |             ~
 4818 |                 ptls_buffer_t *sendbuf = emitter->buf;
      |                 ~~~~~~~~~~~~~~~~~~~~~~~~~~~~~~~~~~~~~~
 4819 |                 if (mode != HANDSHAKE_MODE_PSK) {
      |                 ~~~~~~~~~~~~~~~~~~~~~~~~~~~~~~~~~
 4820 |                     buffer_push_extension(sendbuf, PTLS_EXTENSION_TYPE_KEY_SHARE, {
      |                     ~~~~~~~~~~~~~~~~~~~~~~~~~~~~~~~~~~~~~~~~~~~~~~~~~~~~~~~~~~~~~~~
 4821 |                         ptls_buffer_push16(sendbuf, key_share.algorithm->id);
      |                         ~~~~~~~~~~~~~~~~~~~~~~~~~~~~~~~~~~~~~~~~~~~~~~~~~~~~~
 4822 |                         ptls_buffer_push_block(sendbuf, 2, { ptls_buffer_pushv(sendbuf, pubkey.base, pubkey.len); });
      |                         ~~~~~~~~~~~~~~~~~~~~~~~~~~~~~~~~~~~~~~~~~~~~~~~~~~~~~~~~~~~~~~~~~~~~~~~~~~~~~~~~~~~~~~~~~~~~~
vendor/picotls/lib/picotls.c:4374:13: note: expanded from macro 'EMIT_SERVER_HELLO'
 4374 |             ptls_buffer_push_block(emitter->buf, 1,                                                                                \
      |             ^~~~~~~~~~~~~~~~~~~~~~~~~~~~~~~~~~~~~~~~~~~~~~~~~~~~~~~~~~~~~~~~~~~~~~~~~~~~~~~~~~~~~~~~~~~~~~~~~~~~~~~~~~~~~~~~~~~~~~~~
 4375 |                                    { ptls_buffer_pushv(emitter->buf, ch->legacy_session_id.base, ch->legacy_session_id.len); });   \
      |                                    ~~~~~~~~~~~~~~~~~~~~~~~~~~~~~~~~~~~~~~~~~~~~~~~~~~~~~~~~~~~~~~~~~~~~~~~~~~~~~~~~~~~~~~~~~~~~
vendor/picotls/include/picotls.h:1287:72: note: expanded from macro 'ptls_buffer_push_block'
 1287 |         ptls_buffer_pushv((buf), (uint8_t *)"\0\0\0\0\0\0\0", capacity != -1 ? capacity : 1);                                      \
      |                                                               ~~~~~~~~ ^  ~~
vendor/picotls/include/picotls.h:1241:57: note: expanded from macro 'ptls_buffer_pushv'
 1241 |         if ((ret = ptls_buffer__do_pushv((buf), (src), (len))) != 0)                                                               \
      |                                                         ^~~
vendor/picotls/include/picotls.h:1344:75: note: expanded from macro 'ptls_push_message'
 1344 |         ptls_buffer_push_message_body(_emitter->buf, (key_sched), (type), block);                                                  \
      |                                                                           ^~~~~
vendor/picotls/include/picotls.h:1334:41: note: expanded from macro 'ptls_buffer_push_message_body'
 1334 |         ptls_buffer_push_block(_buf, 3, block);                                                                                    \
      |                                         ^~~~~
vendor/picotls/include/picotls.h:1290:13: note: expanded from macro 'ptls_buffer_push_block'
 1290 |             block                                                                                                                  \
      |             ^~~~~
vendor/picotls/lib/picotls.c:4807:9: warning: comparison of integers of different signs: 'size_t' (aka 'unsigned long') and 'int' [-Wsign-compare]
 4807 |         EMIT_SERVER_HELLO(
      |         ^~~~~~~~~~~~~~~~~~
 4808 |             tls->key_schedule,
      |             ~~~~~~~~~~~~~~~~~~
 4809 |             {
      |             ~
 4810 |                 tls->ctx->random_bytes(emitter->buf->base + emitter->buf->off, PTLS_HELLO_RANDOM_SIZE);
      |                 ~~~~~~~~~~~~~~~~~~~~~~~~~~~~~~~~~~~~~~~~~~~~~~~~~~~~~~~~~~~~~~~~~~~~~~~~~~~~~~~~~~~~~~~
 4811 |                 /* when accepting CHInner, last 8 byte of SH.random is zero for the handshake transcript */
      |                 ~~~~~~~~~~~~~~~~~~~~~~~~~~~~~~~~~~~~~~~~~~~~~~~~~~~~~~~~~~~~~~~~~~~~~~~~~~~~~~~~~~~~~~~~~~~
 4812 |                 if (ptls_is_ech_handshake(tls, NULL, NULL, NULL)) {
      |                 ~~~~~~~~~~~~~~~~~~~~~~~~~~~~~~~~~~~~~~~~~~~~~~~~~~~
 4813 |                     ech_confirm_off = emitter->buf->off + PTLS_HELLO_RANDOM_SIZE - PTLS_ECH_CONFIRM_LENGTH;
      |                     ~~~~~~~~~~~~~~~~~~~~~~~~~~~~~~~~~~~~~~~~~~~~~~~~~~~~~~~~~~~~~~~~~~~~~~~~~~~~~~~~~~~~~~~
 4814 |                     memset(emitter->buf->base + ech_confirm_off, 0, PTLS_ECH_CONFIRM_LENGTH);
      |                     ~~~~~~~~~~~~~~~~~~~~~~~~~~~~~~~~~~~~~~~~~~~~~~~~~~~~~~~~~~~~~~~~~~~~~~~~~
 4815 |                 }
      |                 ~
 4816 |             },
      |             ~~
 4817 |             {
      |             ~
 4818 |                 ptls_buffer_t *sendbuf = emitter->buf;
      |                 ~~~~~~~~~~~~~~~~~~~~~~~~~~~~~~~~~~~~~~
 4819 |                 if (mode != HANDSHAKE_MODE_PSK) {
      |                 ~~~~~~~~~~~~~~~~~~~~~~~~~~~~~~~~~
 4820 |                     buffer_push_extension(sendbuf, PTLS_EXTENSION_TYPE_KEY_SHARE, {
      |                     ~~~~~~~~~~~~~~~~~~~~~~~~~~~~~~~~~~~~~~~~~~~~~~~~~~~~~~~~~~~~~~~
 4821 |                         ptls_buffer_push16(sendbuf, key_share.algorithm->id);
      |                         ~~~~~~~~~~~~~~~~~~~~~~~~~~~~~~~~~~~~~~~~~~~~~~~~~~~~~
 4822 |                         ptls_buffer_push_block(sendbuf, 2, { ptls_buffer_pushv(sendbuf, pubkey.base, pubkey.len); });
      |                         ~~~~~~~~~~~~~~~~~~~~~~~~~~~~~~~~~~~~~~~~~~~~~~~~~~~~~~~~~~~~~~~~~~~~~~~~~~~~~~~~~~~~~~~~~~~~~
vendor/picotls/lib/picotls.c:4374:13: note: expanded from macro 'EMIT_SERVER_HELLO'
 4374 |             ptls_buffer_push_block(emitter->buf, 1,                                                                                \
      |             ^~~~~~~~~~~~~~~~~~~~~~~~~~~~~~~~~~~~~~~~~~~~~~~~~~~~~~~~~~~~~~~~~~~~~~~~~~~~~~~~~~~~~~~~~~~~~~~~~~~~~~~~~~~~~~~~~~~~~~~~
 4375 |                                    { ptls_buffer_pushv(emitter->buf, ch->legacy_session_id.base, ch->legacy_session_id.len); });   \
      |                                    ~~~~~~~~~~~~~~~~~~~~~~~~~~~~~~~~~~~~~~~~~~~~~~~~~~~~~~~~~~~~~~~~~~~~~~~~~~~~~~~~~~~~~~~~~~~~
vendor/picotls/include/picotls.h:1293:22: note: expanded from macro 'ptls_buffer_push_block'
 1293 |         if (capacity != -1) {                                                                                                      \
      |             ~~~~~~~~ ^  ~~
vendor/picotls/include/picotls.h:1344:75: note: expanded from macro 'ptls_push_message'
 1344 |         ptls_buffer_push_message_body(_emitter->buf, (key_sched), (type), block);                                                  \
      |                                                                           ^~~~~
vendor/picotls/include/picotls.h:1334:41: note: expanded from macro 'ptls_buffer_push_message_body'
 1334 |         ptls_buffer_push_block(_buf, 3, block);                                                                                    \
      |                                         ^~~~~
vendor/picotls/include/picotls.h:1290:13: note: expanded from macro 'ptls_buffer_push_block'
 1290 |             block                                                                                                                  \
      |             ^~~~~
vendor/picotls/lib/picotls.c:4807:9: warning: comparison of integers of different signs: 'size_t' (aka 'unsigned long') and 'int' [-Wsign-compare]
 4807 |         EMIT_SERVER_HELLO(
      |         ^~~~~~~~~~~~~~~~~~
 4808 |             tls->key_schedule,
      |             ~~~~~~~~~~~~~~~~~~
 4809 |             {
      |             ~
 4810 |                 tls->ctx->random_bytes(emitter->buf->base + emitter->buf->off, PTLS_HELLO_RANDOM_SIZE);
      |                 ~~~~~~~~~~~~~~~~~~~~~~~~~~~~~~~~~~~~~~~~~~~~~~~~~~~~~~~~~~~~~~~~~~~~~~~~~~~~~~~~~~~~~~~
 4811 |                 /* when accepting CHInner, last 8 byte of SH.random is zero for the handshake transcript */
      |                 ~~~~~~~~~~~~~~~~~~~~~~~~~~~~~~~~~~~~~~~~~~~~~~~~~~~~~~~~~~~~~~~~~~~~~~~~~~~~~~~~~~~~~~~~~~~
 4812 |                 if (ptls_is_ech_handshake(tls, NULL, NULL, NULL)) {
      |                 ~~~~~~~~~~~~~~~~~~~~~~~~~~~~~~~~~~~~~~~~~~~~~~~~~~~
 4813 |                     ech_confirm_off = emitter->buf->off + PTLS_HELLO_RANDOM_SIZE - PTLS_ECH_CONFIRM_LENGTH;
      |                     ~~~~~~~~~~~~~~~~~~~~~~~~~~~~~~~~~~~~~~~~~~~~~~~~~~~~~~~~~~~~~~~~~~~~~~~~~~~~~~~~~~~~~~~
 4814 |                     memset(emitter->buf->base + ech_confirm_off, 0, PTLS_ECH_CONFIRM_LENGTH);
      |                     ~~~~~~~~~~~~~~~~~~~~~~~~~~~~~~~~~~~~~~~~~~~~~~~~~~~~~~~~~~~~~~~~~~~~~~~~~
 4815 |                 }
      |                 ~
 4816 |             },
      |             ~~
 4817 |             {
      |             ~
 4818 |                 ptls_buffer_t *sendbuf = emitter->buf;
      |                 ~~~~~~~~~~~~~~~~~~~~~~~~~~~~~~~~~~~~~~
 4819 |                 if (mode != HANDSHAKE_MODE_PSK) {
      |                 ~~~~~~~~~~~~~~~~~~~~~~~~~~~~~~~~~
 4820 |                     buffer_push_extension(sendbuf, PTLS_EXTENSION_TYPE_KEY_SHARE, {
      |                     ~~~~~~~~~~~~~~~~~~~~~~~~~~~~~~~~~~~~~~~~~~~~~~~~~~~~~~~~~~~~~~~
 4821 |                         ptls_buffer_push16(sendbuf, key_share.algorithm->id);
      |                         ~~~~~~~~~~~~~~~~~~~~~~~~~~~~~~~~~~~~~~~~~~~~~~~~~~~~~
 4822 |                         ptls_buffer_push_block(sendbuf, 2, { ptls_buffer_pushv(sendbuf, pubkey.base, pubkey.len); });
      |                         ~~~~~~~~~~~~~~~~~~~~~~~~~~~~~~~~~~~~~~~~~~~~~~~~~~~~~~~~~~~~~~~~~~~~~~~~~~~~~~~~~~~~~~~~~~~~~
vendor/picotls/lib/picotls.c:4378:13: note: expanded from macro 'EMIT_SERVER_HELLO'
 4378 |             ptls_buffer_push_block(emitter->buf, 2, {                                                                              \
      |             ^~~~~~~~~~~~~~~~~~~~~~~~~~~~~~~~~~~~~~~~~~~~~~~~~~~~~~~~~~~~~~~~~~~~~~~~~~~~~~~~~~~~~~~~~~~~~~~~~~~~~~~~~~~~~~~~~~~~~~~~
 4379 |                 buffer_push_extension(emitter->buf, PTLS_EXTENSION_TYPE_SUPPORTED_VERSIONS,                                        \
      |                 ~~~~~~~~~~~~~~~~~~~~~~~~~~~~~~~~~~~~~~~~~~~~~~~~~~~~~~~~~~~~~~~~~~~~~~~~~~~~~~~~~~~~~~~~~~~~~~~~~~~~~~~~~~~~~~~~~~~~
 4380 |                                       { ptls_buffer_push16(emitter->buf, ch->selected_version); });                                \
      |                                       ~~~~~~~~~~~~~~~~~~~~~~~~~~~~~~~~~~~~~~~~~~~~~~~~~~~~~~~~~~~~~~~~~~~~~~~~~~~~~~~~~~~~~~~~~~~~~~
 4381 |                 do {                                                                                                               \
      |                 ~~~~~~~~~~~~~~~~~~~~~~~~~~~~~~~~~~~~~~~~~~~~~~~~~~~~~~~~~~~~~~~~~~~~~~~~~~~~~~~~~~~~~~~~~~~~~~~~~~~~~~~~~~~~~~~~~~~~
 4382 |                     extensions                                                                                                     \
      |                     ~~~~~~~~~~~~~~~~~~~~~~~~~~~~~~~~~~~~~~~~~~~~~~~~~~~~~~~~~~~~~~~~~~~~~~~~~~~~~~~~~~~~~~~~~~~~~~~~~~~~~~~~~~~~~~~~
 4383 |                 } while (0);                                                                                                       \
      |                 ~~~~~~~~~~~~~~~~~~~~~~~~~~~~~~~~~~~~~~~~~~~~~~~~~~~~~~~~~~~~~~~~~~~~~~~~~~~~~~~~~~~~~~~~~~~~~~~~~~~~~~~~~~~~~~~~~~~~
 4384 |             });                                                                                                                    \
      |             ~~
vendor/picotls/include/picotls.h:1287:72: note: expanded from macro 'ptls_buffer_push_block'
 1287 |         ptls_buffer_pushv((buf), (uint8_t *)"\0\0\0\0\0\0\0", capacity != -1 ? capacity : 1);                                      \
      |                                                               ~~~~~~~~ ^  ~~
vendor/picotls/include/picotls.h:1241:57: note: expanded from macro 'ptls_buffer_pushv'
 1241 |         if ((ret = ptls_buffer__do_pushv((buf), (src), (len))) != 0)                                                               \
      |                                                         ^~~
vendor/picotls/include/picotls.h:1344:75: note: expanded from macro 'ptls_push_message'
 1344 |         ptls_buffer_push_message_body(_emitter->buf, (key_sched), (type), block);                                                  \
      |                                                                           ^~~~~
vendor/picotls/include/picotls.h:1334:41: note: expanded from macro 'ptls_buffer_push_message_body'
 1334 |         ptls_buffer_push_block(_buf, 3, block);                                                                                    \
      |                                         ^~~~~
vendor/picotls/include/picotls.h:1290:13: note: expanded from macro 'ptls_buffer_push_block'
 1290 |             block                                                                                                                  \
      |             ^~~~~
vendor/picotls/lib/picotls.c:4807:9: warning: comparison of integers of different signs: 'size_t' (aka 'unsigned long') and 'int' [-Wsign-compare]
 4807 |         EMIT_SERVER_HELLO(
      |         ^~~~~~~~~~~~~~~~~~
 4808 |             tls->key_schedule,
      |             ~~~~~~~~~~~~~~~~~~
 4809 |             {
      |             ~
 4810 |                 tls->ctx->random_bytes(emitter->buf->base + emitter->buf->off, PTLS_HELLO_RANDOM_SIZE);
      |                 ~~~~~~~~~~~~~~~~~~~~~~~~~~~~~~~~~~~~~~~~~~~~~~~~~~~~~~~~~~~~~~~~~~~~~~~~~~~~~~~~~~~~~~~
 4811 |                 /* when accepting CHInner, last 8 byte of SH.random is zero for the handshake transcript */
      |                 ~~~~~~~~~~~~~~~~~~~~~~~~~~~~~~~~~~~~~~~~~~~~~~~~~~~~~~~~~~~~~~~~~~~~~~~~~~~~~~~~~~~~~~~~~~~
 4812 |                 if (ptls_is_ech_handshake(tls, NULL, NULL, NULL)) {
      |                 ~~~~~~~~~~~~~~~~~~~~~~~~~~~~~~~~~~~~~~~~~~~~~~~~~~~
 4813 |                     ech_confirm_off = emitter->buf->off + PTLS_HELLO_RANDOM_SIZE - PTLS_ECH_CONFIRM_LENGTH;
      |                     ~~~~~~~~~~~~~~~~~~~~~~~~~~~~~~~~~~~~~~~~~~~~~~~~~~~~~~~~~~~~~~~~~~~~~~~~~~~~~~~~~~~~~~~
 4814 |                     memset(emitter->buf->base + ech_confirm_off, 0, PTLS_ECH_CONFIRM_LENGTH);
      |                     ~~~~~~~~~~~~~~~~~~~~~~~~~~~~~~~~~~~~~~~~~~~~~~~~~~~~~~~~~~~~~~~~~~~~~~~~~
 4815 |                 }
      |                 ~
 4816 |             },
      |             ~~
 4817 |             {
      |             ~
 4818 |                 ptls_buffer_t *sendbuf = emitter->buf;
      |                 ~~~~~~~~~~~~~~~~~~~~~~~~~~~~~~~~~~~~~~
 4819 |                 if (mode != HANDSHAKE_MODE_PSK) {
      |                 ~~~~~~~~~~~~~~~~~~~~~~~~~~~~~~~~~
 4820 |                     buffer_push_extension(sendbuf, PTLS_EXTENSION_TYPE_KEY_SHARE, {
      |                     ~~~~~~~~~~~~~~~~~~~~~~~~~~~~~~~~~~~~~~~~~~~~~~~~~~~~~~~~~~~~~~~
 4821 |                         ptls_buffer_push16(sendbuf, key_share.algorithm->id);
      |                         ~~~~~~~~~~~~~~~~~~~~~~~~~~~~~~~~~~~~~~~~~~~~~~~~~~~~~
 4822 |                         ptls_buffer_push_block(sendbuf, 2, { ptls_buffer_pushv(sendbuf, pubkey.base, pubkey.len); });
      |                         ~~~~~~~~~~~~~~~~~~~~~~~~~~~~~~~~~~~~~~~~~~~~~~~~~~~~~~~~~~~~~~~~~~~~~~~~~~~~~~~~~~~~~~~~~~~~~
vendor/picotls/lib/picotls.c:4379:17: note: expanded from macro 'EMIT_SERVER_HELLO'
 4379 |                 buffer_push_extension(emitter->buf, PTLS_EXTENSION_TYPE_SUPPORTED_VERSIONS,                                        \
      |                 ^~~~~~~~~~~~~~~~~~~~~~~~~~~~~~~~~~~~~~~~~~~~~~~~~~~~~~~~~~~~~~~~~~~~~~~~~~~~~~~~~~~~~~~~~~~~~~~~~~~~~~~~~~~~~~~~~~~~
 4380 |                                       { ptls_buffer_push16(emitter->buf, ch->selected_version); });                                \
      |                                       ~~~~~~~~~~~~~~~~~~~~~~~~~~~~~~~~~~~~~~~~~~~~~~~~~~~~~~~~~~~~
vendor/picotls/lib/picotls.c:894:9: note: expanded from macro 'buffer_push_extension'
  894 |         ptls_buffer_push_block((buf), 2, block);                                                                                   \
      |         ^~~~~~~~~~~~~~~~~~~~~~~~~~~~~~~~~~~~~~~
vendor/picotls/include/picotls.h:1287:72: note: expanded from macro 'ptls_buffer_push_block'
 1287 |         ptls_buffer_pushv((buf), (uint8_t *)"\0\0\0\0\0\0\0", capacity != -1 ? capacity : 1);                                      \
      |                                                               ~~~~~~~~ ^  ~~
note: (skipping 2 expansions in backtrace; use -fmacro-backtrace-limit=0 to see all)
vendor/picotls/include/picotls.h:1344:75: note: expanded from macro 'ptls_push_message'
 1344 |         ptls_buffer_push_message_body(_emitter->buf, (key_sched), (type), block);                                                  \
      |                                                                           ^~~~~
vendor/picotls/include/picotls.h:1334:41: note: expanded from macro 'ptls_buffer_push_message_body'
 1334 |         ptls_buffer_push_block(_buf, 3, block);                                                                                    \
      |                                         ^~~~~
vendor/picotls/include/picotls.h:1290:13: note: expanded from macro 'ptls_buffer_push_block'
 1290 |             block                                                                                                                  \
      |             ^~~~~
vendor/picotls/lib/picotls.c:4807:9: warning: comparison of integers of different signs: 'size_t' (aka 'unsigned long') and 'int' [-Wsign-compare]
 4807 |         EMIT_SERVER_HELLO(
      |         ^~~~~~~~~~~~~~~~~~
 4808 |             tls->key_schedule,
      |             ~~~~~~~~~~~~~~~~~~
 4809 |             {
      |             ~
 4810 |                 tls->ctx->random_bytes(emitter->buf->base + emitter->buf->off, PTLS_HELLO_RANDOM_SIZE);
      |                 ~~~~~~~~~~~~~~~~~~~~~~~~~~~~~~~~~~~~~~~~~~~~~~~~~~~~~~~~~~~~~~~~~~~~~~~~~~~~~~~~~~~~~~~
 4811 |                 /* when accepting CHInner, last 8 byte of SH.random is zero for the handshake transcript */
      |                 ~~~~~~~~~~~~~~~~~~~~~~~~~~~~~~~~~~~~~~~~~~~~~~~~~~~~~~~~~~~~~~~~~~~~~~~~~~~~~~~~~~~~~~~~~~~
 4812 |                 if (ptls_is_ech_handshake(tls, NULL, NULL, NULL)) {
      |                 ~~~~~~~~~~~~~~~~~~~~~~~~~~~~~~~~~~~~~~~~~~~~~~~~~~~
 4813 |                     ech_confirm_off = emitter->buf->off + PTLS_HELLO_RANDOM_SIZE - PTLS_ECH_CONFIRM_LENGTH;
      |                     ~~~~~~~~~~~~~~~~~~~~~~~~~~~~~~~~~~~~~~~~~~~~~~~~~~~~~~~~~~~~~~~~~~~~~~~~~~~~~~~~~~~~~~~
 4814 |                     memset(emitter->buf->base + ech_confirm_off, 0, PTLS_ECH_CONFIRM_LENGTH);
      |                     ~~~~~~~~~~~~~~~~~~~~~~~~~~~~~~~~~~~~~~~~~~~~~~~~~~~~~~~~~~~~~~~~~~~~~~~~~
 4815 |                 }
      |                 ~
 4816 |             },
      |             ~~
 4817 |             {
      |             ~
 4818 |                 ptls_buffer_t *sendbuf = emitter->buf;
      |                 ~~~~~~~~~~~~~~~~~~~~~~~~~~~~~~~~~~~~~~
 4819 |                 if (mode != HANDSHAKE_MODE_PSK) {
      |                 ~~~~~~~~~~~~~~~~~~~~~~~~~~~~~~~~~
 4820 |                     buffer_push_extension(sendbuf, PTLS_EXTENSION_TYPE_KEY_SHARE, {
      |                     ~~~~~~~~~~~~~~~~~~~~~~~~~~~~~~~~~~~~~~~~~~~~~~~~~~~~~~~~~~~~~~~
 4821 |                         ptls_buffer_push16(sendbuf, key_share.algorithm->id);
      |                         ~~~~~~~~~~~~~~~~~~~~~~~~~~~~~~~~~~~~~~~~~~~~~~~~~~~~~
 4822 |                         ptls_buffer_push_block(sendbuf, 2, { ptls_buffer_pushv(sendbuf, pubkey.base, pubkey.len); });
      |                         ~~~~~~~~~~~~~~~~~~~~~~~~~~~~~~~~~~~~~~~~~~~~~~~~~~~~~~~~~~~~~~~~~~~~~~~~~~~~~~~~~~~~~~~~~~~~~
vendor/picotls/lib/picotls.c:4379:17: note: expanded from macro 'EMIT_SERVER_HELLO'
 4379 |                 buffer_push_extension(emitter->buf, PTLS_EXTENSION_TYPE_SUPPORTED_VERSIONS,                                        \
      |                 ^~~~~~~~~~~~~~~~~~~~~~~~~~~~~~~~~~~~~~~~~~~~~~~~~~~~~~~~~~~~~~~~~~~~~~~~~~~~~~~~~~~~~~~~~~~~~~~~~~~~~~~~~~~~~~~~~~~~
 4380 |                                       { ptls_buffer_push16(emitter->buf, ch->selected_version); });                                \
      |                                       ~~~~~~~~~~~~~~~~~~~~~~~~~~~~~~~~~~~~~~~~~~~~~~~~~~~~~~~~~~~~
vendor/picotls/lib/picotls.c:894:9: note: expanded from macro 'buffer_push_extension'
  894 |         ptls_buffer_push_block((buf), 2, block);                                                                                   \
      |         ^~~~~~~~~~~~~~~~~~~~~~~~~~~~~~~~~~~~~~~
vendor/picotls/include/picotls.h:1293:22: note: expanded from macro 'ptls_buffer_push_block'
 1293 |         if (capacity != -1) {                                                                                                      \
      |             ~~~~~~~~ ^  ~~
note: (skipping 1 expansions in backtrace; use -fmacro-backtrace-limit=0 to see all)
vendor/picotls/include/picotls.h:1344:75: note: expanded from macro 'ptls_push_message'
 1344 |         ptls_buffer_push_message_body(_emitter->buf, (key_sched), (type), block);                                                  \
      |                                                                           ^~~~~
vendor/picotls/include/picotls.h:1334:41: note: expanded from macro 'ptls_buffer_push_message_body'
 1334 |         ptls_buffer_push_block(_buf, 3, block);                                                                                    \
      |                                         ^~~~~
vendor/picotls/include/picotls.h:1290:13: note: expanded from macro 'ptls_buffer_push_block'
 1290 |             block                                                                                                                  \
      |             ^~~~~
vendor/picotls/lib/picotls.c:4820:21: warning: comparison of integers of different signs: 'size_t' (aka 'unsigned long') and 'int' [-Wsign-compare]
 4820 |                     buffer_push_extension(sendbuf, PTLS_EXTENSION_TYPE_KEY_SHARE, {
      |                     ^~~~~~~~~~~~~~~~~~~~~~~~~~~~~~~~~~~~~~~~~~~~~~~~~~~~~~~~~~~~~~~
 4821 |                         ptls_buffer_push16(sendbuf, key_share.algorithm->id);
      |                         ~~~~~~~~~~~~~~~~~~~~~~~~~~~~~~~~~~~~~~~~~~~~~~~~~~~~~
 4822 |                         ptls_buffer_push_block(sendbuf, 2, { ptls_buffer_pushv(sendbuf, pubkey.base, pubkey.len); });
      |                         ~~~~~~~~~~~~~~~~~~~~~~~~~~~~~~~~~~~~~~~~~~~~~~~~~~~~~~~~~~~~~~~~~~~~~~~~~~~~~~~~~~~~~~~~~~~~~
 4823 |                     });
      |                     ~~
vendor/picotls/lib/picotls.c:894:9: note: expanded from macro 'buffer_push_extension'
  894 |         ptls_buffer_push_block((buf), 2, block);                                                                                   \
      |         ^~~~~~~~~~~~~~~~~~~~~~~~~~~~~~~~~~~~~~~
vendor/picotls/include/picotls.h:1287:72: note: expanded from macro 'ptls_buffer_push_block'
 1287 |         ptls_buffer_pushv((buf), (uint8_t *)"\0\0\0\0\0\0\0", capacity != -1 ? capacity : 1);                                      \
      |                                                               ~~~~~~~~ ^  ~~
vendor/picotls/include/picotls.h:1241:57: note: expanded from macro 'ptls_buffer_pushv'
 1241 |         if ((ret = ptls_buffer__do_pushv((buf), (src), (len))) != 0)                                                               \
      |                                                         ^~~
note: (skipping 2 expansions in backtrace; use -fmacro-backtrace-limit=0 to see all)
vendor/picotls/include/picotls.h:1344:75: note: expanded from macro 'ptls_push_message'
 1344 |         ptls_buffer_push_message_body(_emitter->buf, (key_sched), (type), block);                                                  \
      |                                                                           ^~~~~
vendor/picotls/include/picotls.h:1334:41: note: expanded from macro 'ptls_buffer_push_message_body'
 1334 |         ptls_buffer_push_block(_buf, 3, block);                                                                                    \
      |                                         ^~~~~
vendor/picotls/include/picotls.h:1290:13: note: expanded from macro 'ptls_buffer_push_block'
 1290 |             block                                                                                                                  \
      |             ^~~~~
vendor/picotls/lib/picotls.c:4822:25: warning: comparison of integers of different signs: 'size_t' (aka 'unsigned long') and 'int' [-Wsign-compare]
 4822 |                         ptls_buffer_push_block(sendbuf, 2, { ptls_buffer_pushv(sendbuf, pubkey.base, pubkey.len); });
      |                         ^~~~~~~~~~~~~~~~~~~~~~~~~~~~~~~~~~~~~~~~~~~~~~~~~~~~~~~~~~~~~~~~~~~~~~~~~~~~~~~~~~~~~~~~~~~~
vendor/picotls/include/picotls.h:1287:72: note: expanded from macro 'ptls_buffer_push_block'
 1287 |         ptls_buffer_pushv((buf), (uint8_t *)"\0\0\0\0\0\0\0", capacity != -1 ? capacity : 1);                                      \
      |                                                               ~~~~~~~~ ^  ~~
vendor/picotls/include/picotls.h:1241:57: note: expanded from macro 'ptls_buffer_pushv'
 1241 |         if ((ret = ptls_buffer__do_pushv((buf), (src), (len))) != 0)                                                               \
      |                                                         ^~~
vendor/picotls/lib/picotls.c:894:42: note: expanded from macro 'buffer_push_extension'
  894 |         ptls_buffer_push_block((buf), 2, block);                                                                                   \
      |                                          ^~~~~
note: (skipping 3 expansions in backtrace; use -fmacro-backtrace-limit=0 to see all)
vendor/picotls/include/picotls.h:1344:75: note: expanded from macro 'ptls_push_message'
 1344 |         ptls_buffer_push_message_body(_emitter->buf, (key_sched), (type), block);                                                  \
      |                                                                           ^~~~~
vendor/picotls/include/picotls.h:1334:41: note: expanded from macro 'ptls_buffer_push_message_body'
 1334 |         ptls_buffer_push_block(_buf, 3, block);                                                                                    \
      |                                         ^~~~~
vendor/picotls/include/picotls.h:1290:13: note: expanded from macro 'ptls_buffer_push_block'
 1290 |             block                                                                                                                  \
      |             ^~~~~
vendor/picotls/lib/picotls.c:4822:25: warning: comparison of integers of different signs: 'size_t' (aka 'unsigned long') and 'int' [-Wsign-compare]
 4822 |                         ptls_buffer_push_block(sendbuf, 2, { ptls_buffer_pushv(sendbuf, pubkey.base, pubkey.len); });
      |                         ^~~~~~~~~~~~~~~~~~~~~~~~~~~~~~~~~~~~~~~~~~~~~~~~~~~~~~~~~~~~~~~~~~~~~~~~~~~~~~~~~~~~~~~~~~~~
vendor/picotls/include/picotls.h:1293:22: note: expanded from macro 'ptls_buffer_push_block'
 1293 |         if (capacity != -1) {                                                                                                      \
      |             ~~~~~~~~ ^  ~~
vendor/picotls/lib/picotls.c:894:42: note: expanded from macro 'buffer_push_extension'
  894 |         ptls_buffer_push_block((buf), 2, block);                                                                                   \
      |                                          ^~~~~
vendor/picotls/include/picotls.h:1290:13: note: expanded from macro 'ptls_buffer_push_block'
 1290 |             block                                                                                                                  \
      |             ^~~~~
note: (skipping 2 expansions in backtrace; use -fmacro-backtrace-limit=0 to see all)
vendor/picotls/include/picotls.h:1344:75: note: expanded from macro 'ptls_push_message'
 1344 |         ptls_buffer_push_message_body(_emitter->buf, (key_sched), (type), block);                                                  \
      |                                                                           ^~~~~
vendor/picotls/include/picotls.h:1334:41: note: expanded from macro 'ptls_buffer_push_message_body'
 1334 |         ptls_buffer_push_block(_buf, 3, block);                                                                                    \
      |                                         ^~~~~
vendor/picotls/include/picotls.h:1290:13: note: expanded from macro 'ptls_buffer_push_block'
 1290 |             block                                                                                                                  \
      |             ^~~~~
vendor/picotls/lib/picotls.c:4820:21: warning: comparison of integers of different signs: 'size_t' (aka 'unsigned long') and 'int' [-Wsign-compare]
 4820 |                     buffer_push_extension(sendbuf, PTLS_EXTENSION_TYPE_KEY_SHARE, {
      |                     ^~~~~~~~~~~~~~~~~~~~~~~~~~~~~~~~~~~~~~~~~~~~~~~~~~~~~~~~~~~~~~~
 4821 |                         ptls_buffer_push16(sendbuf, key_share.algorithm->id);
      |                         ~~~~~~~~~~~~~~~~~~~~~~~~~~~~~~~~~~~~~~~~~~~~~~~~~~~~~
 4822 |                         ptls_buffer_push_block(sendbuf, 2, { ptls_buffer_pushv(sendbuf, pubkey.base, pubkey.len); });
      |                         ~~~~~~~~~~~~~~~~~~~~~~~~~~~~~~~~~~~~~~~~~~~~~~~~~~~~~~~~~~~~~~~~~~~~~~~~~~~~~~~~~~~~~~~~~~~~~
 4823 |                     });
      |                     ~~
vendor/picotls/lib/picotls.c:894:9: note: expanded from macro 'buffer_push_extension'
  894 |         ptls_buffer_push_block((buf), 2, block);                                                                                   \
      |         ^~~~~~~~~~~~~~~~~~~~~~~~~~~~~~~~~~~~~~~
vendor/picotls/include/picotls.h:1293:22: note: expanded from macro 'ptls_buffer_push_block'
 1293 |         if (capacity != -1) {                                                                                                      \
      |             ~~~~~~~~ ^  ~~
vendor/picotls/lib/picotls.c:4382:21: note: expanded from macro 'EMIT_SERVER_HELLO'
 4382 |                     extensions                                                                                                     \
      |                     ^~~~~~~~~~
note: (skipping 1 expansions in backtrace; use -fmacro-backtrace-limit=0 to see all)
vendor/picotls/include/picotls.h:1344:75: note: expanded from macro 'ptls_push_message'
 1344 |         ptls_buffer_push_message_body(_emitter->buf, (key_sched), (type), block);                                                  \
      |                                                                           ^~~~~
vendor/picotls/include/picotls.h:1334:41: note: expanded from macro 'ptls_buffer_push_message_body'
 1334 |         ptls_buffer_push_block(_buf, 3, block);                                                                                    \
      |                                         ^~~~~
vendor/picotls/include/picotls.h:1290:13: note: expanded from macro 'ptls_buffer_push_block'
 1290 |             block                                                                                                                  \
      |             ^~~~~
vendor/picotls/lib/picotls.c:4826:21: warning: comparison of integers of different signs: 'size_t' (aka 'unsigned long') and 'int' [-Wsign-compare]
 4826 |                     buffer_push_extension(sendbuf, PTLS_EXTENSION_TYPE_PRE_SHARED_KEY,
      |                     ^~~~~~~~~~~~~~~~~~~~~~~~~~~~~~~~~~~~~~~~~~~~~~~~~~~~~~~~~~~~~~~~~~
 4827 |                                           { ptls_buffer_push16(sendbuf, (uint16_t)psk_index); });
      |                                           ~~~~~~~~~~~~~~~~~~~~~~~~~~~~~~~~~~~~~~~~~~~~~~~~~~~~~~
vendor/picotls/lib/picotls.c:894:9: note: expanded from macro 'buffer_push_extension'
  894 |         ptls_buffer_push_block((buf), 2, block);                                                                                   \
      |         ^~~~~~~~~~~~~~~~~~~~~~~~~~~~~~~~~~~~~~~
vendor/picotls/include/picotls.h:1287:72: note: expanded from macro 'ptls_buffer_push_block'
 1287 |         ptls_buffer_pushv((buf), (uint8_t *)"\0\0\0\0\0\0\0", capacity != -1 ? capacity : 1);                                      \
      |                                                               ~~~~~~~~ ^  ~~
vendor/picotls/include/picotls.h:1241:57: note: expanded from macro 'ptls_buffer_pushv'
 1241 |         if ((ret = ptls_buffer__do_pushv((buf), (src), (len))) != 0)                                                               \
      |                                                         ^~~
note: (skipping 2 expansions in backtrace; use -fmacro-backtrace-limit=0 to see all)
vendor/picotls/include/picotls.h:1344:75: note: expanded from macro 'ptls_push_message'
 1344 |         ptls_buffer_push_message_body(_emitter->buf, (key_sched), (type), block);                                                  \
      |                                                                           ^~~~~
vendor/picotls/include/picotls.h:1334:41: note: expanded from macro 'ptls_buffer_push_message_body'
 1334 |         ptls_buffer_push_block(_buf, 3, block);                                                                                    \
      |                                         ^~~~~
vendor/picotls/include/picotls.h:1290:13: note: expanded from macro 'ptls_buffer_push_block'
 1290 |             block                                                                                                                  \
      |             ^~~~~
vendor/picotls/lib/picotls.c:4826:21: warning: comparison of integers of different signs: 'size_t' (aka 'unsigned long') and 'int' [-Wsign-compare]
 4826 |                     buffer_push_extension(sendbuf, PTLS_EXTENSION_TYPE_PRE_SHARED_KEY,
      |                     ^~~~~~~~~~~~~~~~~~~~~~~~~~~~~~~~~~~~~~~~~~~~~~~~~~~~~~~~~~~~~~~~~~
 4827 |                                           { ptls_buffer_push16(sendbuf, (uint16_t)psk_index); });
      |                                           ~~~~~~~~~~~~~~~~~~~~~~~~~~~~~~~~~~~~~~~~~~~~~~~~~~~~~~
vendor/picotls/lib/picotls.c:894:9: note: expanded from macro 'buffer_push_extension'
  894 |         ptls_buffer_push_block((buf), 2, block);                                                                                   \
      |         ^~~~~~~~~~~~~~~~~~~~~~~~~~~~~~~~~~~~~~~
vendor/picotls/include/picotls.h:1293:22: note: expanded from macro 'ptls_buffer_push_block'
 1293 |         if (capacity != -1) {                                                                                                      \
      |             ~~~~~~~~ ^  ~~
vendor/picotls/lib/picotls.c:4382:21: note: expanded from macro 'EMIT_SERVER_HELLO'
 4382 |                     extensions                                                                                                     \
      |                     ^~~~~~~~~~
note: (skipping 1 expansions in backtrace; use -fmacro-backtrace-limit=0 to see all)
vendor/picotls/include/picotls.h:1344:75: note: expanded from macro 'ptls_push_message'
 1344 |         ptls_buffer_push_message_body(_emitter->buf, (key_sched), (type), block);                                                  \
      |                                                                           ^~~~~
vendor/picotls/include/picotls.h:1334:41: note: expanded from macro 'ptls_buffer_push_message_body'
 1334 |         ptls_buffer_push_block(_buf, 3, block);                                                                                    \
      |                                         ^~~~~
vendor/picotls/include/picotls.h:1290:13: note: expanded from macro 'ptls_buffer_push_block'
 1290 |             block                                                                                                                  \
      |             ^~~~~
vendor/picotls/lib/picotls.c:4807:9: warning: comparison of integers of different signs: 'size_t' (aka 'unsigned long') and 'int' [-Wsign-compare]
 4807 |         EMIT_SERVER_HELLO(
      |         ^~~~~~~~~~~~~~~~~~
 4808 |             tls->key_schedule,
      |             ~~~~~~~~~~~~~~~~~~
 4809 |             {
      |             ~
 4810 |                 tls->ctx->random_bytes(emitter->buf->base + emitter->buf->off, PTLS_HELLO_RANDOM_SIZE);
      |                 ~~~~~~~~~~~~~~~~~~~~~~~~~~~~~~~~~~~~~~~~~~~~~~~~~~~~~~~~~~~~~~~~~~~~~~~~~~~~~~~~~~~~~~~
 4811 |                 /* when accepting CHInner, last 8 byte of SH.random is zero for the handshake transcript */
      |                 ~~~~~~~~~~~~~~~~~~~~~~~~~~~~~~~~~~~~~~~~~~~~~~~~~~~~~~~~~~~~~~~~~~~~~~~~~~~~~~~~~~~~~~~~~~~
 4812 |                 if (ptls_is_ech_handshake(tls, NULL, NULL, NULL)) {
      |                 ~~~~~~~~~~~~~~~~~~~~~~~~~~~~~~~~~~~~~~~~~~~~~~~~~~~
 4813 |                     ech_confirm_off = emitter->buf->off + PTLS_HELLO_RANDOM_SIZE - PTLS_ECH_CONFIRM_LENGTH;
      |                     ~~~~~~~~~~~~~~~~~~~~~~~~~~~~~~~~~~~~~~~~~~~~~~~~~~~~~~~~~~~~~~~~~~~~~~~~~~~~~~~~~~~~~~~
 4814 |                     memset(emitter->buf->base + ech_confirm_off, 0, PTLS_ECH_CONFIRM_LENGTH);
      |                     ~~~~~~~~~~~~~~~~~~~~~~~~~~~~~~~~~~~~~~~~~~~~~~~~~~~~~~~~~~~~~~~~~~~~~~~~~
 4815 |                 }
      |                 ~
 4816 |             },
      |             ~~
 4817 |             {
      |             ~
 4818 |                 ptls_buffer_t *sendbuf = emitter->buf;
      |                 ~~~~~~~~~~~~~~~~~~~~~~~~~~~~~~~~~~~~~~
 4819 |                 if (mode != HANDSHAKE_MODE_PSK) {
      |                 ~~~~~~~~~~~~~~~~~~~~~~~~~~~~~~~~~
 4820 |                     buffer_push_extension(sendbuf, PTLS_EXTENSION_TYPE_KEY_SHARE, {
      |                     ~~~~~~~~~~~~~~~~~~~~~~~~~~~~~~~~~~~~~~~~~~~~~~~~~~~~~~~~~~~~~~~
 4821 |                         ptls_buffer_push16(sendbuf, key_share.algorithm->id);
      |                         ~~~~~~~~~~~~~~~~~~~~~~~~~~~~~~~~~~~~~~~~~~~~~~~~~~~~~
 4822 |                         ptls_buffer_push_block(sendbuf, 2, { ptls_buffer_pushv(sendbuf, pubkey.base, pubkey.len); });
      |                         ~~~~~~~~~~~~~~~~~~~~~~~~~~~~~~~~~~~~~~~~~~~~~~~~~~~~~~~~~~~~~~~~~~~~~~~~~~~~~~~~~~~~~~~~~~~~~
vendor/picotls/lib/picotls.c:4378:13: note: expanded from macro 'EMIT_SERVER_HELLO'
 4378 |             ptls_buffer_push_block(emitter->buf, 2, {                                                                              \
      |             ^~~~~~~~~~~~~~~~~~~~~~~~~~~~~~~~~~~~~~~~~~~~~~~~~~~~~~~~~~~~~~~~~~~~~~~~~~~~~~~~~~~~~~~~~~~~~~~~~~~~~~~~~~~~~~~~~~~~~~~~
 4379 |                 buffer_push_extension(emitter->buf, PTLS_EXTENSION_TYPE_SUPPORTED_VERSIONS,                                        \
      |                 ~~~~~~~~~~~~~~~~~~~~~~~~~~~~~~~~~~~~~~~~~~~~~~~~~~~~~~~~~~~~~~~~~~~~~~~~~~~~~~~~~~~~~~~~~~~~~~~~~~~~~~~~~~~~~~~~~~~~
 4380 |                                       { ptls_buffer_push16(emitter->buf, ch->selected_version); });                                \
      |                                       ~~~~~~~~~~~~~~~~~~~~~~~~~~~~~~~~~~~~~~~~~~~~~~~~~~~~~~~~~~~~~~~~~~~~~~~~~~~~~~~~~~~~~~~~~~~~~~
 4381 |                 do {                                                                                                               \
      |                 ~~~~~~~~~~~~~~~~~~~~~~~~~~~~~~~~~~~~~~~~~~~~~~~~~~~~~~~~~~~~~~~~~~~~~~~~~~~~~~~~~~~~~~~~~~~~~~~~~~~~~~~~~~~~~~~~~~~~
 4382 |                     extensions                                                                                                     \
      |                     ~~~~~~~~~~~~~~~~~~~~~~~~~~~~~~~~~~~~~~~~~~~~~~~~~~~~~~~~~~~~~~~~~~~~~~~~~~~~~~~~~~~~~~~~~~~~~~~~~~~~~~~~~~~~~~~~
 4383 |                 } while (0);                                                                                                       \
      |                 ~~~~~~~~~~~~~~~~~~~~~~~~~~~~~~~~~~~~~~~~~~~~~~~~~~~~~~~~~~~~~~~~~~~~~~~~~~~~~~~~~~~~~~~~~~~~~~~~~~~~~~~~~~~~~~~~~~~~
 4384 |             });                                                                                                                    \
      |             ~~
vendor/picotls/include/picotls.h:1293:22: note: expanded from macro 'ptls_buffer_push_block'
 1293 |         if (capacity != -1) {                                                                                                      \
      |             ~~~~~~~~ ^  ~~
vendor/picotls/include/picotls.h:1344:75: note: expanded from macro 'ptls_push_message'
 1344 |         ptls_buffer_push_message_body(_emitter->buf, (key_sched), (type), block);                                                  \
      |                                                                           ^~~~~
vendor/picotls/include/picotls.h:1334:41: note: expanded from macro 'ptls_buffer_push_message_body'
 1334 |         ptls_buffer_push_block(_buf, 3, block);                                                                                    \
      |                                         ^~~~~
vendor/picotls/include/picotls.h:1290:13: note: expanded from macro 'ptls_buffer_push_block'
 1290 |             block                                                                                                                  \
      |             ^~~~~
vendor/picotls/lib/picotls.c:4807:9: warning: comparison of integers of different signs: 'size_t' (aka 'unsigned long') and 'int' [-Wsign-compare]
 4807 |         EMIT_SERVER_HELLO(
      |         ^~~~~~~~~~~~~~~~~~
 4808 |             tls->key_schedule,
      |             ~~~~~~~~~~~~~~~~~~
 4809 |             {
      |             ~
 4810 |                 tls->ctx->random_bytes(emitter->buf->base + emitter->buf->off, PTLS_HELLO_RANDOM_SIZE);
      |                 ~~~~~~~~~~~~~~~~~~~~~~~~~~~~~~~~~~~~~~~~~~~~~~~~~~~~~~~~~~~~~~~~~~~~~~~~~~~~~~~~~~~~~~~
 4811 |                 /* when accepting CHInner, last 8 byte of SH.random is zero for the handshake transcript */
      |                 ~~~~~~~~~~~~~~~~~~~~~~~~~~~~~~~~~~~~~~~~~~~~~~~~~~~~~~~~~~~~~~~~~~~~~~~~~~~~~~~~~~~~~~~~~~~
 4812 |                 if (ptls_is_ech_handshake(tls, NULL, NULL, NULL)) {
      |                 ~~~~~~~~~~~~~~~~~~~~~~~~~~~~~~~~~~~~~~~~~~~~~~~~~~~
 4813 |                     ech_confirm_off = emitter->buf->off + PTLS_HELLO_RANDOM_SIZE - PTLS_ECH_CONFIRM_LENGTH;
      |                     ~~~~~~~~~~~~~~~~~~~~~~~~~~~~~~~~~~~~~~~~~~~~~~~~~~~~~~~~~~~~~~~~~~~~~~~~~~~~~~~~~~~~~~~
 4814 |                     memset(emitter->buf->base + ech_confirm_off, 0, PTLS_ECH_CONFIRM_LENGTH);
      |                     ~~~~~~~~~~~~~~~~~~~~~~~~~~~~~~~~~~~~~~~~~~~~~~~~~~~~~~~~~~~~~~~~~~~~~~~~~
 4815 |                 }
      |                 ~
 4816 |             },
      |             ~~
 4817 |             {
      |             ~
 4818 |                 ptls_buffer_t *sendbuf = emitter->buf;
      |                 ~~~~~~~~~~~~~~~~~~~~~~~~~~~~~~~~~~~~~~
 4819 |                 if (mode != HANDSHAKE_MODE_PSK) {
      |                 ~~~~~~~~~~~~~~~~~~~~~~~~~~~~~~~~~
 4820 |                     buffer_push_extension(sendbuf, PTLS_EXTENSION_TYPE_KEY_SHARE, {
      |                     ~~~~~~~~~~~~~~~~~~~~~~~~~~~~~~~~~~~~~~~~~~~~~~~~~~~~~~~~~~~~~~~
 4821 |                         ptls_buffer_push16(sendbuf, key_share.algorithm->id);
      |                         ~~~~~~~~~~~~~~~~~~~~~~~~~~~~~~~~~~~~~~~~~~~~~~~~~~~~~
 4822 |                         ptls_buffer_push_block(sendbuf, 2, { ptls_buffer_pushv(sendbuf, pubkey.base, pubkey.len); });
      |                         ~~~~~~~~~~~~~~~~~~~~~~~~~~~~~~~~~~~~~~~~~~~~~~~~~~~~~~~~~~~~~~~~~~~~~~~~~~~~~~~~~~~~~~~~~~~~~
vendor/picotls/lib/picotls.c:4365:9: note: expanded from macro 'EMIT_SERVER_HELLO'
 4365 |         ptls_push_message(emitter, NULL, PTLS_HANDSHAKE_TYPE_SERVER_HELLO, {                                                       \
      |         ^~~~~~~~~~~~~~~~~~~~~~~~~~~~~~~~~~~~~~~~~~~~~~~~~~~~~~~~~~~~~~~~~~~~~~~~~~~~~~~~~~~~~~~~~~~~~~~~~~~~~~~~~~~~~~~~~~~~~~~~~~~~
 4366 |             sh_start_off = emitter->buf->off - PTLS_HANDSHAKE_HEADER_SIZE;                                                         \
      |             ~~~~~~~~~~~~~~~~~~~~~~~~~~~~~~~~~~~~~~~~~~~~~~~~~~~~~~~~~~~~~~~~~~~~~~~~~~~~~~~~~~~~~~~~~~~~~~~~~~~~~~~~~~~~~~~~~~~~~~~~
 4367 |             ptls_buffer_push16(emitter->buf, 0x0303 /* legacy version */);                                                         \
      |             ~~~~~~~~~~~~~~~~~~~~~~~~~~~~~~~~~~~~~~~~~~~~~~~~~~~~~~~~~~~~~~~~~~~~~~~~~~~~~~~~~~~~~~~~~~~~~~~~~~~~~~~~~~~~~~~~~~~~~~~~
 4368 |             if ((ret = ptls_buffer_reserve(emitter->buf, PTLS_HELLO_RANDOM_SIZE)) != 0)                                            \
      |             ~~~~~~~~~~~~~~~~~~~~~~~~~~~~~~~~~~~~~~~~~~~~~~~~~~~~~~~~~~~~~~~~~~~~~~~~~~~~~~~~~~~~~~~~~~~~~~~~~~~~~~~~~~~~~~~~~~~~~~~~
 4369 |                 goto Exit;                                                                                                         \
      |                 ~~~~~~~~~~~~~~~~~~~~~~~~~~~~~~~~~~~~~~~~~~~~~~~~~~~~~~~~~~~~~~~~~~~~~~~~~~~~~~~~~~~~~~~~~~~~~~~~~~~~~~~~~~~~~~~~~~~~
 4370 |             do {                                                                                                                   \
      |             ~~~~~~~~~~~~~~~~~~~~~~~~~~~~~~~~~~~~~~~~~~~~~~~~~~~~~~~~~~~~~~~~~~~~~~~~~~~~~~~~~~~~~~~~~~~~~~~~~~~~~~~~~~~~~~~~~~~~~~~~
 4371 |                 fill_rand                                                                                                          \
      |                 ~~~~~~~~~~~~~~~~~~~~~~~~~~~~~~~~~~~~~~~~~~~~~~~~~~~~~~~~~~~~~~~~~~~~~~~~~~~~~~~~~~~~~~~~~~~~~~~~~~~~~~~~~~~~~~~~~~~~
 4372 |             } while (0);                                                                                                           \
      |             ~~~~~~~~~~~~~~~~~~~~~~~~~~~~~~~~~~~~~~~~~~~~~~~~~~~~~~~~~~~~~~~~~~~~~~~~~~~~~~~~~~~~~~~~~~~~~~~~~~~~~~~~~~~~~~~~~~~~~~~~
 4373 |             emitter->buf->off += PTLS_HELLO_RANDOM_SIZE;                                                                           \
      |             ~~~~~~~~~~~~~~~~~~~~~~~~~~~~~~~~~~~~~~~~~~~~~~~~~~~~~~~~~~~~~~~~~~~~~~~~~~~~~~~~~~~~~~~~~~~~~~~~~~~~~~~~~~~~~~~~~~~~~~~~
 4374 |             ptls_buffer_push_block(emitter->buf, 1,                                                                                \
      |             ~~~~~~~~~~~~~~~~~~~~~~~~~~~~~~~~~~~~~~~~~~~~~~~~~~~~~~~~~~~~~~~~~~~~~~~~~~~~~~~~~~~~~~~~~~~~~~~~~~~~~~~~~~~~~~~~~~~~~~~~
 4375 |                                    { ptls_buffer_pushv(emitter->buf, ch->legacy_session_id.base, ch->legacy_session_id.len); });   \
      |                                    ~~~~~~~~~~~~~~~~~~~~~~~~~~~~~~~~~~~~~~~~~~~~~~~~~~~~~~~~~~~~~~~~~~~~~~~~~~~~~~~~~~~~~~~~~~~~~~~~~
 4376 |             ptls_buffer_push16(emitter->buf, tls->cipher_suite->id);                                                               \
      |             ~~~~~~~~~~~~~~~~~~~~~~~~~~~~~~~~~~~~~~~~~~~~~~~~~~~~~~~~~~~~~~~~~~~~~~~~~~~~~~~~~~~~~~~~~~~~~~~~~~~~~~~~~~~~~~~~~~~~~~~~
 4377 |             ptls_buffer_push(emitter->buf, 0);                                                                                     \
      |             ~~~~~~~~~~~~~~~~~~~~~~~~~~~~~~~~~~~~~~~~~~~~~~~~~~~~~~~~~~~~~~~~~~~~~~~~~~~~~~~~~~~~~~~~~~~~~~~~~~~~~~~~~~~~~~~~~~~~~~~~
 4378 |             ptls_buffer_push_block(emitter->buf, 2, {                                                                              \
      |             ~~~~~~~~~~~~~~~~~~~~~~~~~~~~~~~~~~~~~~~~~~~~~~~~~~~~~~~~~~~~~~~~~~~~~~~~~~~~~~~~~~~~~~~~~~~~~~~~~~~~~~~~~~~~~~~~~~~~~~~~
 4379 |                 buffer_push_extension(emitter->buf, PTLS_EXTENSION_TYPE_SUPPORTED_VERSIONS,                                        \
      |                 ~~~~~~~~~~~~~~~~~~~~~~~~~~~~~~~~~~~~~~~~~~~~~~~~~~~~~~~~~~~~~~~~~~~~~~~~~~~~~~~~~~~~~~~~~~~~~~~~~~~~~~~~~~~~~~~~~~~~
 4380 |                                       { ptls_buffer_push16(emitter->buf, ch->selected_version); });                                \
      |                                       ~~~~~~~~~~~~~~~~~~~~~~~~~~~~~~~~~~~~~~~~~~~~~~~~~~~~~~~~~~~~~~~~~~~~~~~~~~~~~~~~~~~~~~~~~~~~~~
vendor/picotls/include/picotls.h:1344:9: note: expanded from macro 'ptls_push_message'
 1344 |         ptls_buffer_push_message_body(_emitter->buf, (key_sched), (type), block);                                                  \
      |         ^~~~~~~~~~~~~~~~~~~~~~~~~~~~~~~~~~~~~~~~~~~~~~~~~~~~~~~~~~~~~~~~~~~~~~~~
vendor/picotls/include/picotls.h:1334:9: note: expanded from macro 'ptls_buffer_push_message_body'
 1334 |         ptls_buffer_push_block(_buf, 3, block);                                                                                    \
      |         ^~~~~~~~~~~~~~~~~~~~~~~~~~~~~~~~~~~~~~
vendor/picotls/include/picotls.h:1293:22: note: expanded from macro 'ptls_buffer_push_block'
 1293 |         if (capacity != -1) {                                                                                                      \
      |             ~~~~~~~~ ^  ~~
vendor/picotls/lib/picotls.c:4865:5: warning: comparison of integers of different signs: 'size_t' (aka 'unsigned long') and 'int' [-Wsign-compare]
 4865 |     ptls_push_message(emitter, tls->key_schedule, PTLS_HANDSHAKE_TYPE_ENCRYPTED_EXTENSIONS, {
      |     ^~~~~~~~~~~~~~~~~~~~~~~~~~~~~~~~~~~~~~~~~~~~~~~~~~~~~~~~~~~~~~~~~~~~~~~~~~~~~~~~~~~~~~~~~
 4866 |         ptls_buffer_t *sendbuf = emitter->buf;
      |         ~~~~~~~~~~~~~~~~~~~~~~~~~~~~~~~~~~~~~~
 4867 |         ptls_buffer_push_block(sendbuf, 2, {
      |         ~~~~~~~~~~~~~~~~~~~~~~~~~~~~~~~~~~~~
 4868 |             if (tls->server_name != NULL) {
      |             ~~~~~~~~~~~~~~~~~~~~~~~~~~~~~~~
 4869 |                 /* In this event, the server SHALL include an extension of type "server_name" in the (extended) server hello.
      |                 ~~~~~~~~~~~~~~~~~~~~~~~~~~~~~~~~~~~~~~~~~~~~~~~~~~~~~~~~~~~~~~~~~~~~~~~~~~~~~~~~~~~~~~~~~~~~~~~~~~~~~~~~~~~~~
 4870 |                  * The "extension_data" field of this extension SHALL be empty. (RFC 6066 section 3) */
      |                  ~~~~~~~~~~~~~~~~~~~~~~~~~~~~~~~~~~~~~~~~~~~~~~~~~~~~~~~~~~~~~~~~~~~~~~~~~~~~~~~~~~~~~~
 4871 |                 buffer_push_extension(sendbuf, PTLS_EXTENSION_TYPE_SERVER_NAME, {});
      |                 ~~~~~~~~~~~~~~~~~~~~~~~~~~~~~~~~~~~~~~~~~~~~~~~~~~~~~~~~~~~~~~~~~~~~
 4872 |             }
      |             ~
 4873 |             if (tls->ctx->use_raw_public_keys) {
      |             ~~~~~~~~~~~~~~~~~~~~~~~~~~~~~~~~~~~~
 4874 |                 buffer_push_extension(sendbuf, PTLS_EXTENSION_TYPE_SERVER_CERTIFICATE_TYPE,
      |                 ~~~~~~~~~~~~~~~~~~~~~~~~~~~~~~~~~~~~~~~~~~~~~~~~~~~~~~~~~~~~~~~~~~~~~~~~~~~
 4875 |                                       { ptls_buffer_push(sendbuf, PTLS_CERTIFICATE_TYPE_RAW_PUBLIC_KEY); });
      |                                       ~~~~~~~~~~~~~~~~~~~~~~~~~~~~~~~~~~~~~~~~~~~~~~~~~~~~~~~~~~~~~~~~~~~~~~
 4876 |             }
      |             ~
 4877 |             if (tls->negotiated_protocol != NULL) {
      |             ~~~~~~~~~~~~~~~~~~~~~~~~~~~~~~~~~~~~~~~
 4878 |                 buffer_push_extension(sendbuf, PTLS_EXTENSION_TYPE_ALPN, {
      |                 ~~~~~~~~~~~~~~~~~~~~~~~~~~~~~~~~~~~~~~~~~~~~~~~~~~~~~~~~~~
 4879 |                     ptls_buffer_push_block(sendbuf, 2, {
      |                     ~~~~~~~~~~~~~~~~~~~~~~~~~~~~~~~~~~~~
 4880 |                         ptls_buffer_push_block(sendbuf, 1, {
      |                         ~~~~~~~~~~~~~~~~~~~~~~~~~~~~~~~~~~~~
vendor/picotls/include/picotls.h:1344:9: note: expanded from macro 'ptls_push_message'
 1344 |         ptls_buffer_push_message_body(_emitter->buf, (key_sched), (type), block);                                                  \
      |         ^~~~~~~~~~~~~~~~~~~~~~~~~~~~~~~~~~~~~~~~~~~~~~~~~~~~~~~~~~~~~~~~~~~~~~~~
vendor/picotls/include/picotls.h:1334:9: note: expanded from macro 'ptls_buffer_push_message_body'
 1334 |         ptls_buffer_push_block(_buf, 3, block);                                                                                    \
      |         ^~~~~~~~~~~~~~~~~~~~~~~~~~~~~~~~~~~~~~
vendor/picotls/include/picotls.h:1287:72: note: expanded from macro 'ptls_buffer_push_block'
 1287 |         ptls_buffer_pushv((buf), (uint8_t *)"\0\0\0\0\0\0\0", capacity != -1 ? capacity : 1);                                      \
      |                                                               ~~~~~~~~ ^  ~~
vendor/picotls/include/picotls.h:1241:57: note: expanded from macro 'ptls_buffer_pushv'
 1241 |         if ((ret = ptls_buffer__do_pushv((buf), (src), (len))) != 0)                                                               \
      |                                                         ^~~
vendor/picotls/lib/picotls.c:4867:9: warning: comparison of integers of different signs: 'size_t' (aka 'unsigned long') and 'int' [-Wsign-compare]
 4867 |         ptls_buffer_push_block(sendbuf, 2, {
      |         ^~~~~~~~~~~~~~~~~~~~~~~~~~~~~~~~~~~~
 4868 |             if (tls->server_name != NULL) {
      |             ~~~~~~~~~~~~~~~~~~~~~~~~~~~~~~~
 4869 |                 /* In this event, the server SHALL include an extension of type "server_name" in the (extended) server hello.
      |                 ~~~~~~~~~~~~~~~~~~~~~~~~~~~~~~~~~~~~~~~~~~~~~~~~~~~~~~~~~~~~~~~~~~~~~~~~~~~~~~~~~~~~~~~~~~~~~~~~~~~~~~~~~~~~~
 4870 |                  * The "extension_data" field of this extension SHALL be empty. (RFC 6066 section 3) */
      |                  ~~~~~~~~~~~~~~~~~~~~~~~~~~~~~~~~~~~~~~~~~~~~~~~~~~~~~~~~~~~~~~~~~~~~~~~~~~~~~~~~~~~~~~
 4871 |                 buffer_push_extension(sendbuf, PTLS_EXTENSION_TYPE_SERVER_NAME, {});
      |                 ~~~~~~~~~~~~~~~~~~~~~~~~~~~~~~~~~~~~~~~~~~~~~~~~~~~~~~~~~~~~~~~~~~~~
 4872 |             }
      |             ~
 4873 |             if (tls->ctx->use_raw_public_keys) {
      |             ~~~~~~~~~~~~~~~~~~~~~~~~~~~~~~~~~~~~
 4874 |                 buffer_push_extension(sendbuf, PTLS_EXTENSION_TYPE_SERVER_CERTIFICATE_TYPE,
      |                 ~~~~~~~~~~~~~~~~~~~~~~~~~~~~~~~~~~~~~~~~~~~~~~~~~~~~~~~~~~~~~~~~~~~~~~~~~~~
 4875 |                                       { ptls_buffer_push(sendbuf, PTLS_CERTIFICATE_TYPE_RAW_PUBLIC_KEY); });
      |                                       ~~~~~~~~~~~~~~~~~~~~~~~~~~~~~~~~~~~~~~~~~~~~~~~~~~~~~~~~~~~~~~~~~~~~~~
 4876 |             }
      |             ~
 4877 |             if (tls->negotiated_protocol != NULL) {
      |             ~~~~~~~~~~~~~~~~~~~~~~~~~~~~~~~~~~~~~~~
 4878 |                 buffer_push_extension(sendbuf, PTLS_EXTENSION_TYPE_ALPN, {
      |                 ~~~~~~~~~~~~~~~~~~~~~~~~~~~~~~~~~~~~~~~~~~~~~~~~~~~~~~~~~~
 4879 |                     ptls_buffer_push_block(sendbuf, 2, {
      |                     ~~~~~~~~~~~~~~~~~~~~~~~~~~~~~~~~~~~~
 4880 |                         ptls_buffer_push_block(sendbuf, 1, {
      |                         ~~~~~~~~~~~~~~~~~~~~~~~~~~~~~~~~~~~~
 4881 |                             ptls_buffer_pushv(sendbuf, tls->negotiated_protocol, strlen(tls->negotiated_protocol));
      |                             ~~~~~~~~~~~~~~~~~~~~~~~~~~~~~~~~~~~~~~~~~~~~~~~~~~~~~~~~~~~~~~~~~~~~~~~~~~~~~~~~~~~~~~~
 4882 |                         });
      |                         ~~~
vendor/picotls/include/picotls.h:1287:72: note: expanded from macro 'ptls_buffer_push_block'
 1287 |         ptls_buffer_pushv((buf), (uint8_t *)"\0\0\0\0\0\0\0", capacity != -1 ? capacity : 1);                                      \
      |                                                               ~~~~~~~~ ^  ~~
vendor/picotls/include/picotls.h:1241:57: note: expanded from macro 'ptls_buffer_pushv'
 1241 |         if ((ret = ptls_buffer__do_pushv((buf), (src), (len))) != 0)                                                               \
      |                                                         ^~~
vendor/picotls/include/picotls.h:1344:75: note: expanded from macro 'ptls_push_message'
 1344 |         ptls_buffer_push_message_body(_emitter->buf, (key_sched), (type), block);                                                  \
      |                                                                           ^~~~~
vendor/picotls/include/picotls.h:1334:41: note: expanded from macro 'ptls_buffer_push_message_body'
 1334 |         ptls_buffer_push_block(_buf, 3, block);                                                                                    \
      |                                         ^~~~~
vendor/picotls/include/picotls.h:1290:13: note: expanded from macro 'ptls_buffer_push_block'
 1290 |             block                                                                                                                  \
      |             ^~~~~
vendor/picotls/lib/picotls.c:4871:17: warning: comparison of integers of different signs: 'size_t' (aka 'unsigned long') and 'int' [-Wsign-compare]
 4871 |                 buffer_push_extension(sendbuf, PTLS_EXTENSION_TYPE_SERVER_NAME, {});
      |                 ^~~~~~~~~~~~~~~~~~~~~~~~~~~~~~~~~~~~~~~~~~~~~~~~~~~~~~~~~~~~~~~~~~~
vendor/picotls/lib/picotls.c:894:9: note: expanded from macro 'buffer_push_extension'
  894 |         ptls_buffer_push_block((buf), 2, block);                                                                                   \
      |         ^~~~~~~~~~~~~~~~~~~~~~~~~~~~~~~~~~~~~~~
vendor/picotls/include/picotls.h:1287:72: note: expanded from macro 'ptls_buffer_push_block'
 1287 |         ptls_buffer_pushv((buf), (uint8_t *)"\0\0\0\0\0\0\0", capacity != -1 ? capacity : 1);                                      \
      |                                                               ~~~~~~~~ ^  ~~
vendor/picotls/include/picotls.h:1241:57: note: expanded from macro 'ptls_buffer_pushv'
 1241 |         if ((ret = ptls_buffer__do_pushv((buf), (src), (len))) != 0)                                                               \
      |                                                         ^~~
note: (skipping 1 expansions in backtrace; use -fmacro-backtrace-limit=0 to see all)
vendor/picotls/include/picotls.h:1344:75: note: expanded from macro 'ptls_push_message'
 1344 |         ptls_buffer_push_message_body(_emitter->buf, (key_sched), (type), block);                                                  \
      |                                                                           ^~~~~
vendor/picotls/include/picotls.h:1334:41: note: expanded from macro 'ptls_buffer_push_message_body'
 1334 |         ptls_buffer_push_block(_buf, 3, block);                                                                                    \
      |                                         ^~~~~
vendor/picotls/include/picotls.h:1290:13: note: expanded from macro 'ptls_buffer_push_block'
 1290 |             block                                                                                                                  \
      |             ^~~~~
vendor/picotls/lib/picotls.c:4871:17: warning: comparison of integers of different signs: 'size_t' (aka 'unsigned long') and 'int' [-Wsign-compare]
 4871 |                 buffer_push_extension(sendbuf, PTLS_EXTENSION_TYPE_SERVER_NAME, {});
      |                 ^~~~~~~~~~~~~~~~~~~~~~~~~~~~~~~~~~~~~~~~~~~~~~~~~~~~~~~~~~~~~~~~~~~
vendor/picotls/lib/picotls.c:894:9: note: expanded from macro 'buffer_push_extension'
  894 |         ptls_buffer_push_block((buf), 2, block);                                                                                   \
      |         ^~~~~~~~~~~~~~~~~~~~~~~~~~~~~~~~~~~~~~~
vendor/picotls/include/picotls.h:1293:22: note: expanded from macro 'ptls_buffer_push_block'
 1293 |         if (capacity != -1) {                                                                                                      \
      |             ~~~~~~~~ ^  ~~
vendor/picotls/include/picotls.h:1290:13: note: expanded from macro 'ptls_buffer_push_block'
 1290 |             block                                                                                                                  \
      |             ^~~~~
vendor/picotls/include/picotls.h:1344:75: note: expanded from macro 'ptls_push_message'
 1344 |         ptls_buffer_push_message_body(_emitter->buf, (key_sched), (type), block);                                                  \
      |                                                                           ^~~~~
vendor/picotls/include/picotls.h:1334:41: note: expanded from macro 'ptls_buffer_push_message_body'
 1334 |         ptls_buffer_push_block(_buf, 3, block);                                                                                    \
      |                                         ^~~~~
vendor/picotls/include/picotls.h:1290:13: note: expanded from macro 'ptls_buffer_push_block'
 1290 |             block                                                                                                                  \
      |             ^~~~~
vendor/picotls/lib/picotls.c:4874:17: warning: comparison of integers of different signs: 'size_t' (aka 'unsigned long') and 'int' [-Wsign-compare]
 4874 |                 buffer_push_extension(sendbuf, PTLS_EXTENSION_TYPE_SERVER_CERTIFICATE_TYPE,
      |                 ^~~~~~~~~~~~~~~~~~~~~~~~~~~~~~~~~~~~~~~~~~~~~~~~~~~~~~~~~~~~~~~~~~~~~~~~~~~
 4875 |                                       { ptls_buffer_push(sendbuf, PTLS_CERTIFICATE_TYPE_RAW_PUBLIC_KEY); });
      |                                       ~~~~~~~~~~~~~~~~~~~~~~~~~~~~~~~~~~~~~~~~~~~~~~~~~~~~~~~~~~~~~~~~~~~~~
vendor/picotls/lib/picotls.c:894:9: note: expanded from macro 'buffer_push_extension'
  894 |         ptls_buffer_push_block((buf), 2, block);                                                                                   \
      |         ^~~~~~~~~~~~~~~~~~~~~~~~~~~~~~~~~~~~~~~
vendor/picotls/include/picotls.h:1287:72: note: expanded from macro 'ptls_buffer_push_block'
 1287 |         ptls_buffer_pushv((buf), (uint8_t *)"\0\0\0\0\0\0\0", capacity != -1 ? capacity : 1);                                      \
      |                                                               ~~~~~~~~ ^  ~~
vendor/picotls/include/picotls.h:1241:57: note: expanded from macro 'ptls_buffer_pushv'
 1241 |         if ((ret = ptls_buffer__do_pushv((buf), (src), (len))) != 0)                                                               \
      |                                                         ^~~
note: (skipping 1 expansions in backtrace; use -fmacro-backtrace-limit=0 to see all)
vendor/picotls/include/picotls.h:1344:75: note: expanded from macro 'ptls_push_message'
 1344 |         ptls_buffer_push_message_body(_emitter->buf, (key_sched), (type), block);                                                  \
      |                                                                           ^~~~~
vendor/picotls/include/picotls.h:1334:41: note: expanded from macro 'ptls_buffer_push_message_body'
 1334 |         ptls_buffer_push_block(_buf, 3, block);                                                                                    \
      |                                         ^~~~~
vendor/picotls/include/picotls.h:1290:13: note: expanded from macro 'ptls_buffer_push_block'
 1290 |             block                                                                                                                  \
      |             ^~~~~
vendor/picotls/lib/picotls.c:4874:17: warning: comparison of integers of different signs: 'size_t' (aka 'unsigned long') and 'int' [-Wsign-compare]
 4874 |                 buffer_push_extension(sendbuf, PTLS_EXTENSION_TYPE_SERVER_CERTIFICATE_TYPE,
      |                 ^~~~~~~~~~~~~~~~~~~~~~~~~~~~~~~~~~~~~~~~~~~~~~~~~~~~~~~~~~~~~~~~~~~~~~~~~~~
 4875 |                                       { ptls_buffer_push(sendbuf, PTLS_CERTIFICATE_TYPE_RAW_PUBLIC_KEY); });
      |                                       ~~~~~~~~~~~~~~~~~~~~~~~~~~~~~~~~~~~~~~~~~~~~~~~~~~~~~~~~~~~~~~~~~~~~~
vendor/picotls/lib/picotls.c:894:9: note: expanded from macro 'buffer_push_extension'
  894 |         ptls_buffer_push_block((buf), 2, block);                                                                                   \
      |         ^~~~~~~~~~~~~~~~~~~~~~~~~~~~~~~~~~~~~~~
vendor/picotls/include/picotls.h:1293:22: note: expanded from macro 'ptls_buffer_push_block'
 1293 |         if (capacity != -1) {                                                                                                      \
      |             ~~~~~~~~ ^  ~~
vendor/picotls/include/picotls.h:1290:13: note: expanded from macro 'ptls_buffer_push_block'
 1290 |             block                                                                                                                  \
      |             ^~~~~
vendor/picotls/include/picotls.h:1344:75: note: expanded from macro 'ptls_push_message'
 1344 |         ptls_buffer_push_message_body(_emitter->buf, (key_sched), (type), block);                                                  \
      |                                                                           ^~~~~
vendor/picotls/include/picotls.h:1334:41: note: expanded from macro 'ptls_buffer_push_message_body'
 1334 |         ptls_buffer_push_block(_buf, 3, block);                                                                                    \
      |                                         ^~~~~
vendor/picotls/include/picotls.h:1290:13: note: expanded from macro 'ptls_buffer_push_block'
 1290 |             block                                                                                                                  \
      |             ^~~~~
vendor/picotls/lib/picotls.c:4878:17: warning: comparison of integers of different signs: 'size_t' (aka 'unsigned long') and 'int' [-Wsign-compare]
 4878 |                 buffer_push_extension(sendbuf, PTLS_EXTENSION_TYPE_ALPN, {
      |                 ^~~~~~~~~~~~~~~~~~~~~~~~~~~~~~~~~~~~~~~~~~~~~~~~~~~~~~~~~~
 4879 |                     ptls_buffer_push_block(sendbuf, 2, {
      |                     ~~~~~~~~~~~~~~~~~~~~~~~~~~~~~~~~~~~~
 4880 |                         ptls_buffer_push_block(sendbuf, 1, {
      |                         ~~~~~~~~~~~~~~~~~~~~~~~~~~~~~~~~~~~~
 4881 |                             ptls_buffer_pushv(sendbuf, tls->negotiated_protocol, strlen(tls->negotiated_protocol));
      |                             ~~~~~~~~~~~~~~~~~~~~~~~~~~~~~~~~~~~~~~~~~~~~~~~~~~~~~~~~~~~~~~~~~~~~~~~~~~~~~~~~~~~~~~~
 4882 |                         });
      |                         ~~~
 4883 |                     });
      |                     ~~~
 4884 |                 });
      |                 ~~
vendor/picotls/lib/picotls.c:894:9: note: expanded from macro 'buffer_push_extension'
  894 |         ptls_buffer_push_block((buf), 2, block);                                                                                   \
      |         ^~~~~~~~~~~~~~~~~~~~~~~~~~~~~~~~~~~~~~~
vendor/picotls/include/picotls.h:1287:72: note: expanded from macro 'ptls_buffer_push_block'
 1287 |         ptls_buffer_pushv((buf), (uint8_t *)"\0\0\0\0\0\0\0", capacity != -1 ? capacity : 1);                                      \
      |                                                               ~~~~~~~~ ^  ~~
vendor/picotls/include/picotls.h:1241:57: note: expanded from macro 'ptls_buffer_pushv'
 1241 |         if ((ret = ptls_buffer__do_pushv((buf), (src), (len))) != 0)                                                               \
      |                                                         ^~~
note: (skipping 1 expansions in backtrace; use -fmacro-backtrace-limit=0 to see all)
vendor/picotls/include/picotls.h:1344:75: note: expanded from macro 'ptls_push_message'
 1344 |         ptls_buffer_push_message_body(_emitter->buf, (key_sched), (type), block);                                                  \
      |                                                                           ^~~~~
vendor/picotls/include/picotls.h:1334:41: note: expanded from macro 'ptls_buffer_push_message_body'
 1334 |         ptls_buffer_push_block(_buf, 3, block);                                                                                    \
      |                                         ^~~~~
vendor/picotls/include/picotls.h:1290:13: note: expanded from macro 'ptls_buffer_push_block'
 1290 |             block                                                                                                                  \
      |             ^~~~~
vendor/picotls/lib/picotls.c:4879:21: warning: comparison of integers of different signs: 'size_t' (aka 'unsigned long') and 'int' [-Wsign-compare]
 4879 |                     ptls_buffer_push_block(sendbuf, 2, {
      |                     ^~~~~~~~~~~~~~~~~~~~~~~~~~~~~~~~~~~~
 4880 |                         ptls_buffer_push_block(sendbuf, 1, {
      |                         ~~~~~~~~~~~~~~~~~~~~~~~~~~~~~~~~~~~~
 4881 |                             ptls_buffer_pushv(sendbuf, tls->negotiated_protocol, strlen(tls->negotiated_protocol));
      |                             ~~~~~~~~~~~~~~~~~~~~~~~~~~~~~~~~~~~~~~~~~~~~~~~~~~~~~~~~~~~~~~~~~~~~~~~~~~~~~~~~~~~~~~~
 4882 |                         });
      |                         ~~~
 4883 |                     });
      |                     ~~
vendor/picotls/include/picotls.h:1287:72: note: expanded from macro 'ptls_buffer_push_block'
 1287 |         ptls_buffer_pushv((buf), (uint8_t *)"\0\0\0\0\0\0\0", capacity != -1 ? capacity : 1);                                      \
      |                                                               ~~~~~~~~ ^  ~~
vendor/picotls/include/picotls.h:1241:57: note: expanded from macro 'ptls_buffer_pushv'
 1241 |         if ((ret = ptls_buffer__do_pushv((buf), (src), (len))) != 0)                                                               \
      |                                                         ^~~
vendor/picotls/lib/picotls.c:894:42: note: expanded from macro 'buffer_push_extension'
  894 |         ptls_buffer_push_block((buf), 2, block);                                                                                   \
      |                                          ^~~~~
note: (skipping 2 expansions in backtrace; use -fmacro-backtrace-limit=0 to see all)
vendor/picotls/include/picotls.h:1344:75: note: expanded from macro 'ptls_push_message'
 1344 |         ptls_buffer_push_message_body(_emitter->buf, (key_sched), (type), block);                                                  \
      |                                                                           ^~~~~
vendor/picotls/include/picotls.h:1334:41: note: expanded from macro 'ptls_buffer_push_message_body'
 1334 |         ptls_buffer_push_block(_buf, 3, block);                                                                                    \
      |                                         ^~~~~
vendor/picotls/include/picotls.h:1290:13: note: expanded from macro 'ptls_buffer_push_block'
 1290 |             block                                                                                                                  \
      |             ^~~~~
vendor/picotls/lib/picotls.c:4880:25: warning: comparison of integers of different signs: 'size_t' (aka 'unsigned long') and 'int' [-Wsign-compare]
 4880 |                         ptls_buffer_push_block(sendbuf, 1, {
      |                         ^~~~~~~~~~~~~~~~~~~~~~~~~~~~~~~~~~~~
 4881 |                             ptls_buffer_pushv(sendbuf, tls->negotiated_protocol, strlen(tls->negotiated_protocol));
      |                             ~~~~~~~~~~~~~~~~~~~~~~~~~~~~~~~~~~~~~~~~~~~~~~~~~~~~~~~~~~~~~~~~~~~~~~~~~~~~~~~~~~~~~~~
 4882 |                         });
      |                         ~~
vendor/picotls/include/picotls.h:1287:72: note: expanded from macro 'ptls_buffer_push_block'
 1287 |         ptls_buffer_pushv((buf), (uint8_t *)"\0\0\0\0\0\0\0", capacity != -1 ? capacity : 1);                                      \
      |                                                               ~~~~~~~~ ^  ~~
vendor/picotls/include/picotls.h:1241:57: note: expanded from macro 'ptls_buffer_pushv'
 1241 |         if ((ret = ptls_buffer__do_pushv((buf), (src), (len))) != 0)                                                               \
      |                                                         ^~~
vendor/picotls/include/picotls.h:1290:13: note: expanded from macro 'ptls_buffer_push_block'
 1290 |             block                                                                                                                  \
      |             ^~~~~
note: (skipping 3 expansions in backtrace; use -fmacro-backtrace-limit=0 to see all)
vendor/picotls/include/picotls.h:1344:75: note: expanded from macro 'ptls_push_message'
 1344 |         ptls_buffer_push_message_body(_emitter->buf, (key_sched), (type), block);                                                  \
      |                                                                           ^~~~~
vendor/picotls/include/picotls.h:1334:41: note: expanded from macro 'ptls_buffer_push_message_body'
 1334 |         ptls_buffer_push_block(_buf, 3, block);                                                                                    \
      |                                         ^~~~~
vendor/picotls/include/picotls.h:1290:13: note: expanded from macro 'ptls_buffer_push_block'
 1290 |             block                                                                                                                  \
      |             ^~~~~
vendor/picotls/lib/picotls.c:4880:25: warning: comparison of integers of different signs: 'size_t' (aka 'unsigned long') and 'int' [-Wsign-compare]
 4880 |                         ptls_buffer_push_block(sendbuf, 1, {
      |                         ^~~~~~~~~~~~~~~~~~~~~~~~~~~~~~~~~~~~
 4881 |                             ptls_buffer_pushv(sendbuf, tls->negotiated_protocol, strlen(tls->negotiated_protocol));
      |                             ~~~~~~~~~~~~~~~~~~~~~~~~~~~~~~~~~~~~~~~~~~~~~~~~~~~~~~~~~~~~~~~~~~~~~~~~~~~~~~~~~~~~~~~
 4882 |                         });
      |                         ~~
vendor/picotls/include/picotls.h:1293:22: note: expanded from macro 'ptls_buffer_push_block'
 1293 |         if (capacity != -1) {                                                                                                      \
      |             ~~~~~~~~ ^  ~~
vendor/picotls/include/picotls.h:1290:13: note: expanded from macro 'ptls_buffer_push_block'
 1290 |             block                                                                                                                  \
      |             ^~~~~
vendor/picotls/lib/picotls.c:894:42: note: expanded from macro 'buffer_push_extension'
  894 |         ptls_buffer_push_block((buf), 2, block);                                                                                   \
      |                                          ^~~~~
note: (skipping 2 expansions in backtrace; use -fmacro-backtrace-limit=0 to see all)
vendor/picotls/include/picotls.h:1344:75: note: expanded from macro 'ptls_push_message'
 1344 |         ptls_buffer_push_message_body(_emitter->buf, (key_sched), (type), block);                                                  \
      |                                                                           ^~~~~
vendor/picotls/include/picotls.h:1334:41: note: expanded from macro 'ptls_buffer_push_message_body'
 1334 |         ptls_buffer_push_block(_buf, 3, block);                                                                                    \
      |                                         ^~~~~
vendor/picotls/include/picotls.h:1290:13: note: expanded from macro 'ptls_buffer_push_block'
 1290 |             block                                                                                                                  \
      |             ^~~~~
vendor/picotls/lib/picotls.c:4879:21: warning: comparison of integers of different signs: 'size_t' (aka 'unsigned long') and 'int' [-Wsign-compare]
 4879 |                     ptls_buffer_push_block(sendbuf, 2, {
      |                     ^~~~~~~~~~~~~~~~~~~~~~~~~~~~~~~~~~~~
 4880 |                         ptls_buffer_push_block(sendbuf, 1, {
      |                         ~~~~~~~~~~~~~~~~~~~~~~~~~~~~~~~~~~~~
 4881 |                             ptls_buffer_pushv(sendbuf, tls->negotiated_protocol, strlen(tls->negotiated_protocol));
      |                             ~~~~~~~~~~~~~~~~~~~~~~~~~~~~~~~~~~~~~~~~~~~~~~~~~~~~~~~~~~~~~~~~~~~~~~~~~~~~~~~~~~~~~~~
 4882 |                         });
      |                         ~~~
 4883 |                     });
      |                     ~~
vendor/picotls/include/picotls.h:1293:22: note: expanded from macro 'ptls_buffer_push_block'
 1293 |         if (capacity != -1) {                                                                                                      \
      |             ~~~~~~~~ ^  ~~
vendor/picotls/lib/picotls.c:894:42: note: expanded from macro 'buffer_push_extension'
  894 |         ptls_buffer_push_block((buf), 2, block);                                                                                   \
      |                                          ^~~~~
vendor/picotls/include/picotls.h:1290:13: note: expanded from macro 'ptls_buffer_push_block'
 1290 |             block                                                                                                                  \
      |             ^~~~~
note: (skipping 1 expansions in backtrace; use -fmacro-backtrace-limit=0 to see all)
vendor/picotls/include/picotls.h:1344:75: note: expanded from macro 'ptls_push_message'
 1344 |         ptls_buffer_push_message_body(_emitter->buf, (key_sched), (type), block);                                                  \
      |                                                                           ^~~~~
vendor/picotls/include/picotls.h:1334:41: note: expanded from macro 'ptls_buffer_push_message_body'
 1334 |         ptls_buffer_push_block(_buf, 3, block);                                                                                    \
      |                                         ^~~~~
vendor/picotls/include/picotls.h:1290:13: note: expanded from macro 'ptls_buffer_push_block'
 1290 |             block                                                                                                                  \
      |             ^~~~~
vendor/picotls/lib/picotls.c:4878:17: warning: comparison of integers of different signs: 'size_t' (aka 'unsigned long') and 'int' [-Wsign-compare]
 4878 |                 buffer_push_extension(sendbuf, PTLS_EXTENSION_TYPE_ALPN, {
      |                 ^~~~~~~~~~~~~~~~~~~~~~~~~~~~~~~~~~~~~~~~~~~~~~~~~~~~~~~~~~
 4879 |                     ptls_buffer_push_block(sendbuf, 2, {
      |                     ~~~~~~~~~~~~~~~~~~~~~~~~~~~~~~~~~~~~
 4880 |                         ptls_buffer_push_block(sendbuf, 1, {
      |                         ~~~~~~~~~~~~~~~~~~~~~~~~~~~~~~~~~~~~
 4881 |                             ptls_buffer_pushv(sendbuf, tls->negotiated_protocol, strlen(tls->negotiated_protocol));
      |                             ~~~~~~~~~~~~~~~~~~~~~~~~~~~~~~~~~~~~~~~~~~~~~~~~~~~~~~~~~~~~~~~~~~~~~~~~~~~~~~~~~~~~~~~
 4882 |                         });
      |                         ~~~
 4883 |                     });
      |                     ~~~
 4884 |                 });
      |                 ~~
vendor/picotls/lib/picotls.c:894:9: note: expanded from macro 'buffer_push_extension'
  894 |         ptls_buffer_push_block((buf), 2, block);                                                                                   \
      |         ^~~~~~~~~~~~~~~~~~~~~~~~~~~~~~~~~~~~~~~
vendor/picotls/include/picotls.h:1293:22: note: expanded from macro 'ptls_buffer_push_block'
 1293 |         if (capacity != -1) {                                                                                                      \
      |             ~~~~~~~~ ^  ~~
vendor/picotls/include/picotls.h:1290:13: note: expanded from macro 'ptls_buffer_push_block'
 1290 |             block                                                                                                                  \
      |             ^~~~~
vendor/picotls/include/picotls.h:1344:75: note: expanded from macro 'ptls_push_message'
 1344 |         ptls_buffer_push_message_body(_emitter->buf, (key_sched), (type), block);                                                  \
      |                                                                           ^~~~~
vendor/picotls/include/picotls.h:1334:41: note: expanded from macro 'ptls_buffer_push_message_body'
 1334 |         ptls_buffer_push_block(_buf, 3, block);                                                                                    \
      |                                         ^~~~~
vendor/picotls/include/picotls.h:1290:13: note: expanded from macro 'ptls_buffer_push_block'
 1290 |             block                                                                                                                  \
      |             ^~~~~
vendor/picotls/lib/picotls.c:4887:17: warning: comparison of integers of different signs: 'size_t' (aka 'unsigned long') and 'int' [-Wsign-compare]
 4887 |                 buffer_push_extension(sendbuf, PTLS_EXTENSION_TYPE_EARLY_DATA, {});
      |                 ^~~~~~~~~~~~~~~~~~~~~~~~~~~~~~~~~~~~~~~~~~~~~~~~~~~~~~~~~~~~~~~~~~
vendor/picotls/lib/picotls.c:894:9: note: expanded from macro 'buffer_push_extension'
  894 |         ptls_buffer_push_block((buf), 2, block);                                                                                   \
      |         ^~~~~~~~~~~~~~~~~~~~~~~~~~~~~~~~~~~~~~~
vendor/picotls/include/picotls.h:1287:72: note: expanded from macro 'ptls_buffer_push_block'
 1287 |         ptls_buffer_pushv((buf), (uint8_t *)"\0\0\0\0\0\0\0", capacity != -1 ? capacity : 1);                                      \
      |                                                               ~~~~~~~~ ^  ~~
vendor/picotls/include/picotls.h:1241:57: note: expanded from macro 'ptls_buffer_pushv'
 1241 |         if ((ret = ptls_buffer__do_pushv((buf), (src), (len))) != 0)                                                               \
      |                                                         ^~~
note: (skipping 1 expansions in backtrace; use -fmacro-backtrace-limit=0 to see all)
vendor/picotls/include/picotls.h:1344:75: note: expanded from macro 'ptls_push_message'
 1344 |         ptls_buffer_push_message_body(_emitter->buf, (key_sched), (type), block);                                                  \
      |                                                                           ^~~~~
vendor/picotls/include/picotls.h:1334:41: note: expanded from macro 'ptls_buffer_push_message_body'
 1334 |         ptls_buffer_push_block(_buf, 3, block);                                                                                    \
      |                                         ^~~~~
vendor/picotls/include/picotls.h:1290:13: note: expanded from macro 'ptls_buffer_push_block'
 1290 |             block                                                                                                                  \
      |             ^~~~~
vendor/picotls/lib/picotls.c:4887:17: warning: comparison of integers of different signs: 'size_t' (aka 'unsigned long') and 'int' [-Wsign-compare]
 4887 |                 buffer_push_extension(sendbuf, PTLS_EXTENSION_TYPE_EARLY_DATA, {});
      |                 ^~~~~~~~~~~~~~~~~~~~~~~~~~~~~~~~~~~~~~~~~~~~~~~~~~~~~~~~~~~~~~~~~~
vendor/picotls/lib/picotls.c:894:9: note: expanded from macro 'buffer_push_extension'
  894 |         ptls_buffer_push_block((buf), 2, block);                                                                                   \
      |         ^~~~~~~~~~~~~~~~~~~~~~~~~~~~~~~~~~~~~~~
vendor/picotls/include/picotls.h:1293:22: note: expanded from macro 'ptls_buffer_push_block'
 1293 |         if (capacity != -1) {                                                                                                      \
      |             ~~~~~~~~ ^  ~~
vendor/picotls/include/picotls.h:1290:13: note: expanded from macro 'ptls_buffer_push_block'
 1290 |             block                                                                                                                  \
      |             ^~~~~
vendor/picotls/include/picotls.h:1344:75: note: expanded from macro 'ptls_push_message'
 1344 |         ptls_buffer_push_message_body(_emitter->buf, (key_sched), (type), block);                                                  \
      |                                                                           ^~~~~
vendor/picotls/include/picotls.h:1334:41: note: expanded from macro 'ptls_buffer_push_message_body'
 1334 |         ptls_buffer_push_block(_buf, 3, block);                                                                                    \
      |                                         ^~~~~
vendor/picotls/include/picotls.h:1290:13: note: expanded from macro 'ptls_buffer_push_block'
 1290 |             block                                                                                                                  \
      |             ^~~~~
vendor/picotls/lib/picotls.c:4891:17: warning: comparison of integers of different signs: 'size_t' (aka 'unsigned long') and 'int' [-Wsign-compare]
 4891 |                 buffer_push_extension(sendbuf, PTLS_EXTENSION_TYPE_ENCRYPTED_CLIENT_HELLO, {
      |                 ^~~~~~~~~~~~~~~~~~~~~~~~~~~~~~~~~~~~~~~~~~~~~~~~~~~~~~~~~~~~~~~~~~~~~~~~~~~~
 4892 |                     ptls_buffer_pushv(sendbuf, tls->ctx->ech.server.retry_configs.base, tls->ctx->ech.server.retry_configs.len);
      |                     ~~~~~~~~~~~~~~~~~~~~~~~~~~~~~~~~~~~~~~~~~~~~~~~~~~~~~~~~~~~~~~~~~~~~~~~~~~~~~~~~~~~~~~~~~~~~~~~~~~~~~~~~~~~~
 4893 |                 });
      |                 ~~
vendor/picotls/lib/picotls.c:894:9: note: expanded from macro 'buffer_push_extension'
  894 |         ptls_buffer_push_block((buf), 2, block);                                                                                   \
      |         ^~~~~~~~~~~~~~~~~~~~~~~~~~~~~~~~~~~~~~~
vendor/picotls/include/picotls.h:1287:72: note: expanded from macro 'ptls_buffer_push_block'
 1287 |         ptls_buffer_pushv((buf), (uint8_t *)"\0\0\0\0\0\0\0", capacity != -1 ? capacity : 1);                                      \
      |                                                               ~~~~~~~~ ^  ~~
vendor/picotls/include/picotls.h:1241:57: note: expanded from macro 'ptls_buffer_pushv'
 1241 |         if ((ret = ptls_buffer__do_pushv((buf), (src), (len))) != 0)                                                               \
      |                                                         ^~~
note: (skipping 1 expansions in backtrace; use -fmacro-backtrace-limit=0 to see all)
vendor/picotls/include/picotls.h:1344:75: note: expanded from macro 'ptls_push_message'
 1344 |         ptls_buffer_push_message_body(_emitter->buf, (key_sched), (type), block);                                                  \
      |                                                                           ^~~~~
vendor/picotls/include/picotls.h:1334:41: note: expanded from macro 'ptls_buffer_push_message_body'
 1334 |         ptls_buffer_push_block(_buf, 3, block);                                                                                    \
      |                                         ^~~~~
vendor/picotls/include/picotls.h:1290:13: note: expanded from macro 'ptls_buffer_push_block'
 1290 |             block                                                                                                                  \
      |             ^~~~~
vendor/picotls/lib/picotls.c:4891:17: warning: comparison of integers of different signs: 'size_t' (aka 'unsigned long') and 'int' [-Wsign-compare]
 4891 |                 buffer_push_extension(sendbuf, PTLS_EXTENSION_TYPE_ENCRYPTED_CLIENT_HELLO, {
      |                 ^~~~~~~~~~~~~~~~~~~~~~~~~~~~~~~~~~~~~~~~~~~~~~~~~~~~~~~~~~~~~~~~~~~~~~~~~~~~
 4892 |                     ptls_buffer_pushv(sendbuf, tls->ctx->ech.server.retry_configs.base, tls->ctx->ech.server.retry_configs.len);
      |                     ~~~~~~~~~~~~~~~~~~~~~~~~~~~~~~~~~~~~~~~~~~~~~~~~~~~~~~~~~~~~~~~~~~~~~~~~~~~~~~~~~~~~~~~~~~~~~~~~~~~~~~~~~~~~
 4893 |                 });
      |                 ~~
vendor/picotls/lib/picotls.c:894:9: note: expanded from macro 'buffer_push_extension'
  894 |         ptls_buffer_push_block((buf), 2, block);                                                                                   \
      |         ^~~~~~~~~~~~~~~~~~~~~~~~~~~~~~~~~~~~~~~
vendor/picotls/include/picotls.h:1293:22: note: expanded from macro 'ptls_buffer_push_block'
 1293 |         if (capacity != -1) {                                                                                                      \
      |             ~~~~~~~~ ^  ~~
vendor/picotls/include/picotls.h:1290:13: note: expanded from macro 'ptls_buffer_push_block'
 1290 |             block                                                                                                                  \
      |             ^~~~~
vendor/picotls/include/picotls.h:1344:75: note: expanded from macro 'ptls_push_message'
 1344 |         ptls_buffer_push_message_body(_emitter->buf, (key_sched), (type), block);                                                  \
      |                                                                           ^~~~~
vendor/picotls/include/picotls.h:1334:41: note: expanded from macro 'ptls_buffer_push_message_body'
 1334 |         ptls_buffer_push_block(_buf, 3, block);                                                                                    \
      |                                         ^~~~~
vendor/picotls/include/picotls.h:1290:13: note: expanded from macro 'ptls_buffer_push_block'
 1290 |             block                                                                                                                  \
      |             ^~~~~
vendor/picotls/lib/picotls.c:4895:17: warning: comparison of integers of different signs: 'size_t' (aka 'unsigned long') and 'int' [-Wsign-compare]
 4895 |                 buffer_push_extension(sendbuf, PTLS_EXTENSION_TYPE_TICKET_REQUEST,
      |                 ^~~~~~~~~~~~~~~~~~~~~~~~~~~~~~~~~~~~~~~~~~~~~~~~~~~~~~~~~~~~~~~~~~
 4896 |                                       { ptls_buffer_push(sendbuf, tls->server.num_tickets_to_send); });
      |                                       ~~~~~~~~~~~~~~~~~~~~~~~~~~~~~~~~~~~~~~~~~~~~~~~~~~~~~~~~~~~~~~~~
vendor/picotls/lib/picotls.c:894:9: note: expanded from macro 'buffer_push_extension'
  894 |         ptls_buffer_push_block((buf), 2, block);                                                                                   \
      |         ^~~~~~~~~~~~~~~~~~~~~~~~~~~~~~~~~~~~~~~
vendor/picotls/include/picotls.h:1287:72: note: expanded from macro 'ptls_buffer_push_block'
 1287 |         ptls_buffer_pushv((buf), (uint8_t *)"\0\0\0\0\0\0\0", capacity != -1 ? capacity : 1);                                      \
      |                                                               ~~~~~~~~ ^  ~~
vendor/picotls/include/picotls.h:1241:57: note: expanded from macro 'ptls_buffer_pushv'
 1241 |         if ((ret = ptls_buffer__do_pushv((buf), (src), (len))) != 0)                                                               \
      |                                                         ^~~
note: (skipping 1 expansions in backtrace; use -fmacro-backtrace-limit=0 to see all)
vendor/picotls/include/picotls.h:1344:75: note: expanded from macro 'ptls_push_message'
 1344 |         ptls_buffer_push_message_body(_emitter->buf, (key_sched), (type), block);                                                  \
      |                                                                           ^~~~~
vendor/picotls/include/picotls.h:1334:41: note: expanded from macro 'ptls_buffer_push_message_body'
 1334 |         ptls_buffer_push_block(_buf, 3, block);                                                                                    \
      |                                         ^~~~~
vendor/picotls/include/picotls.h:1290:13: note: expanded from macro 'ptls_buffer_push_block'
 1290 |             block                                                                                                                  \
      |             ^~~~~
vendor/picotls/lib/picotls.c:4895:17: warning: comparison of integers of different signs: 'size_t' (aka 'unsigned long') and 'int' [-Wsign-compare]
 4895 |                 buffer_push_extension(sendbuf, PTLS_EXTENSION_TYPE_TICKET_REQUEST,
      |                 ^~~~~~~~~~~~~~~~~~~~~~~~~~~~~~~~~~~~~~~~~~~~~~~~~~~~~~~~~~~~~~~~~~
 4896 |                                       { ptls_buffer_push(sendbuf, tls->server.num_tickets_to_send); });
      |                                       ~~~~~~~~~~~~~~~~~~~~~~~~~~~~~~~~~~~~~~~~~~~~~~~~~~~~~~~~~~~~~~~~
vendor/picotls/lib/picotls.c:894:9: note: expanded from macro 'buffer_push_extension'
  894 |         ptls_buffer_push_block((buf), 2, block);                                                                                   \
      |         ^~~~~~~~~~~~~~~~~~~~~~~~~~~~~~~~~~~~~~~
vendor/picotls/include/picotls.h:1293:22: note: expanded from macro 'ptls_buffer_push_block'
 1293 |         if (capacity != -1) {                                                                                                      \
      |             ~~~~~~~~ ^  ~~
vendor/picotls/include/picotls.h:1290:13: note: expanded from macro 'ptls_buffer_push_block'
 1290 |             block                                                                                                                  \
      |             ^~~~~
vendor/picotls/include/picotls.h:1344:75: note: expanded from macro 'ptls_push_message'
 1344 |         ptls_buffer_push_message_body(_emitter->buf, (key_sched), (type), block);                                                  \
      |                                                                           ^~~~~
vendor/picotls/include/picotls.h:1334:41: note: expanded from macro 'ptls_buffer_push_message_body'
 1334 |         ptls_buffer_push_block(_buf, 3, block);                                                                                    \
      |                                         ^~~~~
vendor/picotls/include/picotls.h:1290:13: note: expanded from macro 'ptls_buffer_push_block'
 1290 |             block                                                                                                                  \
      |             ^~~~~
vendor/picotls/lib/picotls.c:4867:9: warning: comparison of integers of different signs: 'size_t' (aka 'unsigned long') and 'int' [-Wsign-compare]
 4867 |         ptls_buffer_push_block(sendbuf, 2, {
      |         ^~~~~~~~~~~~~~~~~~~~~~~~~~~~~~~~~~~~
 4868 |             if (tls->server_name != NULL) {
      |             ~~~~~~~~~~~~~~~~~~~~~~~~~~~~~~~
 4869 |                 /* In this event, the server SHALL include an extension of type "server_name" in the (extended) server hello.
      |                 ~~~~~~~~~~~~~~~~~~~~~~~~~~~~~~~~~~~~~~~~~~~~~~~~~~~~~~~~~~~~~~~~~~~~~~~~~~~~~~~~~~~~~~~~~~~~~~~~~~~~~~~~~~~~~
 4870 |                  * The "extension_data" field of this extension SHALL be empty. (RFC 6066 section 3) */
      |                  ~~~~~~~~~~~~~~~~~~~~~~~~~~~~~~~~~~~~~~~~~~~~~~~~~~~~~~~~~~~~~~~~~~~~~~~~~~~~~~~~~~~~~~
 4871 |                 buffer_push_extension(sendbuf, PTLS_EXTENSION_TYPE_SERVER_NAME, {});
      |                 ~~~~~~~~~~~~~~~~~~~~~~~~~~~~~~~~~~~~~~~~~~~~~~~~~~~~~~~~~~~~~~~~~~~~
 4872 |             }
      |             ~
 4873 |             if (tls->ctx->use_raw_public_keys) {
      |             ~~~~~~~~~~~~~~~~~~~~~~~~~~~~~~~~~~~~
 4874 |                 buffer_push_extension(sendbuf, PTLS_EXTENSION_TYPE_SERVER_CERTIFICATE_TYPE,
      |                 ~~~~~~~~~~~~~~~~~~~~~~~~~~~~~~~~~~~~~~~~~~~~~~~~~~~~~~~~~~~~~~~~~~~~~~~~~~~
 4875 |                                       { ptls_buffer_push(sendbuf, PTLS_CERTIFICATE_TYPE_RAW_PUBLIC_KEY); });
      |                                       ~~~~~~~~~~~~~~~~~~~~~~~~~~~~~~~~~~~~~~~~~~~~~~~~~~~~~~~~~~~~~~~~~~~~~~
 4876 |             }
      |             ~
 4877 |             if (tls->negotiated_protocol != NULL) {
      |             ~~~~~~~~~~~~~~~~~~~~~~~~~~~~~~~~~~~~~~~
 4878 |                 buffer_push_extension(sendbuf, PTLS_EXTENSION_TYPE_ALPN, {
      |                 ~~~~~~~~~~~~~~~~~~~~~~~~~~~~~~~~~~~~~~~~~~~~~~~~~~~~~~~~~~
 4879 |                     ptls_buffer_push_block(sendbuf, 2, {
      |                     ~~~~~~~~~~~~~~~~~~~~~~~~~~~~~~~~~~~~
 4880 |                         ptls_buffer_push_block(sendbuf, 1, {
      |                         ~~~~~~~~~~~~~~~~~~~~~~~~~~~~~~~~~~~~
 4881 |                             ptls_buffer_pushv(sendbuf, tls->negotiated_protocol, strlen(tls->negotiated_protocol));
      |                             ~~~~~~~~~~~~~~~~~~~~~~~~~~~~~~~~~~~~~~~~~~~~~~~~~~~~~~~~~~~~~~~~~~~~~~~~~~~~~~~~~~~~~~~
 4882 |                         });
      |                         ~~~
vendor/picotls/include/picotls.h:1293:22: note: expanded from macro 'ptls_buffer_push_block'
 1293 |         if (capacity != -1) {                                                                                                      \
      |             ~~~~~~~~ ^  ~~
vendor/picotls/include/picotls.h:1344:75: note: expanded from macro 'ptls_push_message'
 1344 |         ptls_buffer_push_message_body(_emitter->buf, (key_sched), (type), block);                                                  \
      |                                                                           ^~~~~
vendor/picotls/include/picotls.h:1334:41: note: expanded from macro 'ptls_buffer_push_message_body'
 1334 |         ptls_buffer_push_block(_buf, 3, block);                                                                                    \
      |                                         ^~~~~
vendor/picotls/include/picotls.h:1290:13: note: expanded from macro 'ptls_buffer_push_block'
 1290 |             block                                                                                                                  \
      |             ^~~~~
vendor/picotls/lib/picotls.c:4865:5: warning: comparison of integers of different signs: 'size_t' (aka 'unsigned long') and 'int' [-Wsign-compare]
 4865 |     ptls_push_message(emitter, tls->key_schedule, PTLS_HANDSHAKE_TYPE_ENCRYPTED_EXTENSIONS, {
      |     ^~~~~~~~~~~~~~~~~~~~~~~~~~~~~~~~~~~~~~~~~~~~~~~~~~~~~~~~~~~~~~~~~~~~~~~~~~~~~~~~~~~~~~~~~
 4866 |         ptls_buffer_t *sendbuf = emitter->buf;
      |         ~~~~~~~~~~~~~~~~~~~~~~~~~~~~~~~~~~~~~~
 4867 |         ptls_buffer_push_block(sendbuf, 2, {
      |         ~~~~~~~~~~~~~~~~~~~~~~~~~~~~~~~~~~~~
 4868 |             if (tls->server_name != NULL) {
      |             ~~~~~~~~~~~~~~~~~~~~~~~~~~~~~~~
 4869 |                 /* In this event, the server SHALL include an extension of type "server_name" in the (extended) server hello.
      |                 ~~~~~~~~~~~~~~~~~~~~~~~~~~~~~~~~~~~~~~~~~~~~~~~~~~~~~~~~~~~~~~~~~~~~~~~~~~~~~~~~~~~~~~~~~~~~~~~~~~~~~~~~~~~~~
 4870 |                  * The "extension_data" field of this extension SHALL be empty. (RFC 6066 section 3) */
      |                  ~~~~~~~~~~~~~~~~~~~~~~~~~~~~~~~~~~~~~~~~~~~~~~~~~~~~~~~~~~~~~~~~~~~~~~~~~~~~~~~~~~~~~~
 4871 |                 buffer_push_extension(sendbuf, PTLS_EXTENSION_TYPE_SERVER_NAME, {});
      |                 ~~~~~~~~~~~~~~~~~~~~~~~~~~~~~~~~~~~~~~~~~~~~~~~~~~~~~~~~~~~~~~~~~~~~
 4872 |             }
      |             ~
 4873 |             if (tls->ctx->use_raw_public_keys) {
      |             ~~~~~~~~~~~~~~~~~~~~~~~~~~~~~~~~~~~~
 4874 |                 buffer_push_extension(sendbuf, PTLS_EXTENSION_TYPE_SERVER_CERTIFICATE_TYPE,
      |                 ~~~~~~~~~~~~~~~~~~~~~~~~~~~~~~~~~~~~~~~~~~~~~~~~~~~~~~~~~~~~~~~~~~~~~~~~~~~
 4875 |                                       { ptls_buffer_push(sendbuf, PTLS_CERTIFICATE_TYPE_RAW_PUBLIC_KEY); });
      |                                       ~~~~~~~~~~~~~~~~~~~~~~~~~~~~~~~~~~~~~~~~~~~~~~~~~~~~~~~~~~~~~~~~~~~~~~
 4876 |             }
      |             ~
 4877 |             if (tls->negotiated_protocol != NULL) {
      |             ~~~~~~~~~~~~~~~~~~~~~~~~~~~~~~~~~~~~~~~
 4878 |                 buffer_push_extension(sendbuf, PTLS_EXTENSION_TYPE_ALPN, {
      |                 ~~~~~~~~~~~~~~~~~~~~~~~~~~~~~~~~~~~~~~~~~~~~~~~~~~~~~~~~~~
 4879 |                     ptls_buffer_push_block(sendbuf, 2, {
      |                     ~~~~~~~~~~~~~~~~~~~~~~~~~~~~~~~~~~~~
 4880 |                         ptls_buffer_push_block(sendbuf, 1, {
      |                         ~~~~~~~~~~~~~~~~~~~~~~~~~~~~~~~~~~~~
vendor/picotls/include/picotls.h:1344:9: note: expanded from macro 'ptls_push_message'
 1344 |         ptls_buffer_push_message_body(_emitter->buf, (key_sched), (type), block);                                                  \
      |         ^~~~~~~~~~~~~~~~~~~~~~~~~~~~~~~~~~~~~~~~~~~~~~~~~~~~~~~~~~~~~~~~~~~~~~~~
vendor/picotls/include/picotls.h:1334:9: note: expanded from macro 'ptls_buffer_push_message_body'
 1334 |         ptls_buffer_push_block(_buf, 3, block);                                                                                    \
      |         ^~~~~~~~~~~~~~~~~~~~~~~~~~~~~~~~~~~~~~
vendor/picotls/include/picotls.h:1293:22: note: expanded from macro 'ptls_buffer_push_block'
 1293 |         if (capacity != -1) {                                                                                                      \
      |             ~~~~~~~~ ^  ~~
vendor/picotls/lib/picotls.c:4905:13: warning: comparison of integers of different signs: 'size_t' (aka 'unsigned long') and 'int' [-Wsign-compare]
 4905 |             ptls_push_message(emitter, tls->key_schedule, PTLS_HANDSHAKE_TYPE_CERTIFICATE_REQUEST, {
      |             ^~~~~~~~~~~~~~~~~~~~~~~~~~~~~~~~~~~~~~~~~~~~~~~~~~~~~~~~~~~~~~~~~~~~~~~~~~~~~~~~~~~~~~~~
 4906 |                 ptls_buffer_t *sendbuf = emitter->buf;
      |                 ~~~~~~~~~~~~~~~~~~~~~~~~~~~~~~~~~~~~~~
 4907 |                 /* certificate_request_context: this field SHALL be zero length, unless the certificate request is used for post-
      |                 ~~~~~~~~~~~~~~~~~~~~~~~~~~~~~~~~~~~~~~~~~~~~~~~~~~~~~~~~~~~~~~~~~~~~~~~~~~~~~~~~~~~~~~~~~~~~~~~~~~~~~~~~~~~~~~~~~
 4908 |                  * handshake authentication. */
      |                  ~~~~~~~~~~~~~~~~~~~~~~~~~~~~~~
 4909 |                 ptls_buffer_push(sendbuf, 0);
      |                 ~~~~~~~~~~~~~~~~~~~~~~~~~~~~~
 4910 |                 /* extensions */
      |                 ~~~~~~~~~~~~~~~~
 4911 |                 ptls_buffer_push_block(sendbuf, 2, {
      |                 ~~~~~~~~~~~~~~~~~~~~~~~~~~~~~~~~~~~~
 4912 |                     buffer_push_extension(sendbuf, PTLS_EXTENSION_TYPE_SIGNATURE_ALGORITHMS, {
      |                     ~~~~~~~~~~~~~~~~~~~~~~~~~~~~~~~~~~~~~~~~~~~~~~~~~~~~~~~~~~~~~~~~~~~~~~~~~~
 4913 |                         if ((ret = push_signature_algorithms(tls->ctx->verify_certificate, sendbuf)) != 0)
      |                         ~~~~~~~~~~~~~~~~~~~~~~~~~~~~~~~~~~~~~~~~~~~~~~~~~~~~~~~~~~~~~~~~~~~~~~~~~~~~~~~~~~
 4914 |                             goto Exit;
      |                             ~~~~~~~~~~
 4915 |                     });
      |                     ~~~
 4916 |                     /* certificate authorities entension */
      |                     ~~~~~~~~~~~~~~~~~~~~~~~~~~~~~~~~~~~~~~~
 4917 |                     if (tls->ctx->client_ca_names.count > 0) {
      |                     ~~~~~~~~~~~~~~~~~~~~~~~~~~~~~~~~~~~~~~~~~~
 4918 |                         buffer_push_extension(sendbuf, PTLS_EXTENSION_TYPE_CERTIFICATE_AUTHORITIES, {
      |                         ~~~~~~~~~~~~~~~~~~~~~~~~~~~~~~~~~~~~~~~~~~~~~~~~~~~~~~~~~~~~~~~~~~~~~~~~~~~~~
 4919 |                             ptls_buffer_push_block(sendbuf, 2, {
      |                             ~~~~~~~~~~~~~~~~~~~~~~~~~~~~~~~~~~~~
 4920 |                                 for (size_t i = 0; i != tls->ctx->client_ca_names.count; ++i) {
      |                                 ~~~~~~~~~~~~~~~~~~~~~~~~~~~~~~~~~~~~~~~~~~~~~~~~~~~~~~~~~~~~~~~
vendor/picotls/include/picotls.h:1344:9: note: expanded from macro 'ptls_push_message'
 1344 |         ptls_buffer_push_message_body(_emitter->buf, (key_sched), (type), block);                                                  \
      |         ^~~~~~~~~~~~~~~~~~~~~~~~~~~~~~~~~~~~~~~~~~~~~~~~~~~~~~~~~~~~~~~~~~~~~~~~
vendor/picotls/include/picotls.h:1334:9: note: expanded from macro 'ptls_buffer_push_message_body'
 1334 |         ptls_buffer_push_block(_buf, 3, block);                                                                                    \
      |         ^~~~~~~~~~~~~~~~~~~~~~~~~~~~~~~~~~~~~~
vendor/picotls/include/picotls.h:1287:72: note: expanded from macro 'ptls_buffer_push_block'
 1287 |         ptls_buffer_pushv((buf), (uint8_t *)"\0\0\0\0\0\0\0", capacity != -1 ? capacity : 1);                                      \
      |                                                               ~~~~~~~~ ^  ~~
vendor/picotls/include/picotls.h:1241:57: note: expanded from macro 'ptls_buffer_pushv'
 1241 |         if ((ret = ptls_buffer__do_pushv((buf), (src), (len))) != 0)                                                               \
      |                                                         ^~~
vendor/picotls/lib/picotls.c:4911:17: warning: comparison of integers of different signs: 'size_t' (aka 'unsigned long') and 'int' [-Wsign-compare]
 4911 |                 ptls_buffer_push_block(sendbuf, 2, {
      |                 ^~~~~~~~~~~~~~~~~~~~~~~~~~~~~~~~~~~~
 4912 |                     buffer_push_extension(sendbuf, PTLS_EXTENSION_TYPE_SIGNATURE_ALGORITHMS, {
      |                     ~~~~~~~~~~~~~~~~~~~~~~~~~~~~~~~~~~~~~~~~~~~~~~~~~~~~~~~~~~~~~~~~~~~~~~~~~~
 4913 |                         if ((ret = push_signature_algorithms(tls->ctx->verify_certificate, sendbuf)) != 0)
      |                         ~~~~~~~~~~~~~~~~~~~~~~~~~~~~~~~~~~~~~~~~~~~~~~~~~~~~~~~~~~~~~~~~~~~~~~~~~~~~~~~~~~
 4914 |                             goto Exit;
      |                             ~~~~~~~~~~
 4915 |                     });
      |                     ~~~
 4916 |                     /* certificate authorities entension */
      |                     ~~~~~~~~~~~~~~~~~~~~~~~~~~~~~~~~~~~~~~~
 4917 |                     if (tls->ctx->client_ca_names.count > 0) {
      |                     ~~~~~~~~~~~~~~~~~~~~~~~~~~~~~~~~~~~~~~~~~~
 4918 |                         buffer_push_extension(sendbuf, PTLS_EXTENSION_TYPE_CERTIFICATE_AUTHORITIES, {
      |                         ~~~~~~~~~~~~~~~~~~~~~~~~~~~~~~~~~~~~~~~~~~~~~~~~~~~~~~~~~~~~~~~~~~~~~~~~~~~~~
 4919 |                             ptls_buffer_push_block(sendbuf, 2, {
      |                             ~~~~~~~~~~~~~~~~~~~~~~~~~~~~~~~~~~~~
 4920 |                                 for (size_t i = 0; i != tls->ctx->client_ca_names.count; ++i) {
      |                                 ~~~~~~~~~~~~~~~~~~~~~~~~~~~~~~~~~~~~~~~~~~~~~~~~~~~~~~~~~~~~~~~
 4921 |                                     ptls_buffer_push_block(sendbuf, 2, {
      |                                     ~~~~~~~~~~~~~~~~~~~~~~~~~~~~~~~~~~~~
 4922 |                                         ptls_iovec_t name = tls->ctx->client_ca_names.list[i];
      |                                         ~~~~~~~~~~~~~~~~~~~~~~~~~~~~~~~~~~~~~~~~~~~~~~~~~~~~~~
 4923 |                                         ptls_buffer_pushv(sendbuf, name.base, name.len);
      |                                         ~~~~~~~~~~~~~~~~~~~~~~~~~~~~~~~~~~~~~~~~~~~~~~~~
 4924 |                                     });
      |                                     ~~~
 4925 |                                 }
      |                                 ~
 4926 |                             });
      |                             ~~~
vendor/picotls/include/picotls.h:1287:72: note: expanded from macro 'ptls_buffer_push_block'
 1287 |         ptls_buffer_pushv((buf), (uint8_t *)"\0\0\0\0\0\0\0", capacity != -1 ? capacity : 1);                                      \
      |                                                               ~~~~~~~~ ^  ~~
vendor/picotls/include/picotls.h:1241:57: note: expanded from macro 'ptls_buffer_pushv'
 1241 |         if ((ret = ptls_buffer__do_pushv((buf), (src), (len))) != 0)                                                               \
      |                                                         ^~~
vendor/picotls/include/picotls.h:1344:75: note: expanded from macro 'ptls_push_message'
 1344 |         ptls_buffer_push_message_body(_emitter->buf, (key_sched), (type), block);                                                  \
      |                                                                           ^~~~~
vendor/picotls/include/picotls.h:1334:41: note: expanded from macro 'ptls_buffer_push_message_body'
 1334 |         ptls_buffer_push_block(_buf, 3, block);                                                                                    \
      |                                         ^~~~~
vendor/picotls/include/picotls.h:1290:13: note: expanded from macro 'ptls_buffer_push_block'
 1290 |             block                                                                                                                  \
      |             ^~~~~
vendor/picotls/lib/picotls.c:4912:21: warning: comparison of integers of different signs: 'size_t' (aka 'unsigned long') and 'int' [-Wsign-compare]
 4912 |                     buffer_push_extension(sendbuf, PTLS_EXTENSION_TYPE_SIGNATURE_ALGORITHMS, {
      |                     ^~~~~~~~~~~~~~~~~~~~~~~~~~~~~~~~~~~~~~~~~~~~~~~~~~~~~~~~~~~~~~~~~~~~~~~~~~
 4913 |                         if ((ret = push_signature_algorithms(tls->ctx->verify_certificate, sendbuf)) != 0)
      |                         ~~~~~~~~~~~~~~~~~~~~~~~~~~~~~~~~~~~~~~~~~~~~~~~~~~~~~~~~~~~~~~~~~~~~~~~~~~~~~~~~~~
 4914 |                             goto Exit;
      |                             ~~~~~~~~~~
 4915 |                     });
      |                     ~~
vendor/picotls/lib/picotls.c:894:9: note: expanded from macro 'buffer_push_extension'
  894 |         ptls_buffer_push_block((buf), 2, block);                                                                                   \
      |         ^~~~~~~~~~~~~~~~~~~~~~~~~~~~~~~~~~~~~~~
vendor/picotls/include/picotls.h:1287:72: note: expanded from macro 'ptls_buffer_push_block'
 1287 |         ptls_buffer_pushv((buf), (uint8_t *)"\0\0\0\0\0\0\0", capacity != -1 ? capacity : 1);                                      \
      |                                                               ~~~~~~~~ ^  ~~
vendor/picotls/include/picotls.h:1241:57: note: expanded from macro 'ptls_buffer_pushv'
 1241 |         if ((ret = ptls_buffer__do_pushv((buf), (src), (len))) != 0)                                                               \
      |                                                         ^~~
note: (skipping 1 expansions in backtrace; use -fmacro-backtrace-limit=0 to see all)
vendor/picotls/include/picotls.h:1344:75: note: expanded from macro 'ptls_push_message'
 1344 |         ptls_buffer_push_message_body(_emitter->buf, (key_sched), (type), block);                                                  \
      |                                                                           ^~~~~
vendor/picotls/include/picotls.h:1334:41: note: expanded from macro 'ptls_buffer_push_message_body'
 1334 |         ptls_buffer_push_block(_buf, 3, block);                                                                                    \
      |                                         ^~~~~
vendor/picotls/include/picotls.h:1290:13: note: expanded from macro 'ptls_buffer_push_block'
 1290 |             block                                                                                                                  \
      |             ^~~~~
vendor/picotls/lib/picotls.c:4912:21: warning: comparison of integers of different signs: 'size_t' (aka 'unsigned long') and 'int' [-Wsign-compare]
 4912 |                     buffer_push_extension(sendbuf, PTLS_EXTENSION_TYPE_SIGNATURE_ALGORITHMS, {
      |                     ^~~~~~~~~~~~~~~~~~~~~~~~~~~~~~~~~~~~~~~~~~~~~~~~~~~~~~~~~~~~~~~~~~~~~~~~~~
 4913 |                         if ((ret = push_signature_algorithms(tls->ctx->verify_certificate, sendbuf)) != 0)
      |                         ~~~~~~~~~~~~~~~~~~~~~~~~~~~~~~~~~~~~~~~~~~~~~~~~~~~~~~~~~~~~~~~~~~~~~~~~~~~~~~~~~~
 4914 |                             goto Exit;
      |                             ~~~~~~~~~~
 4915 |                     });
      |                     ~~
vendor/picotls/lib/picotls.c:894:9: note: expanded from macro 'buffer_push_extension'
  894 |         ptls_buffer_push_block((buf), 2, block);                                                                                   \
      |         ^~~~~~~~~~~~~~~~~~~~~~~~~~~~~~~~~~~~~~~
vendor/picotls/include/picotls.h:1293:22: note: expanded from macro 'ptls_buffer_push_block'
 1293 |         if (capacity != -1) {                                                                                                      \
      |             ~~~~~~~~ ^  ~~
vendor/picotls/include/picotls.h:1290:13: note: expanded from macro 'ptls_buffer_push_block'
 1290 |             block                                                                                                                  \
      |             ^~~~~
vendor/picotls/include/picotls.h:1344:75: note: expanded from macro 'ptls_push_message'
 1344 |         ptls_buffer_push_message_body(_emitter->buf, (key_sched), (type), block);                                                  \
      |                                                                           ^~~~~
vendor/picotls/include/picotls.h:1334:41: note: expanded from macro 'ptls_buffer_push_message_body'
 1334 |         ptls_buffer_push_block(_buf, 3, block);                                                                                    \
      |                                         ^~~~~
vendor/picotls/include/picotls.h:1290:13: note: expanded from macro 'ptls_buffer_push_block'
 1290 |             block                                                                                                                  \
      |             ^~~~~
vendor/picotls/lib/picotls.c:4918:25: warning: comparison of integers of different signs: 'size_t' (aka 'unsigned long') and 'int' [-Wsign-compare]
 4918 |                         buffer_push_extension(sendbuf, PTLS_EXTENSION_TYPE_CERTIFICATE_AUTHORITIES, {
      |                         ^~~~~~~~~~~~~~~~~~~~~~~~~~~~~~~~~~~~~~~~~~~~~~~~~~~~~~~~~~~~~~~~~~~~~~~~~~~~~
 4919 |                             ptls_buffer_push_block(sendbuf, 2, {
      |                             ~~~~~~~~~~~~~~~~~~~~~~~~~~~~~~~~~~~~
 4920 |                                 for (size_t i = 0; i != tls->ctx->client_ca_names.count; ++i) {
      |                                 ~~~~~~~~~~~~~~~~~~~~~~~~~~~~~~~~~~~~~~~~~~~~~~~~~~~~~~~~~~~~~~~
 4921 |                                     ptls_buffer_push_block(sendbuf, 2, {
      |                                     ~~~~~~~~~~~~~~~~~~~~~~~~~~~~~~~~~~~~
 4922 |                                         ptls_iovec_t name = tls->ctx->client_ca_names.list[i];
      |                                         ~~~~~~~~~~~~~~~~~~~~~~~~~~~~~~~~~~~~~~~~~~~~~~~~~~~~~~
 4923 |                                         ptls_buffer_pushv(sendbuf, name.base, name.len);
      |                                         ~~~~~~~~~~~~~~~~~~~~~~~~~~~~~~~~~~~~~~~~~~~~~~~~
 4924 |                                     });
      |                                     ~~~
 4925 |                                 }
      |                                 ~
 4926 |                             });
      |                             ~~~
 4927 |                         });
      |                         ~~
vendor/picotls/lib/picotls.c:894:9: note: expanded from macro 'buffer_push_extension'
  894 |         ptls_buffer_push_block((buf), 2, block);                                                                                   \
      |         ^~~~~~~~~~~~~~~~~~~~~~~~~~~~~~~~~~~~~~~
vendor/picotls/include/picotls.h:1287:72: note: expanded from macro 'ptls_buffer_push_block'
 1287 |         ptls_buffer_pushv((buf), (uint8_t *)"\0\0\0\0\0\0\0", capacity != -1 ? capacity : 1);                                      \
      |                                                               ~~~~~~~~ ^  ~~
vendor/picotls/include/picotls.h:1241:57: note: expanded from macro 'ptls_buffer_pushv'
 1241 |         if ((ret = ptls_buffer__do_pushv((buf), (src), (len))) != 0)                                                               \
      |                                                         ^~~
note: (skipping 1 expansions in backtrace; use -fmacro-backtrace-limit=0 to see all)
vendor/picotls/include/picotls.h:1344:75: note: expanded from macro 'ptls_push_message'
 1344 |         ptls_buffer_push_message_body(_emitter->buf, (key_sched), (type), block);                                                  \
      |                                                                           ^~~~~
vendor/picotls/include/picotls.h:1334:41: note: expanded from macro 'ptls_buffer_push_message_body'
 1334 |         ptls_buffer_push_block(_buf, 3, block);                                                                                    \
      |                                         ^~~~~
vendor/picotls/include/picotls.h:1290:13: note: expanded from macro 'ptls_buffer_push_block'
 1290 |             block                                                                                                                  \
      |             ^~~~~
vendor/picotls/lib/picotls.c:4919:29: warning: comparison of integers of different signs: 'size_t' (aka 'unsigned long') and 'int' [-Wsign-compare]
 4919 |                             ptls_buffer_push_block(sendbuf, 2, {
      |                             ^~~~~~~~~~~~~~~~~~~~~~~~~~~~~~~~~~~~
 4920 |                                 for (size_t i = 0; i != tls->ctx->client_ca_names.count; ++i) {
      |                                 ~~~~~~~~~~~~~~~~~~~~~~~~~~~~~~~~~~~~~~~~~~~~~~~~~~~~~~~~~~~~~~~
 4921 |                                     ptls_buffer_push_block(sendbuf, 2, {
      |                                     ~~~~~~~~~~~~~~~~~~~~~~~~~~~~~~~~~~~~
 4922 |                                         ptls_iovec_t name = tls->ctx->client_ca_names.list[i];
      |                                         ~~~~~~~~~~~~~~~~~~~~~~~~~~~~~~~~~~~~~~~~~~~~~~~~~~~~~~
 4923 |                                         ptls_buffer_pushv(sendbuf, name.base, name.len);
      |                                         ~~~~~~~~~~~~~~~~~~~~~~~~~~~~~~~~~~~~~~~~~~~~~~~~
 4924 |                                     });
      |                                     ~~~
 4925 |                                 }
      |                                 ~
 4926 |                             });
      |                             ~~
vendor/picotls/include/picotls.h:1287:72: note: expanded from macro 'ptls_buffer_push_block'
 1287 |         ptls_buffer_pushv((buf), (uint8_t *)"\0\0\0\0\0\0\0", capacity != -1 ? capacity : 1);                                      \
      |                                                               ~~~~~~~~ ^  ~~
vendor/picotls/include/picotls.h:1241:57: note: expanded from macro 'ptls_buffer_pushv'
 1241 |         if ((ret = ptls_buffer__do_pushv((buf), (src), (len))) != 0)                                                               \
      |                                                         ^~~
vendor/picotls/lib/picotls.c:894:42: note: expanded from macro 'buffer_push_extension'
  894 |         ptls_buffer_push_block((buf), 2, block);                                                                                   \
      |                                          ^~~~~
note: (skipping 2 expansions in backtrace; use -fmacro-backtrace-limit=0 to see all)
vendor/picotls/include/picotls.h:1344:75: note: expanded from macro 'ptls_push_message'
 1344 |         ptls_buffer_push_message_body(_emitter->buf, (key_sched), (type), block);                                                  \
      |                                                                           ^~~~~
vendor/picotls/include/picotls.h:1334:41: note: expanded from macro 'ptls_buffer_push_message_body'
 1334 |         ptls_buffer_push_block(_buf, 3, block);                                                                                    \
      |                                         ^~~~~
vendor/picotls/include/picotls.h:1290:13: note: expanded from macro 'ptls_buffer_push_block'
 1290 |             block                                                                                                                  \
      |             ^~~~~
vendor/picotls/lib/picotls.c:4921:37: warning: comparison of integers of different signs: 'size_t' (aka 'unsigned long') and 'int' [-Wsign-compare]
 4921 |                                     ptls_buffer_push_block(sendbuf, 2, {
      |                                     ^~~~~~~~~~~~~~~~~~~~~~~~~~~~~~~~~~~~
 4922 |                                         ptls_iovec_t name = tls->ctx->client_ca_names.list[i];
      |                                         ~~~~~~~~~~~~~~~~~~~~~~~~~~~~~~~~~~~~~~~~~~~~~~~~~~~~~~
 4923 |                                         ptls_buffer_pushv(sendbuf, name.base, name.len);
      |                                         ~~~~~~~~~~~~~~~~~~~~~~~~~~~~~~~~~~~~~~~~~~~~~~~~
 4924 |                                     });
      |                                     ~~
vendor/picotls/include/picotls.h:1287:72: note: expanded from macro 'ptls_buffer_push_block'
 1287 |         ptls_buffer_pushv((buf), (uint8_t *)"\0\0\0\0\0\0\0", capacity != -1 ? capacity : 1);                                      \
      |                                                               ~~~~~~~~ ^  ~~
vendor/picotls/include/picotls.h:1241:57: note: expanded from macro 'ptls_buffer_pushv'
 1241 |         if ((ret = ptls_buffer__do_pushv((buf), (src), (len))) != 0)                                                               \
      |                                                         ^~~
vendor/picotls/include/picotls.h:1290:13: note: expanded from macro 'ptls_buffer_push_block'
 1290 |             block                                                                                                                  \
      |             ^~~~~
note: (skipping 3 expansions in backtrace; use -fmacro-backtrace-limit=0 to see all)
vendor/picotls/include/picotls.h:1344:75: note: expanded from macro 'ptls_push_message'
 1344 |         ptls_buffer_push_message_body(_emitter->buf, (key_sched), (type), block);                                                  \
      |                                                                           ^~~~~
vendor/picotls/include/picotls.h:1334:41: note: expanded from macro 'ptls_buffer_push_message_body'
 1334 |         ptls_buffer_push_block(_buf, 3, block);                                                                                    \
      |                                         ^~~~~
vendor/picotls/include/picotls.h:1290:13: note: expanded from macro 'ptls_buffer_push_block'
 1290 |             block                                                                                                                  \
      |             ^~~~~
vendor/picotls/lib/picotls.c:4921:37: warning: comparison of integers of different signs: 'size_t' (aka 'unsigned long') and 'int' [-Wsign-compare]
 4921 |                                     ptls_buffer_push_block(sendbuf, 2, {
      |                                     ^~~~~~~~~~~~~~~~~~~~~~~~~~~~~~~~~~~~
 4922 |                                         ptls_iovec_t name = tls->ctx->client_ca_names.list[i];
      |                                         ~~~~~~~~~~~~~~~~~~~~~~~~~~~~~~~~~~~~~~~~~~~~~~~~~~~~~~
 4923 |                                         ptls_buffer_pushv(sendbuf, name.base, name.len);
      |                                         ~~~~~~~~~~~~~~~~~~~~~~~~~~~~~~~~~~~~~~~~~~~~~~~~
 4924 |                                     });
      |                                     ~~
vendor/picotls/include/picotls.h:1293:22: note: expanded from macro 'ptls_buffer_push_block'
 1293 |         if (capacity != -1) {                                                                                                      \
      |             ~~~~~~~~ ^  ~~
vendor/picotls/include/picotls.h:1290:13: note: expanded from macro 'ptls_buffer_push_block'
 1290 |             block                                                                                                                  \
      |             ^~~~~
vendor/picotls/lib/picotls.c:894:42: note: expanded from macro 'buffer_push_extension'
  894 |         ptls_buffer_push_block((buf), 2, block);                                                                                   \
      |                                          ^~~~~
note: (skipping 2 expansions in backtrace; use -fmacro-backtrace-limit=0 to see all)
vendor/picotls/include/picotls.h:1344:75: note: expanded from macro 'ptls_push_message'
 1344 |         ptls_buffer_push_message_body(_emitter->buf, (key_sched), (type), block);                                                  \
      |                                                                           ^~~~~
vendor/picotls/include/picotls.h:1334:41: note: expanded from macro 'ptls_buffer_push_message_body'
 1334 |         ptls_buffer_push_block(_buf, 3, block);                                                                                    \
      |                                         ^~~~~
vendor/picotls/include/picotls.h:1290:13: note: expanded from macro 'ptls_buffer_push_block'
 1290 |             block                                                                                                                  \
      |             ^~~~~
vendor/picotls/lib/picotls.c:4919:29: warning: comparison of integers of different signs: 'size_t' (aka 'unsigned long') and 'int' [-Wsign-compare]
 4919 |                             ptls_buffer_push_block(sendbuf, 2, {
      |                             ^~~~~~~~~~~~~~~~~~~~~~~~~~~~~~~~~~~~
 4920 |                                 for (size_t i = 0; i != tls->ctx->client_ca_names.count; ++i) {
      |                                 ~~~~~~~~~~~~~~~~~~~~~~~~~~~~~~~~~~~~~~~~~~~~~~~~~~~~~~~~~~~~~~~
 4921 |                                     ptls_buffer_push_block(sendbuf, 2, {
      |                                     ~~~~~~~~~~~~~~~~~~~~~~~~~~~~~~~~~~~~
 4922 |                                         ptls_iovec_t name = tls->ctx->client_ca_names.list[i];
      |                                         ~~~~~~~~~~~~~~~~~~~~~~~~~~~~~~~~~~~~~~~~~~~~~~~~~~~~~~
 4923 |                                         ptls_buffer_pushv(sendbuf, name.base, name.len);
      |                                         ~~~~~~~~~~~~~~~~~~~~~~~~~~~~~~~~~~~~~~~~~~~~~~~~
 4924 |                                     });
      |                                     ~~~
 4925 |                                 }
      |                                 ~
 4926 |                             });
      |                             ~~
vendor/picotls/include/picotls.h:1293:22: note: expanded from macro 'ptls_buffer_push_block'
 1293 |         if (capacity != -1) {                                                                                                      \
      |             ~~~~~~~~ ^  ~~
vendor/picotls/lib/picotls.c:894:42: note: expanded from macro 'buffer_push_extension'
  894 |         ptls_buffer_push_block((buf), 2, block);                                                                                   \
      |                                          ^~~~~
vendor/picotls/include/picotls.h:1290:13: note: expanded from macro 'ptls_buffer_push_block'
 1290 |             block                                                                                                                  \
      |             ^~~~~
note: (skipping 1 expansions in backtrace; use -fmacro-backtrace-limit=0 to see all)
vendor/picotls/include/picotls.h:1344:75: note: expanded from macro 'ptls_push_message'
 1344 |         ptls_buffer_push_message_body(_emitter->buf, (key_sched), (type), block);                                                  \
      |                                                                           ^~~~~
vendor/picotls/include/picotls.h:1334:41: note: expanded from macro 'ptls_buffer_push_message_body'
 1334 |         ptls_buffer_push_block(_buf, 3, block);                                                                                    \
      |                                         ^~~~~
vendor/picotls/include/picotls.h:1290:13: note: expanded from macro 'ptls_buffer_push_block'
 1290 |             block                                                                                                                  \
      |             ^~~~~
vendor/picotls/lib/picotls.c:4918:25: warning: comparison of integers of different signs: 'size_t' (aka 'unsigned long') and 'int' [-Wsign-compare]
 4918 |                         buffer_push_extension(sendbuf, PTLS_EXTENSION_TYPE_CERTIFICATE_AUTHORITIES, {
      |                         ^~~~~~~~~~~~~~~~~~~~~~~~~~~~~~~~~~~~~~~~~~~~~~~~~~~~~~~~~~~~~~~~~~~~~~~~~~~~~
 4919 |                             ptls_buffer_push_block(sendbuf, 2, {
      |                             ~~~~~~~~~~~~~~~~~~~~~~~~~~~~~~~~~~~~
 4920 |                                 for (size_t i = 0; i != tls->ctx->client_ca_names.count; ++i) {
      |                                 ~~~~~~~~~~~~~~~~~~~~~~~~~~~~~~~~~~~~~~~~~~~~~~~~~~~~~~~~~~~~~~~
 4921 |                                     ptls_buffer_push_block(sendbuf, 2, {
      |                                     ~~~~~~~~~~~~~~~~~~~~~~~~~~~~~~~~~~~~
 4922 |                                         ptls_iovec_t name = tls->ctx->client_ca_names.list[i];
      |                                         ~~~~~~~~~~~~~~~~~~~~~~~~~~~~~~~~~~~~~~~~~~~~~~~~~~~~~~
 4923 |                                         ptls_buffer_pushv(sendbuf, name.base, name.len);
      |                                         ~~~~~~~~~~~~~~~~~~~~~~~~~~~~~~~~~~~~~~~~~~~~~~~~
 4924 |                                     });
      |                                     ~~~
 4925 |                                 }
      |                                 ~
 4926 |                             });
      |                             ~~~
 4927 |                         });
      |                         ~~
vendor/picotls/lib/picotls.c:894:9: note: expanded from macro 'buffer_push_extension'
  894 |         ptls_buffer_push_block((buf), 2, block);                                                                                   \
      |         ^~~~~~~~~~~~~~~~~~~~~~~~~~~~~~~~~~~~~~~
vendor/picotls/include/picotls.h:1293:22: note: expanded from macro 'ptls_buffer_push_block'
 1293 |         if (capacity != -1) {                                                                                                      \
      |             ~~~~~~~~ ^  ~~
vendor/picotls/include/picotls.h:1290:13: note: expanded from macro 'ptls_buffer_push_block'
 1290 |             block                                                                                                                  \
      |             ^~~~~
vendor/picotls/include/picotls.h:1344:75: note: expanded from macro 'ptls_push_message'
 1344 |         ptls_buffer_push_message_body(_emitter->buf, (key_sched), (type), block);                                                  \
      |                                                                           ^~~~~
vendor/picotls/include/picotls.h:1334:41: note: expanded from macro 'ptls_buffer_push_message_body'
 1334 |         ptls_buffer_push_block(_buf, 3, block);                                                                                    \
      |                                         ^~~~~
vendor/picotls/include/picotls.h:1290:13: note: expanded from macro 'ptls_buffer_push_block'
 1290 |             block                                                                                                                  \
      |             ^~~~~
vendor/picotls/lib/picotls.c:4911:17: warning: comparison of integers of different signs: 'size_t' (aka 'unsigned long') and 'int' [-Wsign-compare]
 4911 |                 ptls_buffer_push_block(sendbuf, 2, {
      |                 ^~~~~~~~~~~~~~~~~~~~~~~~~~~~~~~~~~~~
 4912 |                     buffer_push_extension(sendbuf, PTLS_EXTENSION_TYPE_SIGNATURE_ALGORITHMS, {
      |                     ~~~~~~~~~~~~~~~~~~~~~~~~~~~~~~~~~~~~~~~~~~~~~~~~~~~~~~~~~~~~~~~~~~~~~~~~~~
 4913 |                         if ((ret = push_signature_algorithms(tls->ctx->verify_certificate, sendbuf)) != 0)
      |                         ~~~~~~~~~~~~~~~~~~~~~~~~~~~~~~~~~~~~~~~~~~~~~~~~~~~~~~~~~~~~~~~~~~~~~~~~~~~~~~~~~~
 4914 |                             goto Exit;
      |                             ~~~~~~~~~~
 4915 |                     });
      |                     ~~~
 4916 |                     /* certificate authorities entension */
      |                     ~~~~~~~~~~~~~~~~~~~~~~~~~~~~~~~~~~~~~~~
 4917 |                     if (tls->ctx->client_ca_names.count > 0) {
      |                     ~~~~~~~~~~~~~~~~~~~~~~~~~~~~~~~~~~~~~~~~~~
 4918 |                         buffer_push_extension(sendbuf, PTLS_EXTENSION_TYPE_CERTIFICATE_AUTHORITIES, {
      |                         ~~~~~~~~~~~~~~~~~~~~~~~~~~~~~~~~~~~~~~~~~~~~~~~~~~~~~~~~~~~~~~~~~~~~~~~~~~~~~
 4919 |                             ptls_buffer_push_block(sendbuf, 2, {
      |                             ~~~~~~~~~~~~~~~~~~~~~~~~~~~~~~~~~~~~
 4920 |                                 for (size_t i = 0; i != tls->ctx->client_ca_names.count; ++i) {
      |                                 ~~~~~~~~~~~~~~~~~~~~~~~~~~~~~~~~~~~~~~~~~~~~~~~~~~~~~~~~~~~~~~~
 4921 |                                     ptls_buffer_push_block(sendbuf, 2, {
      |                                     ~~~~~~~~~~~~~~~~~~~~~~~~~~~~~~~~~~~~
 4922 |                                         ptls_iovec_t name = tls->ctx->client_ca_names.list[i];
      |                                         ~~~~~~~~~~~~~~~~~~~~~~~~~~~~~~~~~~~~~~~~~~~~~~~~~~~~~~
 4923 |                                         ptls_buffer_pushv(sendbuf, name.base, name.len);
      |                                         ~~~~~~~~~~~~~~~~~~~~~~~~~~~~~~~~~~~~~~~~~~~~~~~~
 4924 |                                     });
      |                                     ~~~
 4925 |                                 }
      |                                 ~
 4926 |                             });
      |                             ~~~
vendor/picotls/include/picotls.h:1293:22: note: expanded from macro 'ptls_buffer_push_block'
 1293 |         if (capacity != -1) {                                                                                                      \
      |             ~~~~~~~~ ^  ~~
vendor/picotls/include/picotls.h:1344:75: note: expanded from macro 'ptls_push_message'
 1344 |         ptls_buffer_push_message_body(_emitter->buf, (key_sched), (type), block);                                                  \
      |                                                                           ^~~~~
vendor/picotls/include/picotls.h:1334:41: note: expanded from macro 'ptls_buffer_push_message_body'
 1334 |         ptls_buffer_push_block(_buf, 3, block);                                                                                    \
      |                                         ^~~~~
vendor/picotls/include/picotls.h:1290:13: note: expanded from macro 'ptls_buffer_push_block'
 1290 |             block                                                                                                                  \
      |             ^~~~~
vendor/picotls/lib/picotls.c:4905:13: warning: comparison of integers of different signs: 'size_t' (aka 'unsigned long') and 'int' [-Wsign-compare]
 4905 |             ptls_push_message(emitter, tls->key_schedule, PTLS_HANDSHAKE_TYPE_CERTIFICATE_REQUEST, {
      |             ^~~~~~~~~~~~~~~~~~~~~~~~~~~~~~~~~~~~~~~~~~~~~~~~~~~~~~~~~~~~~~~~~~~~~~~~~~~~~~~~~~~~~~~~
 4906 |                 ptls_buffer_t *sendbuf = emitter->buf;
      |                 ~~~~~~~~~~~~~~~~~~~~~~~~~~~~~~~~~~~~~~
 4907 |                 /* certificate_request_context: this field SHALL be zero length, unless the certificate request is used for post-
      |                 ~~~~~~~~~~~~~~~~~~~~~~~~~~~~~~~~~~~~~~~~~~~~~~~~~~~~~~~~~~~~~~~~~~~~~~~~~~~~~~~~~~~~~~~~~~~~~~~~~~~~~~~~~~~~~~~~~
 4908 |                  * handshake authentication. */
      |                  ~~~~~~~~~~~~~~~~~~~~~~~~~~~~~~
 4909 |                 ptls_buffer_push(sendbuf, 0);
      |                 ~~~~~~~~~~~~~~~~~~~~~~~~~~~~~
 4910 |                 /* extensions */
      |                 ~~~~~~~~~~~~~~~~
 4911 |                 ptls_buffer_push_block(sendbuf, 2, {
      |                 ~~~~~~~~~~~~~~~~~~~~~~~~~~~~~~~~~~~~
 4912 |                     buffer_push_extension(sendbuf, PTLS_EXTENSION_TYPE_SIGNATURE_ALGORITHMS, {
      |                     ~~~~~~~~~~~~~~~~~~~~~~~~~~~~~~~~~~~~~~~~~~~~~~~~~~~~~~~~~~~~~~~~~~~~~~~~~~
 4913 |                         if ((ret = push_signature_algorithms(tls->ctx->verify_certificate, sendbuf)) != 0)
      |                         ~~~~~~~~~~~~~~~~~~~~~~~~~~~~~~~~~~~~~~~~~~~~~~~~~~~~~~~~~~~~~~~~~~~~~~~~~~~~~~~~~~
 4914 |                             goto Exit;
      |                             ~~~~~~~~~~
 4915 |                     });
      |                     ~~~
 4916 |                     /* certificate authorities entension */
      |                     ~~~~~~~~~~~~~~~~~~~~~~~~~~~~~~~~~~~~~~~
 4917 |                     if (tls->ctx->client_ca_names.count > 0) {
      |                     ~~~~~~~~~~~~~~~~~~~~~~~~~~~~~~~~~~~~~~~~~~
 4918 |                         buffer_push_extension(sendbuf, PTLS_EXTENSION_TYPE_CERTIFICATE_AUTHORITIES, {
      |                         ~~~~~~~~~~~~~~~~~~~~~~~~~~~~~~~~~~~~~~~~~~~~~~~~~~~~~~~~~~~~~~~~~~~~~~~~~~~~~
 4919 |                             ptls_buffer_push_block(sendbuf, 2, {
      |                             ~~~~~~~~~~~~~~~~~~~~~~~~~~~~~~~~~~~~
 4920 |                                 for (size_t i = 0; i != tls->ctx->client_ca_names.count; ++i) {
      |                                 ~~~~~~~~~~~~~~~~~~~~~~~~~~~~~~~~~~~~~~~~~~~~~~~~~~~~~~~~~~~~~~~
vendor/picotls/include/picotls.h:1344:9: note: expanded from macro 'ptls_push_message'
 1344 |         ptls_buffer_push_message_body(_emitter->buf, (key_sched), (type), block);                                                  \
      |         ^~~~~~~~~~~~~~~~~~~~~~~~~~~~~~~~~~~~~~~~~~~~~~~~~~~~~~~~~~~~~~~~~~~~~~~~
vendor/picotls/include/picotls.h:1334:9: note: expanded from macro 'ptls_buffer_push_message_body'
 1334 |         ptls_buffer_push_block(_buf, 3, block);                                                                                    \
      |         ^~~~~~~~~~~~~~~~~~~~~~~~~~~~~~~~~~~~~~
vendor/picotls/include/picotls.h:1293:22: note: expanded from macro 'ptls_buffer_push_block'
 1293 |         if (capacity != -1) {                                                                                                      \
      |             ~~~~~~~~ ^  ~~
vendor/picotls/lib/picotls.c:5215:24: warning: missing field 'state' initializer [-Wmissing-field-initializers]
 5215 |     *tls = (ptls_t){ctx};
      |                        ^
vendor/picotls/lib/picotls.c:5287:5: warning: comparison of integers of different signs: 'size_t' (aka 'unsigned long') and 'int' [-Wsign-compare]
 5287 |     export_tls_params(output, is_server, session_reused, PTLS_PROTOCOL_VERSION_TLS12, cipher, client_random, server_name,
      |     ^~~~~~~~~~~~~~~~~~~~~~~~~~~~~~~~~~~~~~~~~~~~~~~~~~~~~~~~~~~~~~~~~~~~~~~~~~~~~~~~~~~~~~~~~~~~~~~~~~~~~~~~~~~~~~~~~~~~~
 5288 |                       negotiated_protocol, {
      |                       ~~~~~~~~~~~~~~~~~~~~~~
 5289 |                           ptls_buffer_pushv(output, enc_key, cipher->aead->key_size);
      |                           ~~~~~~~~~~~~~~~~~~~~~~~~~~~~~~~~~~~~~~~~~~~~~~~~~~~~~~~~~~~
 5290 |                           ptls_buffer_pushv(output, enc_iv, cipher->aead->tls12.fixed_iv_size);
      |                           ~~~~~~~~~~~~~~~~~~~~~~~~~~~~~~~~~~~~~~~~~~~~~~~~~~~~~~~~~~~~~~~~~~~~~
 5291 |                           ptls_buffer_push64(output, enc_seq);
      |                           ~~~~~~~~~~~~~~~~~~~~~~~~~~~~~~~~~~~~
 5292 |                           if (cipher->aead->tls12.record_iv_size != 0)
      |                           ~~~~~~~~~~~~~~~~~~~~~~~~~~~~~~~~~~~~~~~~~~~~
 5293 |                               ptls_buffer_push64(output, enc_record_iv);
      |                               ~~~~~~~~~~~~~~~~~~~~~~~~~~~~~~~~~~~~~~~~~~
 5294 |                           ptls_buffer_pushv(output, dec_key, cipher->aead->key_size);
      |                           ~~~~~~~~~~~~~~~~~~~~~~~~~~~~~~~~~~~~~~~~~~~~~~~~~~~~~~~~~~~
 5295 |                           ptls_buffer_pushv(output, dec_iv, cipher->aead->tls12.fixed_iv_size);
      |                           ~~~~~~~~~~~~~~~~~~~~~~~~~~~~~~~~~~~~~~~~~~~~~~~~~~~~~~~~~~~~~~~~~~~~~
 5296 |                           ptls_buffer_push64(output, dec_seq);
      |                           ~~~~~~~~~~~~~~~~~~~~~~~~~~~~~~~~~~~~
 5297 |                       });
      |                       ~~
vendor/picotls/lib/picotls.c:5263:9: note: expanded from macro 'export_tls_params'
 5263 |         ptls_buffer_push_block((output), 2, {                                                                                      \
      |         ^~~~~~~~~~~~~~~~~~~~~~~~~~~~~~~~~~~~~~~~~~~~~~~~~~~~~~~~~~~~~~~~~~~~~~~~~~~~~~~~~~~~~~~~~~~~~~~~~~~~~~~~~~~~~~~~~~~~~~~~~~~~
 5264 |             ptls_buffer_push((output), (is_server));                                                                               \
      |             ~~~~~~~~~~~~~~~~~~~~~~~~~~~~~~~~~~~~~~~~~~~~~~~~~~~~~~~~~~~~~~~~~~~~~~~~~~~~~~~~~~~~~~~~~~~~~~~~~~~~~~~~~~~~~~~~~~~~~~~~
 5265 |             ptls_buffer_push((output), (session_reused));                                                                          \
      |             ~~~~~~~~~~~~~~~~~~~~~~~~~~~~~~~~~~~~~~~~~~~~~~~~~~~~~~~~~~~~~~~~~~~~~~~~~~~~~~~~~~~~~~~~~~~~~~~~~~~~~~~~~~~~~~~~~~~~~~~~
 5266 |             ptls_buffer_push16((output), (protocol_version));                                                                      \
      |             ~~~~~~~~~~~~~~~~~~~~~~~~~~~~~~~~~~~~~~~~~~~~~~~~~~~~~~~~~~~~~~~~~~~~~~~~~~~~~~~~~~~~~~~~~~~~~~~~~~~~~~~~~~~~~~~~~~~~~~~~
 5267 |             ptls_buffer_push16((output), (cipher)->id);                                                                            \
      |             ~~~~~~~~~~~~~~~~~~~~~~~~~~~~~~~~~~~~~~~~~~~~~~~~~~~~~~~~~~~~~~~~~~~~~~~~~~~~~~~~~~~~~~~~~~~~~~~~~~~~~~~~~~~~~~~~~~~~~~~~
 5268 |             ptls_buffer_pushv((output), (client_random), PTLS_HELLO_RANDOM_SIZE);                                                  \
      |             ~~~~~~~~~~~~~~~~~~~~~~~~~~~~~~~~~~~~~~~~~~~~~~~~~~~~~~~~~~~~~~~~~~~~~~~~~~~~~~~~~~~~~~~~~~~~~~~~~~~~~~~~~~~~~~~~~~~~~~~~
 5269 |             ptls_buffer_push_block((output), 2, {                                                                                  \
      |             ~~~~~~~~~~~~~~~~~~~~~~~~~~~~~~~~~~~~~~~~~~~~~~~~~~~~~~~~~~~~~~~~~~~~~~~~~~~~~~~~~~~~~~~~~~~~~~~~~~~~~~~~~~~~~~~~~~~~~~~~
 5270 |                 size_t len = _server_name != NULL ? strlen(_server_name) : 0;                                                      \
      |                 ~~~~~~~~~~~~~~~~~~~~~~~~~~~~~~~~~~~~~~~~~~~~~~~~~~~~~~~~~~~~~~~~~~~~~~~~~~~~~~~~~~~~~~~~~~~~~~~~~~~~~~~~~~~~~~~~~~~~
 5271 |                 ptls_buffer_pushv((output), _server_name, len);                                                                    \
      |                 ~~~~~~~~~~~~~~~~~~~~~~~~~~~~~~~~~~~~~~~~~~~~~~~~~~~~~~~~~~~~~~~~~~~~~~~~~~~~~~~~~~~~~~~~~~~~~~~~~~~~~~~~~~~~~~~~~~~~
 5272 |             });                                                                                                                    \
      |             ~~~~~~~~~~~~~~~~~~~~~~~~~~~~~~~~~~~~~~~~~~~~~~~~~~~~~~~~~~~~~~~~~~~~~~~~~~~~~~~~~~~~~~~~~~~~~~~~~~~~~~~~~~~~~~~~~~~~~~~~
 5273 |             ptls_buffer_push_block((output), 2,                                                                                    \
      |             ~~~~~~~~~~~~~~~~~~~~~~~~~~~~~~~~~~~~~~~~~~~~~~~~~~~~~~~~~~~~~~~~~~~~~~~~~~~~~~~~~~~~~~~~~~~~~~~~~~~~~~~~~~~~~~~~~~~~~~~~
 5274 |                                    { ptls_buffer_pushv((output), _negotiated_protocol.base, _negotiated_protocol.len); });         \
      |                                    ~~~~~~~~~~~~~~~~~~~~~~~~~~~~~~~~~~~~~~~~~~~~~~~~~~~~~~~~~~~~~~~~~~~~~~~~~~~~~~~~~~~~~~~~~~~~~~~~~
 5275 |             ptls_buffer_push_block((output), 2, {ver_block}); /* version-specific block */                                         \
      |             ~~~~~~~~~~~~~~~~~~~~~~~~~~~~~~~~~~~~~~~~~~~~~~~~~~~~~~~~~~~~~~~~~~~~~~~~~~~~~~~~~~~~~~~~~~~~~~~~~~~~~~~~~~~~~~~~~~~~~~~~
 5276 |             ptls_buffer_push_block((output), 2, {});          /* for future extensions */                                          \
      |             ~~~~~~~~~~~~~~~~~~~~~~~~~~~~~~~~~~~~~~~~~~~~~~~~~~~~~~~~~~~~~~~~~~~~~~~~~~~~~~~~~~~~~~~~~~~~~~~~~~~~~~~~~~~~~~~~~~~~~~~~
 5277 |         });                                                                                                                        \
      |         ~~
vendor/picotls/include/picotls.h:1287:72: note: expanded from macro 'ptls_buffer_push_block'
 1287 |         ptls_buffer_pushv((buf), (uint8_t *)"\0\0\0\0\0\0\0", capacity != -1 ? capacity : 1);                                      \
      |                                                               ~~~~~~~~ ^  ~~
vendor/picotls/include/picotls.h:1241:57: note: expanded from macro 'ptls_buffer_pushv'
 1241 |         if ((ret = ptls_buffer__do_pushv((buf), (src), (len))) != 0)                                                               \
      |                                                         ^~~
vendor/picotls/lib/picotls.c:5287:5: warning: comparison of integers of different signs: 'size_t' (aka 'unsigned long') and 'int' [-Wsign-compare]
 5287 |     export_tls_params(output, is_server, session_reused, PTLS_PROTOCOL_VERSION_TLS12, cipher, client_random, server_name,
      |     ^~~~~~~~~~~~~~~~~~~~~~~~~~~~~~~~~~~~~~~~~~~~~~~~~~~~~~~~~~~~~~~~~~~~~~~~~~~~~~~~~~~~~~~~~~~~~~~~~~~~~~~~~~~~~~~~~~~~~
 5288 |                       negotiated_protocol, {
      |                       ~~~~~~~~~~~~~~~~~~~~~~
 5289 |                           ptls_buffer_pushv(output, enc_key, cipher->aead->key_size);
      |                           ~~~~~~~~~~~~~~~~~~~~~~~~~~~~~~~~~~~~~~~~~~~~~~~~~~~~~~~~~~~
 5290 |                           ptls_buffer_pushv(output, enc_iv, cipher->aead->tls12.fixed_iv_size);
      |                           ~~~~~~~~~~~~~~~~~~~~~~~~~~~~~~~~~~~~~~~~~~~~~~~~~~~~~~~~~~~~~~~~~~~~~
 5291 |                           ptls_buffer_push64(output, enc_seq);
      |                           ~~~~~~~~~~~~~~~~~~~~~~~~~~~~~~~~~~~~
 5292 |                           if (cipher->aead->tls12.record_iv_size != 0)
      |                           ~~~~~~~~~~~~~~~~~~~~~~~~~~~~~~~~~~~~~~~~~~~~
 5293 |                               ptls_buffer_push64(output, enc_record_iv);
      |                               ~~~~~~~~~~~~~~~~~~~~~~~~~~~~~~~~~~~~~~~~~~
 5294 |                           ptls_buffer_pushv(output, dec_key, cipher->aead->key_size);
      |                           ~~~~~~~~~~~~~~~~~~~~~~~~~~~~~~~~~~~~~~~~~~~~~~~~~~~~~~~~~~~
 5295 |                           ptls_buffer_pushv(output, dec_iv, cipher->aead->tls12.fixed_iv_size);
      |                           ~~~~~~~~~~~~~~~~~~~~~~~~~~~~~~~~~~~~~~~~~~~~~~~~~~~~~~~~~~~~~~~~~~~~~
 5296 |                           ptls_buffer_push64(output, dec_seq);
      |                           ~~~~~~~~~~~~~~~~~~~~~~~~~~~~~~~~~~~~
 5297 |                       });
      |                       ~~
vendor/picotls/lib/picotls.c:5269:13: note: expanded from macro 'export_tls_params'
 5269 |             ptls_buffer_push_block((output), 2, {                                                                                  \
      |             ^~~~~~~~~~~~~~~~~~~~~~~~~~~~~~~~~~~~~~~~~~~~~~~~~~~~~~~~~~~~~~~~~~~~~~~~~~~~~~~~~~~~~~~~~~~~~~~~~~~~~~~~~~~~~~~~~~~~~~~~
 5270 |                 size_t len = _server_name != NULL ? strlen(_server_name) : 0;                                                      \
      |                 ~~~~~~~~~~~~~~~~~~~~~~~~~~~~~~~~~~~~~~~~~~~~~~~~~~~~~~~~~~~~~~~~~~~~~~~~~~~~~~~~~~~~~~~~~~~~~~~~~~~~~~~~~~~~~~~~~~~~
 5271 |                 ptls_buffer_pushv((output), _server_name, len);                                                                    \
      |                 ~~~~~~~~~~~~~~~~~~~~~~~~~~~~~~~~~~~~~~~~~~~~~~~~~~~~~~~~~~~~~~~~~~~~~~~~~~~~~~~~~~~~~~~~~~~~~~~~~~~~~~~~~~~~~~~~~~~~
 5272 |             });                                                                                                                    \
      |             ~~
vendor/picotls/include/picotls.h:1287:72: note: expanded from macro 'ptls_buffer_push_block'
 1287 |         ptls_buffer_pushv((buf), (uint8_t *)"\0\0\0\0\0\0\0", capacity != -1 ? capacity : 1);                                      \
      |                                                               ~~~~~~~~ ^  ~~
vendor/picotls/include/picotls.h:1241:57: note: expanded from macro 'ptls_buffer_pushv'
 1241 |         if ((ret = ptls_buffer__do_pushv((buf), (src), (len))) != 0)                                                               \
      |                                                         ^~~
vendor/picotls/include/picotls.h:1290:13: note: expanded from macro 'ptls_buffer_push_block'
 1290 |             block                                                                                                                  \
      |             ^~~~~
vendor/picotls/lib/picotls.c:5287:5: warning: comparison of integers of different signs: 'size_t' (aka 'unsigned long') and 'int' [-Wsign-compare]
 5287 |     export_tls_params(output, is_server, session_reused, PTLS_PROTOCOL_VERSION_TLS12, cipher, client_random, server_name,
      |     ^~~~~~~~~~~~~~~~~~~~~~~~~~~~~~~~~~~~~~~~~~~~~~~~~~~~~~~~~~~~~~~~~~~~~~~~~~~~~~~~~~~~~~~~~~~~~~~~~~~~~~~~~~~~~~~~~~~~~
 5288 |                       negotiated_protocol, {
      |                       ~~~~~~~~~~~~~~~~~~~~~~
 5289 |                           ptls_buffer_pushv(output, enc_key, cipher->aead->key_size);
      |                           ~~~~~~~~~~~~~~~~~~~~~~~~~~~~~~~~~~~~~~~~~~~~~~~~~~~~~~~~~~~
 5290 |                           ptls_buffer_pushv(output, enc_iv, cipher->aead->tls12.fixed_iv_size);
      |                           ~~~~~~~~~~~~~~~~~~~~~~~~~~~~~~~~~~~~~~~~~~~~~~~~~~~~~~~~~~~~~~~~~~~~~
 5291 |                           ptls_buffer_push64(output, enc_seq);
      |                           ~~~~~~~~~~~~~~~~~~~~~~~~~~~~~~~~~~~~
 5292 |                           if (cipher->aead->tls12.record_iv_size != 0)
      |                           ~~~~~~~~~~~~~~~~~~~~~~~~~~~~~~~~~~~~~~~~~~~~
 5293 |                               ptls_buffer_push64(output, enc_record_iv);
      |                               ~~~~~~~~~~~~~~~~~~~~~~~~~~~~~~~~~~~~~~~~~~
 5294 |                           ptls_buffer_pushv(output, dec_key, cipher->aead->key_size);
      |                           ~~~~~~~~~~~~~~~~~~~~~~~~~~~~~~~~~~~~~~~~~~~~~~~~~~~~~~~~~~~
 5295 |                           ptls_buffer_pushv(output, dec_iv, cipher->aead->tls12.fixed_iv_size);
      |                           ~~~~~~~~~~~~~~~~~~~~~~~~~~~~~~~~~~~~~~~~~~~~~~~~~~~~~~~~~~~~~~~~~~~~~
 5296 |                           ptls_buffer_push64(output, dec_seq);
      |                           ~~~~~~~~~~~~~~~~~~~~~~~~~~~~~~~~~~~~
 5297 |                       });
      |                       ~~
vendor/picotls/lib/picotls.c:5269:13: note: expanded from macro 'export_tls_params'
 5269 |             ptls_buffer_push_block((output), 2, {                                                                                  \
      |             ^~~~~~~~~~~~~~~~~~~~~~~~~~~~~~~~~~~~~~~~~~~~~~~~~~~~~~~~~~~~~~~~~~~~~~~~~~~~~~~~~~~~~~~~~~~~~~~~~~~~~~~~~~~~~~~~~~~~~~~~
 5270 |                 size_t len = _server_name != NULL ? strlen(_server_name) : 0;                                                      \
      |                 ~~~~~~~~~~~~~~~~~~~~~~~~~~~~~~~~~~~~~~~~~~~~~~~~~~~~~~~~~~~~~~~~~~~~~~~~~~~~~~~~~~~~~~~~~~~~~~~~~~~~~~~~~~~~~~~~~~~~
 5271 |                 ptls_buffer_pushv((output), _server_name, len);                                                                    \
      |                 ~~~~~~~~~~~~~~~~~~~~~~~~~~~~~~~~~~~~~~~~~~~~~~~~~~~~~~~~~~~~~~~~~~~~~~~~~~~~~~~~~~~~~~~~~~~~~~~~~~~~~~~~~~~~~~~~~~~~
 5272 |             });                                                                                                                    \
      |             ~~
vendor/picotls/include/picotls.h:1293:22: note: expanded from macro 'ptls_buffer_push_block'
 1293 |         if (capacity != -1) {                                                                                                      \
      |             ~~~~~~~~ ^  ~~
vendor/picotls/include/picotls.h:1290:13: note: expanded from macro 'ptls_buffer_push_block'
 1290 |             block                                                                                                                  \
      |             ^~~~~
vendor/picotls/lib/picotls.c:5287:5: warning: comparison of integers of different signs: 'size_t' (aka 'unsigned long') and 'int' [-Wsign-compare]
 5287 |     export_tls_params(output, is_server, session_reused, PTLS_PROTOCOL_VERSION_TLS12, cipher, client_random, server_name,
      |     ^~~~~~~~~~~~~~~~~~~~~~~~~~~~~~~~~~~~~~~~~~~~~~~~~~~~~~~~~~~~~~~~~~~~~~~~~~~~~~~~~~~~~~~~~~~~~~~~~~~~~~~~~~~~~~~~~~~~~
 5288 |                       negotiated_protocol, {
      |                       ~~~~~~~~~~~~~~~~~~~~~~
 5289 |                           ptls_buffer_pushv(output, enc_key, cipher->aead->key_size);
      |                           ~~~~~~~~~~~~~~~~~~~~~~~~~~~~~~~~~~~~~~~~~~~~~~~~~~~~~~~~~~~
 5290 |                           ptls_buffer_pushv(output, enc_iv, cipher->aead->tls12.fixed_iv_size);
      |                           ~~~~~~~~~~~~~~~~~~~~~~~~~~~~~~~~~~~~~~~~~~~~~~~~~~~~~~~~~~~~~~~~~~~~~
 5291 |                           ptls_buffer_push64(output, enc_seq);
      |                           ~~~~~~~~~~~~~~~~~~~~~~~~~~~~~~~~~~~~
 5292 |                           if (cipher->aead->tls12.record_iv_size != 0)
      |                           ~~~~~~~~~~~~~~~~~~~~~~~~~~~~~~~~~~~~~~~~~~~~
 5293 |                               ptls_buffer_push64(output, enc_record_iv);
      |                               ~~~~~~~~~~~~~~~~~~~~~~~~~~~~~~~~~~~~~~~~~~
 5294 |                           ptls_buffer_pushv(output, dec_key, cipher->aead->key_size);
      |                           ~~~~~~~~~~~~~~~~~~~~~~~~~~~~~~~~~~~~~~~~~~~~~~~~~~~~~~~~~~~
 5295 |                           ptls_buffer_pushv(output, dec_iv, cipher->aead->tls12.fixed_iv_size);
      |                           ~~~~~~~~~~~~~~~~~~~~~~~~~~~~~~~~~~~~~~~~~~~~~~~~~~~~~~~~~~~~~~~~~~~~~
 5296 |                           ptls_buffer_push64(output, dec_seq);
      |                           ~~~~~~~~~~~~~~~~~~~~~~~~~~~~~~~~~~~~
 5297 |                       });
      |                       ~~
vendor/picotls/lib/picotls.c:5273:13: note: expanded from macro 'export_tls_params'
 5273 |             ptls_buffer_push_block((output), 2,                                                                                    \
      |             ^~~~~~~~~~~~~~~~~~~~~~~~~~~~~~~~~~~~~~~~~~~~~~~~~~~~~~~~~~~~~~~~~~~~~~~~~~~~~~~~~~~~~~~~~~~~~~~~~~~~~~~~~~~~~~~~~~~~~~~~
 5274 |                                    { ptls_buffer_pushv((output), _negotiated_protocol.base, _negotiated_protocol.len); });         \
      |                                    ~~~~~~~~~~~~~~~~~~~~~~~~~~~~~~~~~~~~~~~~~~~~~~~~~~~~~~~~~~~~~~~~~~~~~~~~~~~~~~~~~~~~~~
vendor/picotls/include/picotls.h:1287:72: note: expanded from macro 'ptls_buffer_push_block'
 1287 |         ptls_buffer_pushv((buf), (uint8_t *)"\0\0\0\0\0\0\0", capacity != -1 ? capacity : 1);                                      \
      |                                                               ~~~~~~~~ ^  ~~
vendor/picotls/include/picotls.h:1241:57: note: expanded from macro 'ptls_buffer_pushv'
 1241 |         if ((ret = ptls_buffer__do_pushv((buf), (src), (len))) != 0)                                                               \
      |                                                         ^~~
vendor/picotls/include/picotls.h:1290:13: note: expanded from macro 'ptls_buffer_push_block'
 1290 |             block                                                                                                                  \
      |             ^~~~~
vendor/picotls/lib/picotls.c:5287:5: warning: comparison of integers of different signs: 'size_t' (aka 'unsigned long') and 'int' [-Wsign-compare]
 5287 |     export_tls_params(output, is_server, session_reused, PTLS_PROTOCOL_VERSION_TLS12, cipher, client_random, server_name,
      |     ^~~~~~~~~~~~~~~~~~~~~~~~~~~~~~~~~~~~~~~~~~~~~~~~~~~~~~~~~~~~~~~~~~~~~~~~~~~~~~~~~~~~~~~~~~~~~~~~~~~~~~~~~~~~~~~~~~~~~
 5288 |                       negotiated_protocol, {
      |                       ~~~~~~~~~~~~~~~~~~~~~~
 5289 |                           ptls_buffer_pushv(output, enc_key, cipher->aead->key_size);
      |                           ~~~~~~~~~~~~~~~~~~~~~~~~~~~~~~~~~~~~~~~~~~~~~~~~~~~~~~~~~~~
 5290 |                           ptls_buffer_pushv(output, enc_iv, cipher->aead->tls12.fixed_iv_size);
      |                           ~~~~~~~~~~~~~~~~~~~~~~~~~~~~~~~~~~~~~~~~~~~~~~~~~~~~~~~~~~~~~~~~~~~~~
 5291 |                           ptls_buffer_push64(output, enc_seq);
      |                           ~~~~~~~~~~~~~~~~~~~~~~~~~~~~~~~~~~~~
 5292 |                           if (cipher->aead->tls12.record_iv_size != 0)
      |                           ~~~~~~~~~~~~~~~~~~~~~~~~~~~~~~~~~~~~~~~~~~~~
 5293 |                               ptls_buffer_push64(output, enc_record_iv);
      |                               ~~~~~~~~~~~~~~~~~~~~~~~~~~~~~~~~~~~~~~~~~~
 5294 |                           ptls_buffer_pushv(output, dec_key, cipher->aead->key_size);
      |                           ~~~~~~~~~~~~~~~~~~~~~~~~~~~~~~~~~~~~~~~~~~~~~~~~~~~~~~~~~~~
 5295 |                           ptls_buffer_pushv(output, dec_iv, cipher->aead->tls12.fixed_iv_size);
      |                           ~~~~~~~~~~~~~~~~~~~~~~~~~~~~~~~~~~~~~~~~~~~~~~~~~~~~~~~~~~~~~~~~~~~~~
 5296 |                           ptls_buffer_push64(output, dec_seq);
      |                           ~~~~~~~~~~~~~~~~~~~~~~~~~~~~~~~~~~~~
 5297 |                       });
      |                       ~~
vendor/picotls/lib/picotls.c:5273:13: note: expanded from macro 'export_tls_params'
 5273 |             ptls_buffer_push_block((output), 2,                                                                                    \
      |             ^~~~~~~~~~~~~~~~~~~~~~~~~~~~~~~~~~~~~~~~~~~~~~~~~~~~~~~~~~~~~~~~~~~~~~~~~~~~~~~~~~~~~~~~~~~~~~~~~~~~~~~~~~~~~~~~~~~~~~~~
 5274 |                                    { ptls_buffer_pushv((output), _negotiated_protocol.base, _negotiated_protocol.len); });         \
      |                                    ~~~~~~~~~~~~~~~~~~~~~~~~~~~~~~~~~~~~~~~~~~~~~~~~~~~~~~~~~~~~~~~~~~~~~~~~~~~~~~~~~~~~~~
vendor/picotls/include/picotls.h:1293:22: note: expanded from macro 'ptls_buffer_push_block'
 1293 |         if (capacity != -1) {                                                                                                      \
      |             ~~~~~~~~ ^  ~~
vendor/picotls/include/picotls.h:1290:13: note: expanded from macro 'ptls_buffer_push_block'
 1290 |             block                                                                                                                  \
      |             ^~~~~
vendor/picotls/lib/picotls.c:5287:5: warning: comparison of integers of different signs: 'size_t' (aka 'unsigned long') and 'int' [-Wsign-compare]
 5287 |     export_tls_params(output, is_server, session_reused, PTLS_PROTOCOL_VERSION_TLS12, cipher, client_random, server_name,
      |     ^~~~~~~~~~~~~~~~~~~~~~~~~~~~~~~~~~~~~~~~~~~~~~~~~~~~~~~~~~~~~~~~~~~~~~~~~~~~~~~~~~~~~~~~~~~~~~~~~~~~~~~~~~~~~~~~~~~~~
 5288 |                       negotiated_protocol, {
      |                       ~~~~~~~~~~~~~~~~~~~~~~
 5289 |                           ptls_buffer_pushv(output, enc_key, cipher->aead->key_size);
      |                           ~~~~~~~~~~~~~~~~~~~~~~~~~~~~~~~~~~~~~~~~~~~~~~~~~~~~~~~~~~~
 5290 |                           ptls_buffer_pushv(output, enc_iv, cipher->aead->tls12.fixed_iv_size);
      |                           ~~~~~~~~~~~~~~~~~~~~~~~~~~~~~~~~~~~~~~~~~~~~~~~~~~~~~~~~~~~~~~~~~~~~~
 5291 |                           ptls_buffer_push64(output, enc_seq);
      |                           ~~~~~~~~~~~~~~~~~~~~~~~~~~~~~~~~~~~~
 5292 |                           if (cipher->aead->tls12.record_iv_size != 0)
      |                           ~~~~~~~~~~~~~~~~~~~~~~~~~~~~~~~~~~~~~~~~~~~~
 5293 |                               ptls_buffer_push64(output, enc_record_iv);
      |                               ~~~~~~~~~~~~~~~~~~~~~~~~~~~~~~~~~~~~~~~~~~
 5294 |                           ptls_buffer_pushv(output, dec_key, cipher->aead->key_size);
      |                           ~~~~~~~~~~~~~~~~~~~~~~~~~~~~~~~~~~~~~~~~~~~~~~~~~~~~~~~~~~~
 5295 |                           ptls_buffer_pushv(output, dec_iv, cipher->aead->tls12.fixed_iv_size);
      |                           ~~~~~~~~~~~~~~~~~~~~~~~~~~~~~~~~~~~~~~~~~~~~~~~~~~~~~~~~~~~~~~~~~~~~~
 5296 |                           ptls_buffer_push64(output, dec_seq);
      |                           ~~~~~~~~~~~~~~~~~~~~~~~~~~~~~~~~~~~~
 5297 |                       });
      |                       ~~
vendor/picotls/lib/picotls.c:5275:13: note: expanded from macro 'export_tls_params'
 5275 |             ptls_buffer_push_block((output), 2, {ver_block}); /* version-specific block */                                         \
      |             ^~~~~~~~~~~~~~~~~~~~~~~~~~~~~~~~~~~~~~~~~~~~~~~~
vendor/picotls/include/picotls.h:1287:72: note: expanded from macro 'ptls_buffer_push_block'
 1287 |         ptls_buffer_pushv((buf), (uint8_t *)"\0\0\0\0\0\0\0", capacity != -1 ? capacity : 1);                                      \
      |                                                               ~~~~~~~~ ^  ~~
vendor/picotls/include/picotls.h:1241:57: note: expanded from macro 'ptls_buffer_pushv'
 1241 |         if ((ret = ptls_buffer__do_pushv((buf), (src), (len))) != 0)                                                               \
      |                                                         ^~~
vendor/picotls/include/picotls.h:1290:13: note: expanded from macro 'ptls_buffer_push_block'
 1290 |             block                                                                                                                  \
      |             ^~~~~
vendor/picotls/lib/picotls.c:5287:5: warning: comparison of integers of different signs: 'size_t' (aka 'unsigned long') and 'int' [-Wsign-compare]
 5287 |     export_tls_params(output, is_server, session_reused, PTLS_PROTOCOL_VERSION_TLS12, cipher, client_random, server_name,
      |     ^~~~~~~~~~~~~~~~~~~~~~~~~~~~~~~~~~~~~~~~~~~~~~~~~~~~~~~~~~~~~~~~~~~~~~~~~~~~~~~~~~~~~~~~~~~~~~~~~~~~~~~~~~~~~~~~~~~~~
 5288 |                       negotiated_protocol, {
      |                       ~~~~~~~~~~~~~~~~~~~~~~
 5289 |                           ptls_buffer_pushv(output, enc_key, cipher->aead->key_size);
      |                           ~~~~~~~~~~~~~~~~~~~~~~~~~~~~~~~~~~~~~~~~~~~~~~~~~~~~~~~~~~~
 5290 |                           ptls_buffer_pushv(output, enc_iv, cipher->aead->tls12.fixed_iv_size);
      |                           ~~~~~~~~~~~~~~~~~~~~~~~~~~~~~~~~~~~~~~~~~~~~~~~~~~~~~~~~~~~~~~~~~~~~~
 5291 |                           ptls_buffer_push64(output, enc_seq);
      |                           ~~~~~~~~~~~~~~~~~~~~~~~~~~~~~~~~~~~~
 5292 |                           if (cipher->aead->tls12.record_iv_size != 0)
      |                           ~~~~~~~~~~~~~~~~~~~~~~~~~~~~~~~~~~~~~~~~~~~~
 5293 |                               ptls_buffer_push64(output, enc_record_iv);
      |                               ~~~~~~~~~~~~~~~~~~~~~~~~~~~~~~~~~~~~~~~~~~
 5294 |                           ptls_buffer_pushv(output, dec_key, cipher->aead->key_size);
      |                           ~~~~~~~~~~~~~~~~~~~~~~~~~~~~~~~~~~~~~~~~~~~~~~~~~~~~~~~~~~~
 5295 |                           ptls_buffer_pushv(output, dec_iv, cipher->aead->tls12.fixed_iv_size);
      |                           ~~~~~~~~~~~~~~~~~~~~~~~~~~~~~~~~~~~~~~~~~~~~~~~~~~~~~~~~~~~~~~~~~~~~~
 5296 |                           ptls_buffer_push64(output, dec_seq);
      |                           ~~~~~~~~~~~~~~~~~~~~~~~~~~~~~~~~~~~~
 5297 |                       });
      |                       ~~
vendor/picotls/lib/picotls.c:5275:13: note: expanded from macro 'export_tls_params'
 5275 |             ptls_buffer_push_block((output), 2, {ver_block}); /* version-specific block */                                         \
      |             ^~~~~~~~~~~~~~~~~~~~~~~~~~~~~~~~~~~~~~~~~~~~~~~~
vendor/picotls/include/picotls.h:1293:22: note: expanded from macro 'ptls_buffer_push_block'
 1293 |         if (capacity != -1) {                                                                                                      \
      |             ~~~~~~~~ ^  ~~
vendor/picotls/include/picotls.h:1290:13: note: expanded from macro 'ptls_buffer_push_block'
 1290 |             block                                                                                                                  \
      |             ^~~~~
vendor/picotls/lib/picotls.c:5287:5: warning: comparison of integers of different signs: 'size_t' (aka 'unsigned long') and 'int' [-Wsign-compare]
 5287 |     export_tls_params(output, is_server, session_reused, PTLS_PROTOCOL_VERSION_TLS12, cipher, client_random, server_name,
      |     ^~~~~~~~~~~~~~~~~~~~~~~~~~~~~~~~~~~~~~~~~~~~~~~~~~~~~~~~~~~~~~~~~~~~~~~~~~~~~~~~~~~~~~~~~~~~~~~~~~~~~~~~~~~~~~~~~~~~~
 5288 |                       negotiated_protocol, {
      |                       ~~~~~~~~~~~~~~~~~~~~~~
 5289 |                           ptls_buffer_pushv(output, enc_key, cipher->aead->key_size);
      |                           ~~~~~~~~~~~~~~~~~~~~~~~~~~~~~~~~~~~~~~~~~~~~~~~~~~~~~~~~~~~
 5290 |                           ptls_buffer_pushv(output, enc_iv, cipher->aead->tls12.fixed_iv_size);
      |                           ~~~~~~~~~~~~~~~~~~~~~~~~~~~~~~~~~~~~~~~~~~~~~~~~~~~~~~~~~~~~~~~~~~~~~
 5291 |                           ptls_buffer_push64(output, enc_seq);
      |                           ~~~~~~~~~~~~~~~~~~~~~~~~~~~~~~~~~~~~
 5292 |                           if (cipher->aead->tls12.record_iv_size != 0)
      |                           ~~~~~~~~~~~~~~~~~~~~~~~~~~~~~~~~~~~~~~~~~~~~
 5293 |                               ptls_buffer_push64(output, enc_record_iv);
      |                               ~~~~~~~~~~~~~~~~~~~~~~~~~~~~~~~~~~~~~~~~~~
 5294 |                           ptls_buffer_pushv(output, dec_key, cipher->aead->key_size);
      |                           ~~~~~~~~~~~~~~~~~~~~~~~~~~~~~~~~~~~~~~~~~~~~~~~~~~~~~~~~~~~
 5295 |                           ptls_buffer_pushv(output, dec_iv, cipher->aead->tls12.fixed_iv_size);
      |                           ~~~~~~~~~~~~~~~~~~~~~~~~~~~~~~~~~~~~~~~~~~~~~~~~~~~~~~~~~~~~~~~~~~~~~
 5296 |                           ptls_buffer_push64(output, dec_seq);
      |                           ~~~~~~~~~~~~~~~~~~~~~~~~~~~~~~~~~~~~
 5297 |                       });
      |                       ~~
vendor/picotls/lib/picotls.c:5276:13: note: expanded from macro 'export_tls_params'
 5276 |             ptls_buffer_push_block((output), 2, {});          /* for future extensions */                                          \
      |             ^~~~~~~~~~~~~~~~~~~~~~~~~~~~~~~~~~~~~~~
vendor/picotls/include/picotls.h:1287:72: note: expanded from macro 'ptls_buffer_push_block'
 1287 |         ptls_buffer_pushv((buf), (uint8_t *)"\0\0\0\0\0\0\0", capacity != -1 ? capacity : 1);                                      \
      |                                                               ~~~~~~~~ ^  ~~
vendor/picotls/include/picotls.h:1241:57: note: expanded from macro 'ptls_buffer_pushv'
 1241 |         if ((ret = ptls_buffer__do_pushv((buf), (src), (len))) != 0)                                                               \
      |                                                         ^~~
vendor/picotls/include/picotls.h:1290:13: note: expanded from macro 'ptls_buffer_push_block'
 1290 |             block                                                                                                                  \
      |             ^~~~~
vendor/picotls/lib/picotls.c:5287:5: warning: comparison of integers of different signs: 'size_t' (aka 'unsigned long') and 'int' [-Wsign-compare]
 5287 |     export_tls_params(output, is_server, session_reused, PTLS_PROTOCOL_VERSION_TLS12, cipher, client_random, server_name,
      |     ^~~~~~~~~~~~~~~~~~~~~~~~~~~~~~~~~~~~~~~~~~~~~~~~~~~~~~~~~~~~~~~~~~~~~~~~~~~~~~~~~~~~~~~~~~~~~~~~~~~~~~~~~~~~~~~~~~~~~
 5288 |                       negotiated_protocol, {
      |                       ~~~~~~~~~~~~~~~~~~~~~~
 5289 |                           ptls_buffer_pushv(output, enc_key, cipher->aead->key_size);
      |                           ~~~~~~~~~~~~~~~~~~~~~~~~~~~~~~~~~~~~~~~~~~~~~~~~~~~~~~~~~~~
 5290 |                           ptls_buffer_pushv(output, enc_iv, cipher->aead->tls12.fixed_iv_size);
      |                           ~~~~~~~~~~~~~~~~~~~~~~~~~~~~~~~~~~~~~~~~~~~~~~~~~~~~~~~~~~~~~~~~~~~~~
 5291 |                           ptls_buffer_push64(output, enc_seq);
      |                           ~~~~~~~~~~~~~~~~~~~~~~~~~~~~~~~~~~~~
 5292 |                           if (cipher->aead->tls12.record_iv_size != 0)
      |                           ~~~~~~~~~~~~~~~~~~~~~~~~~~~~~~~~~~~~~~~~~~~~
 5293 |                               ptls_buffer_push64(output, enc_record_iv);
      |                               ~~~~~~~~~~~~~~~~~~~~~~~~~~~~~~~~~~~~~~~~~~
 5294 |                           ptls_buffer_pushv(output, dec_key, cipher->aead->key_size);
      |                           ~~~~~~~~~~~~~~~~~~~~~~~~~~~~~~~~~~~~~~~~~~~~~~~~~~~~~~~~~~~
 5295 |                           ptls_buffer_pushv(output, dec_iv, cipher->aead->tls12.fixed_iv_size);
      |                           ~~~~~~~~~~~~~~~~~~~~~~~~~~~~~~~~~~~~~~~~~~~~~~~~~~~~~~~~~~~~~~~~~~~~~
 5296 |                           ptls_buffer_push64(output, dec_seq);
      |                           ~~~~~~~~~~~~~~~~~~~~~~~~~~~~~~~~~~~~
 5297 |                       });
      |                       ~~
vendor/picotls/lib/picotls.c:5276:13: note: expanded from macro 'export_tls_params'
 5276 |             ptls_buffer_push_block((output), 2, {});          /* for future extensions */                                          \
      |             ^~~~~~~~~~~~~~~~~~~~~~~~~~~~~~~~~~~~~~~
vendor/picotls/include/picotls.h:1293:22: note: expanded from macro 'ptls_buffer_push_block'
 1293 |         if (capacity != -1) {                                                                                                      \
      |             ~~~~~~~~ ^  ~~
vendor/picotls/include/picotls.h:1290:13: note: expanded from macro 'ptls_buffer_push_block'
 1290 |             block                                                                                                                  \
      |             ^~~~~
vendor/picotls/lib/picotls.c:5287:5: warning: comparison of integers of different signs: 'size_t' (aka 'unsigned long') and 'int' [-Wsign-compare]
 5287 |     export_tls_params(output, is_server, session_reused, PTLS_PROTOCOL_VERSION_TLS12, cipher, client_random, server_name,
      |     ^~~~~~~~~~~~~~~~~~~~~~~~~~~~~~~~~~~~~~~~~~~~~~~~~~~~~~~~~~~~~~~~~~~~~~~~~~~~~~~~~~~~~~~~~~~~~~~~~~~~~~~~~~~~~~~~~~~~~
 5288 |                       negotiated_protocol, {
      |                       ~~~~~~~~~~~~~~~~~~~~~~
 5289 |                           ptls_buffer_pushv(output, enc_key, cipher->aead->key_size);
      |                           ~~~~~~~~~~~~~~~~~~~~~~~~~~~~~~~~~~~~~~~~~~~~~~~~~~~~~~~~~~~
 5290 |                           ptls_buffer_pushv(output, enc_iv, cipher->aead->tls12.fixed_iv_size);
      |                           ~~~~~~~~~~~~~~~~~~~~~~~~~~~~~~~~~~~~~~~~~~~~~~~~~~~~~~~~~~~~~~~~~~~~~
 5291 |                           ptls_buffer_push64(output, enc_seq);
      |                           ~~~~~~~~~~~~~~~~~~~~~~~~~~~~~~~~~~~~
 5292 |                           if (cipher->aead->tls12.record_iv_size != 0)
      |                           ~~~~~~~~~~~~~~~~~~~~~~~~~~~~~~~~~~~~~~~~~~~~
 5293 |                               ptls_buffer_push64(output, enc_record_iv);
      |                               ~~~~~~~~~~~~~~~~~~~~~~~~~~~~~~~~~~~~~~~~~~
 5294 |                           ptls_buffer_pushv(output, dec_key, cipher->aead->key_size);
      |                           ~~~~~~~~~~~~~~~~~~~~~~~~~~~~~~~~~~~~~~~~~~~~~~~~~~~~~~~~~~~
 5295 |                           ptls_buffer_pushv(output, dec_iv, cipher->aead->tls12.fixed_iv_size);
      |                           ~~~~~~~~~~~~~~~~~~~~~~~~~~~~~~~~~~~~~~~~~~~~~~~~~~~~~~~~~~~~~~~~~~~~~
 5296 |                           ptls_buffer_push64(output, dec_seq);
      |                           ~~~~~~~~~~~~~~~~~~~~~~~~~~~~~~~~~~~~
 5297 |                       });
      |                       ~~
vendor/picotls/lib/picotls.c:5263:9: note: expanded from macro 'export_tls_params'
 5263 |         ptls_buffer_push_block((output), 2, {                                                                                      \
      |         ^~~~~~~~~~~~~~~~~~~~~~~~~~~~~~~~~~~~~~~~~~~~~~~~~~~~~~~~~~~~~~~~~~~~~~~~~~~~~~~~~~~~~~~~~~~~~~~~~~~~~~~~~~~~~~~~~~~~~~~~~~~~
 5264 |             ptls_buffer_push((output), (is_server));                                                                               \
      |             ~~~~~~~~~~~~~~~~~~~~~~~~~~~~~~~~~~~~~~~~~~~~~~~~~~~~~~~~~~~~~~~~~~~~~~~~~~~~~~~~~~~~~~~~~~~~~~~~~~~~~~~~~~~~~~~~~~~~~~~~
 5265 |             ptls_buffer_push((output), (session_reused));                                                                          \
      |             ~~~~~~~~~~~~~~~~~~~~~~~~~~~~~~~~~~~~~~~~~~~~~~~~~~~~~~~~~~~~~~~~~~~~~~~~~~~~~~~~~~~~~~~~~~~~~~~~~~~~~~~~~~~~~~~~~~~~~~~~
 5266 |             ptls_buffer_push16((output), (protocol_version));                                                                      \
      |             ~~~~~~~~~~~~~~~~~~~~~~~~~~~~~~~~~~~~~~~~~~~~~~~~~~~~~~~~~~~~~~~~~~~~~~~~~~~~~~~~~~~~~~~~~~~~~~~~~~~~~~~~~~~~~~~~~~~~~~~~
 5267 |             ptls_buffer_push16((output), (cipher)->id);                                                                            \
      |             ~~~~~~~~~~~~~~~~~~~~~~~~~~~~~~~~~~~~~~~~~~~~~~~~~~~~~~~~~~~~~~~~~~~~~~~~~~~~~~~~~~~~~~~~~~~~~~~~~~~~~~~~~~~~~~~~~~~~~~~~
 5268 |             ptls_buffer_pushv((output), (client_random), PTLS_HELLO_RANDOM_SIZE);                                                  \
      |             ~~~~~~~~~~~~~~~~~~~~~~~~~~~~~~~~~~~~~~~~~~~~~~~~~~~~~~~~~~~~~~~~~~~~~~~~~~~~~~~~~~~~~~~~~~~~~~~~~~~~~~~~~~~~~~~~~~~~~~~~
 5269 |             ptls_buffer_push_block((output), 2, {                                                                                  \
      |             ~~~~~~~~~~~~~~~~~~~~~~~~~~~~~~~~~~~~~~~~~~~~~~~~~~~~~~~~~~~~~~~~~~~~~~~~~~~~~~~~~~~~~~~~~~~~~~~~~~~~~~~~~~~~~~~~~~~~~~~~
 5270 |                 size_t len = _server_name != NULL ? strlen(_server_name) : 0;                                                      \
      |                 ~~~~~~~~~~~~~~~~~~~~~~~~~~~~~~~~~~~~~~~~~~~~~~~~~~~~~~~~~~~~~~~~~~~~~~~~~~~~~~~~~~~~~~~~~~~~~~~~~~~~~~~~~~~~~~~~~~~~
 5271 |                 ptls_buffer_pushv((output), _server_name, len);                                                                    \
      |                 ~~~~~~~~~~~~~~~~~~~~~~~~~~~~~~~~~~~~~~~~~~~~~~~~~~~~~~~~~~~~~~~~~~~~~~~~~~~~~~~~~~~~~~~~~~~~~~~~~~~~~~~~~~~~~~~~~~~~
 5272 |             });                                                                                                                    \
      |             ~~~~~~~~~~~~~~~~~~~~~~~~~~~~~~~~~~~~~~~~~~~~~~~~~~~~~~~~~~~~~~~~~~~~~~~~~~~~~~~~~~~~~~~~~~~~~~~~~~~~~~~~~~~~~~~~~~~~~~~~
 5273 |             ptls_buffer_push_block((output), 2,                                                                                    \
      |             ~~~~~~~~~~~~~~~~~~~~~~~~~~~~~~~~~~~~~~~~~~~~~~~~~~~~~~~~~~~~~~~~~~~~~~~~~~~~~~~~~~~~~~~~~~~~~~~~~~~~~~~~~~~~~~~~~~~~~~~~
 5274 |                                    { ptls_buffer_pushv((output), _negotiated_protocol.base, _negotiated_protocol.len); });         \
      |                                    ~~~~~~~~~~~~~~~~~~~~~~~~~~~~~~~~~~~~~~~~~~~~~~~~~~~~~~~~~~~~~~~~~~~~~~~~~~~~~~~~~~~~~~~~~~~~~~~~~
 5275 |             ptls_buffer_push_block((output), 2, {ver_block}); /* version-specific block */                                         \
      |             ~~~~~~~~~~~~~~~~~~~~~~~~~~~~~~~~~~~~~~~~~~~~~~~~~~~~~~~~~~~~~~~~~~~~~~~~~~~~~~~~~~~~~~~~~~~~~~~~~~~~~~~~~~~~~~~~~~~~~~~~
 5276 |             ptls_buffer_push_block((output), 2, {});          /* for future extensions */                                          \
      |             ~~~~~~~~~~~~~~~~~~~~~~~~~~~~~~~~~~~~~~~~~~~~~~~~~~~~~~~~~~~~~~~~~~~~~~~~~~~~~~~~~~~~~~~~~~~~~~~~~~~~~~~~~~~~~~~~~~~~~~~~
 5277 |         });                                                                                                                        \
      |         ~~
vendor/picotls/include/picotls.h:1293:22: note: expanded from macro 'ptls_buffer_push_block'
 1293 |         if (capacity != -1) {                                                                                                      \
      |             ~~~~~~~~ ^  ~~
vendor/picotls/lib/picotls.c:5356:9: warning: comparison of integers of different signs: 'size_t' (aka 'unsigned long') and 'int' [-Wsign-compare]
 5356 |         export_tls_params(output, tls->is_server, tls->is_psk_handshake, PTLS_PROTOCOL_VERSION_TLS13, tls->cipher_suite,
      |         ^~~~~~~~~~~~~~~~~~~~~~~~~~~~~~~~~~~~~~~~~~~~~~~~~~~~~~~~~~~~~~~~~~~~~~~~~~~~~~~~~~~~~~~~~~~~~~~~~~~~~~~~~~~~~~~~
 5357 |                           tls->client_random, tls->server_name, negotiated_protocol, {
      |                           ~~~~~~~~~~~~~~~~~~~~~~~~~~~~~~~~~~~~~~~~~~~~~~~~~~~~~~~~~~~~
 5358 |                               ptls_buffer_pushv(output, tls->traffic_protection.enc.secret, tls->cipher_suite->hash->digest_size);
      |                               ~~~~~~~~~~~~~~~~~~~~~~~~~~~~~~~~~~~~~~~~~~~~~~~~~~~~~~~~~~~~~~~~~~~~~~~~~~~~~~~~~~~~~~~~~~~~~~~~~~~~
 5359 |                               ptls_buffer_push64(output, tls->traffic_protection.enc.seq);
      |                               ~~~~~~~~~~~~~~~~~~~~~~~~~~~~~~~~~~~~~~~~~~~~~~~~~~~~~~~~~~~~
 5360 |                               ptls_buffer_pushv(output, tls->traffic_protection.dec.secret, tls->cipher_suite->hash->digest_size);
      |                               ~~~~~~~~~~~~~~~~~~~~~~~~~~~~~~~~~~~~~~~~~~~~~~~~~~~~~~~~~~~~~~~~~~~~~~~~~~~~~~~~~~~~~~~~~~~~~~~~~~~~
 5361 |                               ptls_buffer_push64(output, tls->traffic_protection.dec.seq);
      |                               ~~~~~~~~~~~~~~~~~~~~~~~~~~~~~~~~~~~~~~~~~~~~~~~~~~~~~~~~~~~~
 5362 |                           });
      |                           ~~
vendor/picotls/lib/picotls.c:5263:9: note: expanded from macro 'export_tls_params'
 5263 |         ptls_buffer_push_block((output), 2, {                                                                                      \
      |         ^~~~~~~~~~~~~~~~~~~~~~~~~~~~~~~~~~~~~~~~~~~~~~~~~~~~~~~~~~~~~~~~~~~~~~~~~~~~~~~~~~~~~~~~~~~~~~~~~~~~~~~~~~~~~~~~~~~~~~~~~~~~
 5264 |             ptls_buffer_push((output), (is_server));                                                                               \
      |             ~~~~~~~~~~~~~~~~~~~~~~~~~~~~~~~~~~~~~~~~~~~~~~~~~~~~~~~~~~~~~~~~~~~~~~~~~~~~~~~~~~~~~~~~~~~~~~~~~~~~~~~~~~~~~~~~~~~~~~~~
 5265 |             ptls_buffer_push((output), (session_reused));                                                                          \
      |             ~~~~~~~~~~~~~~~~~~~~~~~~~~~~~~~~~~~~~~~~~~~~~~~~~~~~~~~~~~~~~~~~~~~~~~~~~~~~~~~~~~~~~~~~~~~~~~~~~~~~~~~~~~~~~~~~~~~~~~~~
 5266 |             ptls_buffer_push16((output), (protocol_version));                                                                      \
      |             ~~~~~~~~~~~~~~~~~~~~~~~~~~~~~~~~~~~~~~~~~~~~~~~~~~~~~~~~~~~~~~~~~~~~~~~~~~~~~~~~~~~~~~~~~~~~~~~~~~~~~~~~~~~~~~~~~~~~~~~~
 5267 |             ptls_buffer_push16((output), (cipher)->id);                                                                            \
      |             ~~~~~~~~~~~~~~~~~~~~~~~~~~~~~~~~~~~~~~~~~~~~~~~~~~~~~~~~~~~~~~~~~~~~~~~~~~~~~~~~~~~~~~~~~~~~~~~~~~~~~~~~~~~~~~~~~~~~~~~~
 5268 |             ptls_buffer_pushv((output), (client_random), PTLS_HELLO_RANDOM_SIZE);                                                  \
      |             ~~~~~~~~~~~~~~~~~~~~~~~~~~~~~~~~~~~~~~~~~~~~~~~~~~~~~~~~~~~~~~~~~~~~~~~~~~~~~~~~~~~~~~~~~~~~~~~~~~~~~~~~~~~~~~~~~~~~~~~~
 5269 |             ptls_buffer_push_block((output), 2, {                                                                                  \
      |             ~~~~~~~~~~~~~~~~~~~~~~~~~~~~~~~~~~~~~~~~~~~~~~~~~~~~~~~~~~~~~~~~~~~~~~~~~~~~~~~~~~~~~~~~~~~~~~~~~~~~~~~~~~~~~~~~~~~~~~~~
 5270 |                 size_t len = _server_name != NULL ? strlen(_server_name) : 0;                                                      \
      |                 ~~~~~~~~~~~~~~~~~~~~~~~~~~~~~~~~~~~~~~~~~~~~~~~~~~~~~~~~~~~~~~~~~~~~~~~~~~~~~~~~~~~~~~~~~~~~~~~~~~~~~~~~~~~~~~~~~~~~
 5271 |                 ptls_buffer_pushv((output), _server_name, len);                                                                    \
      |                 ~~~~~~~~~~~~~~~~~~~~~~~~~~~~~~~~~~~~~~~~~~~~~~~~~~~~~~~~~~~~~~~~~~~~~~~~~~~~~~~~~~~~~~~~~~~~~~~~~~~~~~~~~~~~~~~~~~~~
 5272 |             });                                                                                                                    \
      |             ~~~~~~~~~~~~~~~~~~~~~~~~~~~~~~~~~~~~~~~~~~~~~~~~~~~~~~~~~~~~~~~~~~~~~~~~~~~~~~~~~~~~~~~~~~~~~~~~~~~~~~~~~~~~~~~~~~~~~~~~
 5273 |             ptls_buffer_push_block((output), 2,                                                                                    \
      |             ~~~~~~~~~~~~~~~~~~~~~~~~~~~~~~~~~~~~~~~~~~~~~~~~~~~~~~~~~~~~~~~~~~~~~~~~~~~~~~~~~~~~~~~~~~~~~~~~~~~~~~~~~~~~~~~~~~~~~~~~
 5274 |                                    { ptls_buffer_pushv((output), _negotiated_protocol.base, _negotiated_protocol.len); });         \
      |                                    ~~~~~~~~~~~~~~~~~~~~~~~~~~~~~~~~~~~~~~~~~~~~~~~~~~~~~~~~~~~~~~~~~~~~~~~~~~~~~~~~~~~~~~~~~~~~~~~~~
 5275 |             ptls_buffer_push_block((output), 2, {ver_block}); /* version-specific block */                                         \
      |             ~~~~~~~~~~~~~~~~~~~~~~~~~~~~~~~~~~~~~~~~~~~~~~~~~~~~~~~~~~~~~~~~~~~~~~~~~~~~~~~~~~~~~~~~~~~~~~~~~~~~~~~~~~~~~~~~~~~~~~~~
 5276 |             ptls_buffer_push_block((output), 2, {});          /* for future extensions */                                          \
      |             ~~~~~~~~~~~~~~~~~~~~~~~~~~~~~~~~~~~~~~~~~~~~~~~~~~~~~~~~~~~~~~~~~~~~~~~~~~~~~~~~~~~~~~~~~~~~~~~~~~~~~~~~~~~~~~~~~~~~~~~~
 5277 |         });                                                                                                                        \
      |         ~~
vendor/picotls/include/picotls.h:1287:72: note: expanded from macro 'ptls_buffer_push_block'
 1287 |         ptls_buffer_pushv((buf), (uint8_t *)"\0\0\0\0\0\0\0", capacity != -1 ? capacity : 1);                                      \
      |                                                               ~~~~~~~~ ^  ~~
vendor/picotls/include/picotls.h:1241:57: note: expanded from macro 'ptls_buffer_pushv'
 1241 |         if ((ret = ptls_buffer__do_pushv((buf), (src), (len))) != 0)                                                               \
      |                                                         ^~~
vendor/picotls/lib/picotls.c:5356:9: warning: comparison of integers of different signs: 'size_t' (aka 'unsigned long') and 'int' [-Wsign-compare]
 5356 |         export_tls_params(output, tls->is_server, tls->is_psk_handshake, PTLS_PROTOCOL_VERSION_TLS13, tls->cipher_suite,
      |         ^~~~~~~~~~~~~~~~~~~~~~~~~~~~~~~~~~~~~~~~~~~~~~~~~~~~~~~~~~~~~~~~~~~~~~~~~~~~~~~~~~~~~~~~~~~~~~~~~~~~~~~~~~~~~~~~
 5357 |                           tls->client_random, tls->server_name, negotiated_protocol, {
      |                           ~~~~~~~~~~~~~~~~~~~~~~~~~~~~~~~~~~~~~~~~~~~~~~~~~~~~~~~~~~~~
 5358 |                               ptls_buffer_pushv(output, tls->traffic_protection.enc.secret, tls->cipher_suite->hash->digest_size);
      |                               ~~~~~~~~~~~~~~~~~~~~~~~~~~~~~~~~~~~~~~~~~~~~~~~~~~~~~~~~~~~~~~~~~~~~~~~~~~~~~~~~~~~~~~~~~~~~~~~~~~~~
 5359 |                               ptls_buffer_push64(output, tls->traffic_protection.enc.seq);
      |                               ~~~~~~~~~~~~~~~~~~~~~~~~~~~~~~~~~~~~~~~~~~~~~~~~~~~~~~~~~~~~
 5360 |                               ptls_buffer_pushv(output, tls->traffic_protection.dec.secret, tls->cipher_suite->hash->digest_size);
      |                               ~~~~~~~~~~~~~~~~~~~~~~~~~~~~~~~~~~~~~~~~~~~~~~~~~~~~~~~~~~~~~~~~~~~~~~~~~~~~~~~~~~~~~~~~~~~~~~~~~~~~
 5361 |                               ptls_buffer_push64(output, tls->traffic_protection.dec.seq);
      |                               ~~~~~~~~~~~~~~~~~~~~~~~~~~~~~~~~~~~~~~~~~~~~~~~~~~~~~~~~~~~~
 5362 |                           });
      |                           ~~
vendor/picotls/lib/picotls.c:5269:13: note: expanded from macro 'export_tls_params'
 5269 |             ptls_buffer_push_block((output), 2, {                                                                                  \
      |             ^~~~~~~~~~~~~~~~~~~~~~~~~~~~~~~~~~~~~~~~~~~~~~~~~~~~~~~~~~~~~~~~~~~~~~~~~~~~~~~~~~~~~~~~~~~~~~~~~~~~~~~~~~~~~~~~~~~~~~~~
 5270 |                 size_t len = _server_name != NULL ? strlen(_server_name) : 0;                                                      \
      |                 ~~~~~~~~~~~~~~~~~~~~~~~~~~~~~~~~~~~~~~~~~~~~~~~~~~~~~~~~~~~~~~~~~~~~~~~~~~~~~~~~~~~~~~~~~~~~~~~~~~~~~~~~~~~~~~~~~~~~
 5271 |                 ptls_buffer_pushv((output), _server_name, len);                                                                    \
      |                 ~~~~~~~~~~~~~~~~~~~~~~~~~~~~~~~~~~~~~~~~~~~~~~~~~~~~~~~~~~~~~~~~~~~~~~~~~~~~~~~~~~~~~~~~~~~~~~~~~~~~~~~~~~~~~~~~~~~~
 5272 |             });                                                                                                                    \
      |             ~~
vendor/picotls/include/picotls.h:1287:72: note: expanded from macro 'ptls_buffer_push_block'
 1287 |         ptls_buffer_pushv((buf), (uint8_t *)"\0\0\0\0\0\0\0", capacity != -1 ? capacity : 1);                                      \
      |                                                               ~~~~~~~~ ^  ~~
vendor/picotls/include/picotls.h:1241:57: note: expanded from macro 'ptls_buffer_pushv'
 1241 |         if ((ret = ptls_buffer__do_pushv((buf), (src), (len))) != 0)                                                               \
      |                                                         ^~~
vendor/picotls/include/picotls.h:1290:13: note: expanded from macro 'ptls_buffer_push_block'
 1290 |             block                                                                                                                  \
      |             ^~~~~
vendor/picotls/lib/picotls.c:5356:9: warning: comparison of integers of different signs: 'size_t' (aka 'unsigned long') and 'int' [-Wsign-compare]
 5356 |         export_tls_params(output, tls->is_server, tls->is_psk_handshake, PTLS_PROTOCOL_VERSION_TLS13, tls->cipher_suite,
      |         ^~~~~~~~~~~~~~~~~~~~~~~~~~~~~~~~~~~~~~~~~~~~~~~~~~~~~~~~~~~~~~~~~~~~~~~~~~~~~~~~~~~~~~~~~~~~~~~~~~~~~~~~~~~~~~~~
 5357 |                           tls->client_random, tls->server_name, negotiated_protocol, {
      |                           ~~~~~~~~~~~~~~~~~~~~~~~~~~~~~~~~~~~~~~~~~~~~~~~~~~~~~~~~~~~~
 5358 |                               ptls_buffer_pushv(output, tls->traffic_protection.enc.secret, tls->cipher_suite->hash->digest_size);
      |                               ~~~~~~~~~~~~~~~~~~~~~~~~~~~~~~~~~~~~~~~~~~~~~~~~~~~~~~~~~~~~~~~~~~~~~~~~~~~~~~~~~~~~~~~~~~~~~~~~~~~~
 5359 |                               ptls_buffer_push64(output, tls->traffic_protection.enc.seq);
      |                               ~~~~~~~~~~~~~~~~~~~~~~~~~~~~~~~~~~~~~~~~~~~~~~~~~~~~~~~~~~~~
 5360 |                               ptls_buffer_pushv(output, tls->traffic_protection.dec.secret, tls->cipher_suite->hash->digest_size);
      |                               ~~~~~~~~~~~~~~~~~~~~~~~~~~~~~~~~~~~~~~~~~~~~~~~~~~~~~~~~~~~~~~~~~~~~~~~~~~~~~~~~~~~~~~~~~~~~~~~~~~~~
 5361 |                               ptls_buffer_push64(output, tls->traffic_protection.dec.seq);
      |                               ~~~~~~~~~~~~~~~~~~~~~~~~~~~~~~~~~~~~~~~~~~~~~~~~~~~~~~~~~~~~
 5362 |                           });
      |                           ~~
vendor/picotls/lib/picotls.c:5269:13: note: expanded from macro 'export_tls_params'
 5269 |             ptls_buffer_push_block((output), 2, {                                                                                  \
      |             ^~~~~~~~~~~~~~~~~~~~~~~~~~~~~~~~~~~~~~~~~~~~~~~~~~~~~~~~~~~~~~~~~~~~~~~~~~~~~~~~~~~~~~~~~~~~~~~~~~~~~~~~~~~~~~~~~~~~~~~~
 5270 |                 size_t len = _server_name != NULL ? strlen(_server_name) : 0;                                                      \
      |                 ~~~~~~~~~~~~~~~~~~~~~~~~~~~~~~~~~~~~~~~~~~~~~~~~~~~~~~~~~~~~~~~~~~~~~~~~~~~~~~~~~~~~~~~~~~~~~~~~~~~~~~~~~~~~~~~~~~~~
 5271 |                 ptls_buffer_pushv((output), _server_name, len);                                                                    \
      |                 ~~~~~~~~~~~~~~~~~~~~~~~~~~~~~~~~~~~~~~~~~~~~~~~~~~~~~~~~~~~~~~~~~~~~~~~~~~~~~~~~~~~~~~~~~~~~~~~~~~~~~~~~~~~~~~~~~~~~
 5272 |             });                                                                                                                    \
      |             ~~
vendor/picotls/include/picotls.h:1293:22: note: expanded from macro 'ptls_buffer_push_block'
 1293 |         if (capacity != -1) {                                                                                                      \
      |             ~~~~~~~~ ^  ~~
vendor/picotls/include/picotls.h:1290:13: note: expanded from macro 'ptls_buffer_push_block'
 1290 |             block                                                                                                                  \
      |             ^~~~~
vendor/picotls/lib/picotls.c:5356:9: warning: comparison of integers of different signs: 'size_t' (aka 'unsigned long') and 'int' [-Wsign-compare]
 5356 |         export_tls_params(output, tls->is_server, tls->is_psk_handshake, PTLS_PROTOCOL_VERSION_TLS13, tls->cipher_suite,
      |         ^~~~~~~~~~~~~~~~~~~~~~~~~~~~~~~~~~~~~~~~~~~~~~~~~~~~~~~~~~~~~~~~~~~~~~~~~~~~~~~~~~~~~~~~~~~~~~~~~~~~~~~~~~~~~~~~
 5357 |                           tls->client_random, tls->server_name, negotiated_protocol, {
      |                           ~~~~~~~~~~~~~~~~~~~~~~~~~~~~~~~~~~~~~~~~~~~~~~~~~~~~~~~~~~~~
 5358 |                               ptls_buffer_pushv(output, tls->traffic_protection.enc.secret, tls->cipher_suite->hash->digest_size);
      |                               ~~~~~~~~~~~~~~~~~~~~~~~~~~~~~~~~~~~~~~~~~~~~~~~~~~~~~~~~~~~~~~~~~~~~~~~~~~~~~~~~~~~~~~~~~~~~~~~~~~~~
 5359 |                               ptls_buffer_push64(output, tls->traffic_protection.enc.seq);
      |                               ~~~~~~~~~~~~~~~~~~~~~~~~~~~~~~~~~~~~~~~~~~~~~~~~~~~~~~~~~~~~
 5360 |                               ptls_buffer_pushv(output, tls->traffic_protection.dec.secret, tls->cipher_suite->hash->digest_size);
      |                               ~~~~~~~~~~~~~~~~~~~~~~~~~~~~~~~~~~~~~~~~~~~~~~~~~~~~~~~~~~~~~~~~~~~~~~~~~~~~~~~~~~~~~~~~~~~~~~~~~~~~
 5361 |                               ptls_buffer_push64(output, tls->traffic_protection.dec.seq);
      |                               ~~~~~~~~~~~~~~~~~~~~~~~~~~~~~~~~~~~~~~~~~~~~~~~~~~~~~~~~~~~~
 5362 |                           });
      |                           ~~
vendor/picotls/lib/picotls.c:5273:13: note: expanded from macro 'export_tls_params'
 5273 |             ptls_buffer_push_block((output), 2,                                                                                    \
      |             ^~~~~~~~~~~~~~~~~~~~~~~~~~~~~~~~~~~~~~~~~~~~~~~~~~~~~~~~~~~~~~~~~~~~~~~~~~~~~~~~~~~~~~~~~~~~~~~~~~~~~~~~~~~~~~~~~~~~~~~~
 5274 |                                    { ptls_buffer_pushv((output), _negotiated_protocol.base, _negotiated_protocol.len); });         \
      |                                    ~~~~~~~~~~~~~~~~~~~~~~~~~~~~~~~~~~~~~~~~~~~~~~~~~~~~~~~~~~~~~~~~~~~~~~~~~~~~~~~~~~~~~~
vendor/picotls/include/picotls.h:1287:72: note: expanded from macro 'ptls_buffer_push_block'
 1287 |         ptls_buffer_pushv((buf), (uint8_t *)"\0\0\0\0\0\0\0", capacity != -1 ? capacity : 1);                                      \
      |                                                               ~~~~~~~~ ^  ~~
vendor/picotls/include/picotls.h:1241:57: note: expanded from macro 'ptls_buffer_pushv'
 1241 |         if ((ret = ptls_buffer__do_pushv((buf), (src), (len))) != 0)                                                               \
      |                                                         ^~~
vendor/picotls/include/picotls.h:1290:13: note: expanded from macro 'ptls_buffer_push_block'
 1290 |             block                                                                                                                  \
      |             ^~~~~
vendor/picotls/lib/picotls.c:5356:9: warning: comparison of integers of different signs: 'size_t' (aka 'unsigned long') and 'int' [-Wsign-compare]
 5356 |         export_tls_params(output, tls->is_server, tls->is_psk_handshake, PTLS_PROTOCOL_VERSION_TLS13, tls->cipher_suite,
      |         ^~~~~~~~~~~~~~~~~~~~~~~~~~~~~~~~~~~~~~~~~~~~~~~~~~~~~~~~~~~~~~~~~~~~~~~~~~~~~~~~~~~~~~~~~~~~~~~~~~~~~~~~~~~~~~~~
 5357 |                           tls->client_random, tls->server_name, negotiated_protocol, {
      |                           ~~~~~~~~~~~~~~~~~~~~~~~~~~~~~~~~~~~~~~~~~~~~~~~~~~~~~~~~~~~~
 5358 |                               ptls_buffer_pushv(output, tls->traffic_protection.enc.secret, tls->cipher_suite->hash->digest_size);
      |                               ~~~~~~~~~~~~~~~~~~~~~~~~~~~~~~~~~~~~~~~~~~~~~~~~~~~~~~~~~~~~~~~~~~~~~~~~~~~~~~~~~~~~~~~~~~~~~~~~~~~~
 5359 |                               ptls_buffer_push64(output, tls->traffic_protection.enc.seq);
      |                               ~~~~~~~~~~~~~~~~~~~~~~~~~~~~~~~~~~~~~~~~~~~~~~~~~~~~~~~~~~~~
 5360 |                               ptls_buffer_pushv(output, tls->traffic_protection.dec.secret, tls->cipher_suite->hash->digest_size);
      |                               ~~~~~~~~~~~~~~~~~~~~~~~~~~~~~~~~~~~~~~~~~~~~~~~~~~~~~~~~~~~~~~~~~~~~~~~~~~~~~~~~~~~~~~~~~~~~~~~~~~~~
 5361 |                               ptls_buffer_push64(output, tls->traffic_protection.dec.seq);
      |                               ~~~~~~~~~~~~~~~~~~~~~~~~~~~~~~~~~~~~~~~~~~~~~~~~~~~~~~~~~~~~
 5362 |                           });
      |                           ~~
vendor/picotls/lib/picotls.c:5273:13: note: expanded from macro 'export_tls_params'
 5273 |             ptls_buffer_push_block((output), 2,                                                                                    \
      |             ^~~~~~~~~~~~~~~~~~~~~~~~~~~~~~~~~~~~~~~~~~~~~~~~~~~~~~~~~~~~~~~~~~~~~~~~~~~~~~~~~~~~~~~~~~~~~~~~~~~~~~~~~~~~~~~~~~~~~~~~
 5274 |                                    { ptls_buffer_pushv((output), _negotiated_protocol.base, _negotiated_protocol.len); });         \
      |                                    ~~~~~~~~~~~~~~~~~~~~~~~~~~~~~~~~~~~~~~~~~~~~~~~~~~~~~~~~~~~~~~~~~~~~~~~~~~~~~~~~~~~~~~
vendor/picotls/include/picotls.h:1293:22: note: expanded from macro 'ptls_buffer_push_block'
 1293 |         if (capacity != -1) {                                                                                                      \
      |             ~~~~~~~~ ^  ~~
vendor/picotls/include/picotls.h:1290:13: note: expanded from macro 'ptls_buffer_push_block'
 1290 |             block                                                                                                                  \
      |             ^~~~~
vendor/picotls/lib/picotls.c:5356:9: warning: comparison of integers of different signs: 'size_t' (aka 'unsigned long') and 'int' [-Wsign-compare]
 5356 |         export_tls_params(output, tls->is_server, tls->is_psk_handshake, PTLS_PROTOCOL_VERSION_TLS13, tls->cipher_suite,
      |         ^~~~~~~~~~~~~~~~~~~~~~~~~~~~~~~~~~~~~~~~~~~~~~~~~~~~~~~~~~~~~~~~~~~~~~~~~~~~~~~~~~~~~~~~~~~~~~~~~~~~~~~~~~~~~~~~
 5357 |                           tls->client_random, tls->server_name, negotiated_protocol, {
      |                           ~~~~~~~~~~~~~~~~~~~~~~~~~~~~~~~~~~~~~~~~~~~~~~~~~~~~~~~~~~~~
 5358 |                               ptls_buffer_pushv(output, tls->traffic_protection.enc.secret, tls->cipher_suite->hash->digest_size);
      |                               ~~~~~~~~~~~~~~~~~~~~~~~~~~~~~~~~~~~~~~~~~~~~~~~~~~~~~~~~~~~~~~~~~~~~~~~~~~~~~~~~~~~~~~~~~~~~~~~~~~~~
 5359 |                               ptls_buffer_push64(output, tls->traffic_protection.enc.seq);
      |                               ~~~~~~~~~~~~~~~~~~~~~~~~~~~~~~~~~~~~~~~~~~~~~~~~~~~~~~~~~~~~
 5360 |                               ptls_buffer_pushv(output, tls->traffic_protection.dec.secret, tls->cipher_suite->hash->digest_size);
      |                               ~~~~~~~~~~~~~~~~~~~~~~~~~~~~~~~~~~~~~~~~~~~~~~~~~~~~~~~~~~~~~~~~~~~~~~~~~~~~~~~~~~~~~~~~~~~~~~~~~~~~
 5361 |                               ptls_buffer_push64(output, tls->traffic_protection.dec.seq);
      |                               ~~~~~~~~~~~~~~~~~~~~~~~~~~~~~~~~~~~~~~~~~~~~~~~~~~~~~~~~~~~~
 5362 |                           });
      |                           ~~
vendor/picotls/lib/picotls.c:5275:13: note: expanded from macro 'export_tls_params'
 5275 |             ptls_buffer_push_block((output), 2, {ver_block}); /* version-specific block */                                         \
      |             ^~~~~~~~~~~~~~~~~~~~~~~~~~~~~~~~~~~~~~~~~~~~~~~~
vendor/picotls/include/picotls.h:1287:72: note: expanded from macro 'ptls_buffer_push_block'
 1287 |         ptls_buffer_pushv((buf), (uint8_t *)"\0\0\0\0\0\0\0", capacity != -1 ? capacity : 1);                                      \
      |                                                               ~~~~~~~~ ^  ~~
vendor/picotls/include/picotls.h:1241:57: note: expanded from macro 'ptls_buffer_pushv'
 1241 |         if ((ret = ptls_buffer__do_pushv((buf), (src), (len))) != 0)                                                               \
      |                                                         ^~~
vendor/picotls/include/picotls.h:1290:13: note: expanded from macro 'ptls_buffer_push_block'
 1290 |             block                                                                                                                  \
      |             ^~~~~
vendor/picotls/lib/picotls.c:5356:9: warning: comparison of integers of different signs: 'size_t' (aka 'unsigned long') and 'int' [-Wsign-compare]
 5356 |         export_tls_params(output, tls->is_server, tls->is_psk_handshake, PTLS_PROTOCOL_VERSION_TLS13, tls->cipher_suite,
      |         ^~~~~~~~~~~~~~~~~~~~~~~~~~~~~~~~~~~~~~~~~~~~~~~~~~~~~~~~~~~~~~~~~~~~~~~~~~~~~~~~~~~~~~~~~~~~~~~~~~~~~~~~~~~~~~~~
 5357 |                           tls->client_random, tls->server_name, negotiated_protocol, {
      |                           ~~~~~~~~~~~~~~~~~~~~~~~~~~~~~~~~~~~~~~~~~~~~~~~~~~~~~~~~~~~~
 5358 |                               ptls_buffer_pushv(output, tls->traffic_protection.enc.secret, tls->cipher_suite->hash->digest_size);
      |                               ~~~~~~~~~~~~~~~~~~~~~~~~~~~~~~~~~~~~~~~~~~~~~~~~~~~~~~~~~~~~~~~~~~~~~~~~~~~~~~~~~~~~~~~~~~~~~~~~~~~~
 5359 |                               ptls_buffer_push64(output, tls->traffic_protection.enc.seq);
      |                               ~~~~~~~~~~~~~~~~~~~~~~~~~~~~~~~~~~~~~~~~~~~~~~~~~~~~~~~~~~~~
 5360 |                               ptls_buffer_pushv(output, tls->traffic_protection.dec.secret, tls->cipher_suite->hash->digest_size);
      |                               ~~~~~~~~~~~~~~~~~~~~~~~~~~~~~~~~~~~~~~~~~~~~~~~~~~~~~~~~~~~~~~~~~~~~~~~~~~~~~~~~~~~~~~~~~~~~~~~~~~~~
 5361 |                               ptls_buffer_push64(output, tls->traffic_protection.dec.seq);
      |                               ~~~~~~~~~~~~~~~~~~~~~~~~~~~~~~~~~~~~~~~~~~~~~~~~~~~~~~~~~~~~
 5362 |                           });
      |                           ~~
vendor/picotls/lib/picotls.c:5275:13: note: expanded from macro 'export_tls_params'
 5275 |             ptls_buffer_push_block((output), 2, {ver_block}); /* version-specific block */                                         \
      |             ^~~~~~~~~~~~~~~~~~~~~~~~~~~~~~~~~~~~~~~~~~~~~~~~
vendor/picotls/include/picotls.h:1293:22: note: expanded from macro 'ptls_buffer_push_block'
 1293 |         if (capacity != -1) {                                                                                                      \
      |             ~~~~~~~~ ^  ~~
vendor/picotls/include/picotls.h:1290:13: note: expanded from macro 'ptls_buffer_push_block'
 1290 |             block                                                                                                                  \
      |             ^~~~~
vendor/picotls/lib/picotls.c:5356:9: warning: comparison of integers of different signs: 'size_t' (aka 'unsigned long') and 'int' [-Wsign-compare]
 5356 |         export_tls_params(output, tls->is_server, tls->is_psk_handshake, PTLS_PROTOCOL_VERSION_TLS13, tls->cipher_suite,
      |         ^~~~~~~~~~~~~~~~~~~~~~~~~~~~~~~~~~~~~~~~~~~~~~~~~~~~~~~~~~~~~~~~~~~~~~~~~~~~~~~~~~~~~~~~~~~~~~~~~~~~~~~~~~~~~~~~
 5357 |                           tls->client_random, tls->server_name, negotiated_protocol, {
      |                           ~~~~~~~~~~~~~~~~~~~~~~~~~~~~~~~~~~~~~~~~~~~~~~~~~~~~~~~~~~~~
 5358 |                               ptls_buffer_pushv(output, tls->traffic_protection.enc.secret, tls->cipher_suite->hash->digest_size);
      |                               ~~~~~~~~~~~~~~~~~~~~~~~~~~~~~~~~~~~~~~~~~~~~~~~~~~~~~~~~~~~~~~~~~~~~~~~~~~~~~~~~~~~~~~~~~~~~~~~~~~~~
 5359 |                               ptls_buffer_push64(output, tls->traffic_protection.enc.seq);
      |                               ~~~~~~~~~~~~~~~~~~~~~~~~~~~~~~~~~~~~~~~~~~~~~~~~~~~~~~~~~~~~
 5360 |                               ptls_buffer_pushv(output, tls->traffic_protection.dec.secret, tls->cipher_suite->hash->digest_size);
      |                               ~~~~~~~~~~~~~~~~~~~~~~~~~~~~~~~~~~~~~~~~~~~~~~~~~~~~~~~~~~~~~~~~~~~~~~~~~~~~~~~~~~~~~~~~~~~~~~~~~~~~
 5361 |                               ptls_buffer_push64(output, tls->traffic_protection.dec.seq);
      |                               ~~~~~~~~~~~~~~~~~~~~~~~~~~~~~~~~~~~~~~~~~~~~~~~~~~~~~~~~~~~~
 5362 |                           });
      |                           ~~
vendor/picotls/lib/picotls.c:5276:13: note: expanded from macro 'export_tls_params'
 5276 |             ptls_buffer_push_block((output), 2, {});          /* for future extensions */                                          \
      |             ^~~~~~~~~~~~~~~~~~~~~~~~~~~~~~~~~~~~~~~
vendor/picotls/include/picotls.h:1287:72: note: expanded from macro 'ptls_buffer_push_block'
 1287 |         ptls_buffer_pushv((buf), (uint8_t *)"\0\0\0\0\0\0\0", capacity != -1 ? capacity : 1);                                      \
      |                                                               ~~~~~~~~ ^  ~~
vendor/picotls/include/picotls.h:1241:57: note: expanded from macro 'ptls_buffer_pushv'
 1241 |         if ((ret = ptls_buffer__do_pushv((buf), (src), (len))) != 0)                                                               \
      |                                                         ^~~
vendor/picotls/include/picotls.h:1290:13: note: expanded from macro 'ptls_buffer_push_block'
 1290 |             block                                                                                                                  \
      |             ^~~~~
vendor/picotls/lib/picotls.c:5356:9: warning: comparison of integers of different signs: 'size_t' (aka 'unsigned long') and 'int' [-Wsign-compare]
 5356 |         export_tls_params(output, tls->is_server, tls->is_psk_handshake, PTLS_PROTOCOL_VERSION_TLS13, tls->cipher_suite,
      |         ^~~~~~~~~~~~~~~~~~~~~~~~~~~~~~~~~~~~~~~~~~~~~~~~~~~~~~~~~~~~~~~~~~~~~~~~~~~~~~~~~~~~~~~~~~~~~~~~~~~~~~~~~~~~~~~~
 5357 |                           tls->client_random, tls->server_name, negotiated_protocol, {
      |                           ~~~~~~~~~~~~~~~~~~~~~~~~~~~~~~~~~~~~~~~~~~~~~~~~~~~~~~~~~~~~
 5358 |                               ptls_buffer_pushv(output, tls->traffic_protection.enc.secret, tls->cipher_suite->hash->digest_size);
      |                               ~~~~~~~~~~~~~~~~~~~~~~~~~~~~~~~~~~~~~~~~~~~~~~~~~~~~~~~~~~~~~~~~~~~~~~~~~~~~~~~~~~~~~~~~~~~~~~~~~~~~
 5359 |                               ptls_buffer_push64(output, tls->traffic_protection.enc.seq);
      |                               ~~~~~~~~~~~~~~~~~~~~~~~~~~~~~~~~~~~~~~~~~~~~~~~~~~~~~~~~~~~~
 5360 |                               ptls_buffer_pushv(output, tls->traffic_protection.dec.secret, tls->cipher_suite->hash->digest_size);
      |                               ~~~~~~~~~~~~~~~~~~~~~~~~~~~~~~~~~~~~~~~~~~~~~~~~~~~~~~~~~~~~~~~~~~~~~~~~~~~~~~~~~~~~~~~~~~~~~~~~~~~~
 5361 |                               ptls_buffer_push64(output, tls->traffic_protection.dec.seq);
      |                               ~~~~~~~~~~~~~~~~~~~~~~~~~~~~~~~~~~~~~~~~~~~~~~~~~~~~~~~~~~~~
 5362 |                           });
      |                           ~~
vendor/picotls/lib/picotls.c:5276:13: note: expanded from macro 'export_tls_params'
 5276 |             ptls_buffer_push_block((output), 2, {});          /* for future extensions */                                          \
      |             ^~~~~~~~~~~~~~~~~~~~~~~~~~~~~~~~~~~~~~~
vendor/picotls/include/picotls.h:1293:22: note: expanded from macro 'ptls_buffer_push_block'
 1293 |         if (capacity != -1) {                                                                                                      \
      |             ~~~~~~~~ ^  ~~
vendor/picotls/include/picotls.h:1290:13: note: expanded from macro 'ptls_buffer_push_block'
 1290 |             block                                                                                                                  \
      |             ^~~~~
vendor/picotls/lib/picotls.c:5356:9: warning: comparison of integers of different signs: 'size_t' (aka 'unsigned long') and 'int' [-Wsign-compare]
 5356 |         export_tls_params(output, tls->is_server, tls->is_psk_handshake, PTLS_PROTOCOL_VERSION_TLS13, tls->cipher_suite,
      |         ^~~~~~~~~~~~~~~~~~~~~~~~~~~~~~~~~~~~~~~~~~~~~~~~~~~~~~~~~~~~~~~~~~~~~~~~~~~~~~~~~~~~~~~~~~~~~~~~~~~~~~~~~~~~~~~~
 5357 |                           tls->client_random, tls->server_name, negotiated_protocol, {
      |                           ~~~~~~~~~~~~~~~~~~~~~~~~~~~~~~~~~~~~~~~~~~~~~~~~~~~~~~~~~~~~
 5358 |                               ptls_buffer_pushv(output, tls->traffic_protection.enc.secret, tls->cipher_suite->hash->digest_size);
      |                               ~~~~~~~~~~~~~~~~~~~~~~~~~~~~~~~~~~~~~~~~~~~~~~~~~~~~~~~~~~~~~~~~~~~~~~~~~~~~~~~~~~~~~~~~~~~~~~~~~~~~
 5359 |                               ptls_buffer_push64(output, tls->traffic_protection.enc.seq);
      |                               ~~~~~~~~~~~~~~~~~~~~~~~~~~~~~~~~~~~~~~~~~~~~~~~~~~~~~~~~~~~~
 5360 |                               ptls_buffer_pushv(output, tls->traffic_protection.dec.secret, tls->cipher_suite->hash->digest_size);
      |                               ~~~~~~~~~~~~~~~~~~~~~~~~~~~~~~~~~~~~~~~~~~~~~~~~~~~~~~~~~~~~~~~~~~~~~~~~~~~~~~~~~~~~~~~~~~~~~~~~~~~~
 5361 |                               ptls_buffer_push64(output, tls->traffic_protection.dec.seq);
      |                               ~~~~~~~~~~~~~~~~~~~~~~~~~~~~~~~~~~~~~~~~~~~~~~~~~~~~~~~~~~~~
 5362 |                           });
      |                           ~~
vendor/picotls/lib/picotls.c:5263:9: note: expanded from macro 'export_tls_params'
 5263 |         ptls_buffer_push_block((output), 2, {                                                                                      \
      |         ^~~~~~~~~~~~~~~~~~~~~~~~~~~~~~~~~~~~~~~~~~~~~~~~~~~~~~~~~~~~~~~~~~~~~~~~~~~~~~~~~~~~~~~~~~~~~~~~~~~~~~~~~~~~~~~~~~~~~~~~~~~~
 5264 |             ptls_buffer_push((output), (is_server));                                                                               \
      |             ~~~~~~~~~~~~~~~~~~~~~~~~~~~~~~~~~~~~~~~~~~~~~~~~~~~~~~~~~~~~~~~~~~~~~~~~~~~~~~~~~~~~~~~~~~~~~~~~~~~~~~~~~~~~~~~~~~~~~~~~
 5265 |             ptls_buffer_push((output), (session_reused));                                                                          \
      |             ~~~~~~~~~~~~~~~~~~~~~~~~~~~~~~~~~~~~~~~~~~~~~~~~~~~~~~~~~~~~~~~~~~~~~~~~~~~~~~~~~~~~~~~~~~~~~~~~~~~~~~~~~~~~~~~~~~~~~~~~
 5266 |             ptls_buffer_push16((output), (protocol_version));                                                                      \
      |             ~~~~~~~~~~~~~~~~~~~~~~~~~~~~~~~~~~~~~~~~~~~~~~~~~~~~~~~~~~~~~~~~~~~~~~~~~~~~~~~~~~~~~~~~~~~~~~~~~~~~~~~~~~~~~~~~~~~~~~~~
 5267 |             ptls_buffer_push16((output), (cipher)->id);                                                                            \
      |             ~~~~~~~~~~~~~~~~~~~~~~~~~~~~~~~~~~~~~~~~~~~~~~~~~~~~~~~~~~~~~~~~~~~~~~~~~~~~~~~~~~~~~~~~~~~~~~~~~~~~~~~~~~~~~~~~~~~~~~~~
 5268 |             ptls_buffer_pushv((output), (client_random), PTLS_HELLO_RANDOM_SIZE);                                                  \
      |             ~~~~~~~~~~~~~~~~~~~~~~~~~~~~~~~~~~~~~~~~~~~~~~~~~~~~~~~~~~~~~~~~~~~~~~~~~~~~~~~~~~~~~~~~~~~~~~~~~~~~~~~~~~~~~~~~~~~~~~~~
 5269 |             ptls_buffer_push_block((output), 2, {                                                                                  \
      |             ~~~~~~~~~~~~~~~~~~~~~~~~~~~~~~~~~~~~~~~~~~~~~~~~~~~~~~~~~~~~~~~~~~~~~~~~~~~~~~~~~~~~~~~~~~~~~~~~~~~~~~~~~~~~~~~~~~~~~~~~
 5270 |                 size_t len = _server_name != NULL ? strlen(_server_name) : 0;                                                      \
      |                 ~~~~~~~~~~~~~~~~~~~~~~~~~~~~~~~~~~~~~~~~~~~~~~~~~~~~~~~~~~~~~~~~~~~~~~~~~~~~~~~~~~~~~~~~~~~~~~~~~~~~~~~~~~~~~~~~~~~~
 5271 |                 ptls_buffer_pushv((output), _server_name, len);                                                                    \
      |                 ~~~~~~~~~~~~~~~~~~~~~~~~~~~~~~~~~~~~~~~~~~~~~~~~~~~~~~~~~~~~~~~~~~~~~~~~~~~~~~~~~~~~~~~~~~~~~~~~~~~~~~~~~~~~~~~~~~~~
 5272 |             });                                                                                                                    \
      |             ~~~~~~~~~~~~~~~~~~~~~~~~~~~~~~~~~~~~~~~~~~~~~~~~~~~~~~~~~~~~~~~~~~~~~~~~~~~~~~~~~~~~~~~~~~~~~~~~~~~~~~~~~~~~~~~~~~~~~~~~
 5273 |             ptls_buffer_push_block((output), 2,                                                                                    \
      |             ~~~~~~~~~~~~~~~~~~~~~~~~~~~~~~~~~~~~~~~~~~~~~~~~~~~~~~~~~~~~~~~~~~~~~~~~~~~~~~~~~~~~~~~~~~~~~~~~~~~~~~~~~~~~~~~~~~~~~~~~
 5274 |                                    { ptls_buffer_pushv((output), _negotiated_protocol.base, _negotiated_protocol.len); });         \
      |                                    ~~~~~~~~~~~~~~~~~~~~~~~~~~~~~~~~~~~~~~~~~~~~~~~~~~~~~~~~~~~~~~~~~~~~~~~~~~~~~~~~~~~~~~~~~~~~~~~~~
 5275 |             ptls_buffer_push_block((output), 2, {ver_block}); /* version-specific block */                                         \
      |             ~~~~~~~~~~~~~~~~~~~~~~~~~~~~~~~~~~~~~~~~~~~~~~~~~~~~~~~~~~~~~~~~~~~~~~~~~~~~~~~~~~~~~~~~~~~~~~~~~~~~~~~~~~~~~~~~~~~~~~~~
 5276 |             ptls_buffer_push_block((output), 2, {});          /* for future extensions */                                          \
      |             ~~~~~~~~~~~~~~~~~~~~~~~~~~~~~~~~~~~~~~~~~~~~~~~~~~~~~~~~~~~~~~~~~~~~~~~~~~~~~~~~~~~~~~~~~~~~~~~~~~~~~~~~~~~~~~~~~~~~~~~~
 5277 |         });                                                                                                                        \
      |         ~~
vendor/picotls/include/picotls.h:1293:22: note: expanded from macro 'ptls_buffer_push_block'
 1293 |         if (capacity != -1) {                                                                                                      \
      |             ~~~~~~~~ ^  ~~
vendor/picotls/lib/picotls.c:5430:5: warning: comparison of integers of different signs: 'size_t' (aka 'unsigned long') and 'int' [-Wsign-compare]
 5430 |     ptls_decode_block(src, end, 2, {
      |     ^~~~~~~~~~~~~~~~~~~~~~~~~~~~~~~~
 5431 |         /* instantiate, based on the is_server flag */
      |         ~~~~~~~~~~~~~~~~~~~~~~~~~~~~~~~~~~~~~~~~~~~~~~
 5432 |         if (end - src < 2) {
      |         ~~~~~~~~~~~~~~~~~~~~
 5433 |             ret = PTLS_ALERT_DECODE_ERROR;
      |             ~~~~~~~~~~~~~~~~~~~~~~~~~~~~~~
 5434 |             goto Exit;
      |             ~~~~~~~~~~
 5435 |         }
      |         ~
 5436 |         if ((*tls = new_instance(ctx, *src++)) == NULL) {
      |         ~~~~~~~~~~~~~~~~~~~~~~~~~~~~~~~~~~~~~~~~~~~~~~~~~
 5437 |             ret = PTLS_ERROR_NO_MEMORY;
      |             ~~~~~~~~~~~~~~~~~~~~~~~~~~~
 5438 |             goto Exit;
      |             ~~~~~~~~~~
 5439 |         }
      |         ~
 5440 |         (*tls)->is_psk_handshake = *src++;
      |         ~~~~~~~~~~~~~~~~~~~~~~~~~~~~~~~~~~
 5441 |         /* determine protocol version and cipher suite */
      |         ~~~~~~~~~~~~~~~~~~~~~~~~~~~~~~~~~~~~~~~~~~~~~~~~~
 5442 |         if ((ret = ptls_decode16(&protocol_version, &src, end)) != 0)
      |         ~~~~~~~~~~~~~~~~~~~~~~~~~~~~~~~~~~~~~~~~~~~~~~~~~~~~~~~~~~~~~
 5443 |             goto Exit;
      |             ~~~~~~~~~~
 5444 |         if ((ret = ptls_decode16(&csid, &src, end)) != 0)
      |         ~~~~~~~~~~~~~~~~~~~~~~~~~~~~~~~~~~~~~~~~~~~~~~~~~
 5445 |             goto Exit;
      |             ~~~~~~~~~~
vendor/picotls/include/picotls.h:1406:9: note: expanded from macro 'ptls_decode_block'
 1406 |         ptls_decode_open_block((src), end, capacity, block);                                                                       \
      |         ^~~~~~~~~~~~~~~~~~~~~~~~~~~~~~~~~~~~~~~~~~~~~~~~~~~
vendor/picotls/include/picotls.h:1360:23: note: expanded from macro 'ptls_decode_open_block'
 1360 |         if (_capacity == -1) {                                                                                                     \
      |             ~~~~~~~~~ ^  ~~
vendor/picotls/lib/picotls.c:5453:9: warning: comparison of integers of different signs: 'size_t' (aka 'unsigned long') and 'int' [-Wsign-compare]
 5453 |         ptls_decode_open_block(src, end, 2, {
      |         ^~~~~~~~~~~~~~~~~~~~~~~~~~~~~~~~~~~~~
 5454 |             if (src != end) {
      |             ~~~~~~~~~~~~~~~~~
 5455 |                 if ((ret = ptls_set_server_name(*tls, (const char *)src, end - src)) != 0)
      |                 ~~~~~~~~~~~~~~~~~~~~~~~~~~~~~~~~~~~~~~~~~~~~~~~~~~~~~~~~~~~~~~~~~~~~~~~~~~
 5456 |                     goto Exit;
      |                     ~~~~~~~~~~
 5457 |                 src = end;
      |                 ~~~~~~~~~~
 5458 |             }
      |             ~
 5459 |         });
      |         ~~
vendor/picotls/include/picotls.h:1360:23: note: expanded from macro 'ptls_decode_open_block'
 1360 |         if (_capacity == -1) {                                                                                                     \
      |             ~~~~~~~~~ ^  ~~
vendor/picotls/include/picotls.h:1406:54: note: expanded from macro 'ptls_decode_block'
 1406 |         ptls_decode_open_block((src), end, capacity, block);                                                                       \
      |                                                      ^~~~~
vendor/picotls/include/picotls.h:1387:17: note: expanded from macro 'ptls_decode_open_block'
 1387 |                 block                                                                                                              \
      |                 ^~~~~
vendor/picotls/lib/picotls.c:5460:9: warning: comparison of integers of different signs: 'size_t' (aka 'unsigned long') and 'int' [-Wsign-compare]
 5460 |         ptls_decode_open_block(src, end, 2, {
      |         ^~~~~~~~~~~~~~~~~~~~~~~~~~~~~~~~~~~~~
 5461 |             if (src != end) {
      |             ~~~~~~~~~~~~~~~~~
 5462 |                 if ((ret = ptls_set_negotiated_protocol(*tls, (const char *)src, end - src)) != 0)
      |                 ~~~~~~~~~~~~~~~~~~~~~~~~~~~~~~~~~~~~~~~~~~~~~~~~~~~~~~~~~~~~~~~~~~~~~~~~~~~~~~~~~~
 5463 |                     goto Exit;
      |                     ~~~~~~~~~~
 5464 |                 src = end;
      |                 ~~~~~~~~~~
 5465 |             }
      |             ~
 5466 |         });
      |         ~~
vendor/picotls/include/picotls.h:1360:23: note: expanded from macro 'ptls_decode_open_block'
 1360 |         if (_capacity == -1) {                                                                                                     \
      |             ~~~~~~~~~ ^  ~~
vendor/picotls/include/picotls.h:1406:54: note: expanded from macro 'ptls_decode_block'
 1406 |         ptls_decode_open_block((src), end, capacity, block);                                                                       \
      |                                                      ^~~~~
vendor/picotls/include/picotls.h:1387:17: note: expanded from macro 'ptls_decode_open_block'
 1387 |                 block                                                                                                              \
      |                 ^~~~~
vendor/picotls/lib/picotls.c:5468:9: warning: comparison of integers of different signs: 'size_t' (aka 'unsigned long') and 'int' [-Wsign-compare]
 5468 |         ptls_decode_open_block(src, end, 2, {
      |         ^~~~~~~~~~~~~~~~~~~~~~~~~~~~~~~~~~~~~
 5469 |             switch (protocol_version) {
      |             ~~~~~~~~~~~~~~~~~~~~~~~~~~~
 5470 |             case PTLS_PROTOCOL_VERSION_TLS12:
      |             ~~~~~~~~~~~~~~~~~~~~~~~~~~~~~~~~~
 5471 |                 (*tls)->cipher_suite = ptls_find_cipher_suite(ctx->tls12_cipher_suites, csid);
      |                 ~~~~~~~~~~~~~~~~~~~~~~~~~~~~~~~~~~~~~~~~~~~~~~~~~~~~~~~~~~~~~~~~~~~~~~~~~~~~~~
 5472 |                 if ((*tls)->cipher_suite == NULL) {
      |                 ~~~~~~~~~~~~~~~~~~~~~~~~~~~~~~~~~~~
 5473 |                     ret = PTLS_ALERT_HANDSHAKE_FAILURE;
      |                     ~~~~~~~~~~~~~~~~~~~~~~~~~~~~~~~~~~~
 5474 |                     goto Exit;
      |                     ~~~~~~~~~~
 5475 |                 }
      |                 ~
 5476 |                 /* setup AEAD keys */
      |                 ~~~~~~~~~~~~~~~~~~~~~
 5477 |                 if ((ret = import_tls12_traffic_protection(*tls, 1, &src, end)) != 0)
      |                 ~~~~~~~~~~~~~~~~~~~~~~~~~~~~~~~~~~~~~~~~~~~~~~~~~~~~~~~~~~~~~~~~~~~~~
 5478 |                     goto Exit;
      |                     ~~~~~~~~~~
 5479 |                 if ((ret = import_tls12_traffic_protection(*tls, 0, &src, end)) != 0)
      |                 ~~~~~~~~~~~~~~~~~~~~~~~~~~~~~~~~~~~~~~~~~~~~~~~~~~~~~~~~~~~~~~~~~~~~~
 5480 |                     goto Exit;
      |                     ~~~~~~~~~~
 5481 |                 break;
      |                 ~~~~~~
 5482 |             case PTLS_PROTOCOL_VERSION_TLS13:
      |             ~~~~~~~~~~~~~~~~~~~~~~~~~~~~~~~~~
 5483 |                 (*tls)->cipher_suite = ptls_find_cipher_suite(ctx->cipher_suites, csid);
      |                 ~~~~~~~~~~~~~~~~~~~~~~~~~~~~~~~~~~~~~~~~~~~~~~~~~~~~~~~~~~~~~~~~~~~~~~~~
vendor/picotls/include/picotls.h:1360:23: note: expanded from macro 'ptls_decode_open_block'
 1360 |         if (_capacity == -1) {                                                                                                     \
      |             ~~~~~~~~~ ^  ~~
vendor/picotls/include/picotls.h:1406:54: note: expanded from macro 'ptls_decode_block'
 1406 |         ptls_decode_open_block((src), end, capacity, block);                                                                       \
      |                                                      ^~~~~
vendor/picotls/include/picotls.h:1387:17: note: expanded from macro 'ptls_decode_open_block'
 1387 |                 block                                                                                                              \
      |                 ^~~~~
vendor/picotls/lib/picotls.c:5504:9: warning: comparison of integers of different signs: 'size_t' (aka 'unsigned long') and 'int' [-Wsign-compare]
 5504 |         ptls_decode_open_block(src, end, 2, {
      |         ^~~~~~~~~~~~~~~~~~~~~~~~~~~~~~~~~~~~~
 5505 |             src = end; /* unused */
      |             ~~~~~~~~~~~~~~~~~~~~~~~
 5506 |         });
      |         ~~
vendor/picotls/include/picotls.h:1360:23: note: expanded from macro 'ptls_decode_open_block'
 1360 |         if (_capacity == -1) {                                                                                                     \
      |             ~~~~~~~~~ ^  ~~
vendor/picotls/include/picotls.h:1406:54: note: expanded from macro 'ptls_decode_block'
 1406 |         ptls_decode_open_block((src), end, capacity, block);                                                                       \
      |                                                      ^~~~~
vendor/picotls/include/picotls.h:1387:17: note: expanded from macro 'ptls_decode_open_block'
 1387 |                 block                                                                                                              \
      |                 ^~~~~
vendor/picotls/lib/picotls.c:5891:78: warning: comparison of integers of different signs: 'long' and 'size_t' (aka 'unsigned long') [-Wsign-compare]
 5891 |         ret = cb(tls, emitter, ptls_iovec_init(src, mess_len), src_end - src == mess_len, properties);
      |                                                                ~~~~~~~~~~~~~ ^  ~~~~~~~~
vendor/picotls/lib/picotls.c:6081:96: warning: missing field 'rec_start' initializer [-Wmissing-field-initializers]
 6081 |         {sendbuf, &tls->traffic_protection.enc, 5, begin_record_message, commit_record_message}};
      |                                                                                                ^
vendor/picotls/lib/picotls.c:6195:5: warning: comparison of integers of different signs: 'size_t' (aka 'unsigned long') and 'int' [-Wsign-compare]
 6195 |     ptls_push_message(&emitter.super, NULL, PTLS_HANDSHAKE_TYPE_KEY_UPDATE,
      |     ^~~~~~~~~~~~~~~~~~~~~~~~~~~~~~~~~~~~~~~~~~~~~~~~~~~~~~~~~~~~~~~~~~~~~~~
 6196 |                       { ptls_buffer_push(emitter.super.buf, !!request_update); });
      |                       ~~~~~~~~~~~~~~~~~~~~~~~~~~~~~~~~~~~~~~~~~~~~~~~~~~~~~~~~~~~
vendor/picotls/include/picotls.h:1344:9: note: expanded from macro 'ptls_push_message'
 1344 |         ptls_buffer_push_message_body(_emitter->buf, (key_sched), (type), block);                                                  \
      |         ^~~~~~~~~~~~~~~~~~~~~~~~~~~~~~~~~~~~~~~~~~~~~~~~~~~~~~~~~~~~~~~~~~~~~~~~
vendor/picotls/include/picotls.h:1334:9: note: expanded from macro 'ptls_buffer_push_message_body'
 1334 |         ptls_buffer_push_block(_buf, 3, block);                                                                                    \
      |         ^~~~~~~~~~~~~~~~~~~~~~~~~~~~~~~~~~~~~~
vendor/picotls/include/picotls.h:1287:72: note: expanded from macro 'ptls_buffer_push_block'
 1287 |         ptls_buffer_pushv((buf), (uint8_t *)"\0\0\0\0\0\0\0", capacity != -1 ? capacity : 1);                                      \
      |                                                               ~~~~~~~~ ^  ~~
vendor/picotls/include/picotls.h:1241:57: note: expanded from macro 'ptls_buffer_pushv'
 1241 |         if ((ret = ptls_buffer__do_pushv((buf), (src), (len))) != 0)                                                               \
      |                                                         ^~~
vendor/picotls/lib/picotls.c:6195:5: warning: comparison of integers of different signs: 'size_t' (aka 'unsigned long') and 'int' [-Wsign-compare]
 6195 |     ptls_push_message(&emitter.super, NULL, PTLS_HANDSHAKE_TYPE_KEY_UPDATE,
      |     ^~~~~~~~~~~~~~~~~~~~~~~~~~~~~~~~~~~~~~~~~~~~~~~~~~~~~~~~~~~~~~~~~~~~~~~
 6196 |                       { ptls_buffer_push(emitter.super.buf, !!request_update); });
      |                       ~~~~~~~~~~~~~~~~~~~~~~~~~~~~~~~~~~~~~~~~~~~~~~~~~~~~~~~~~~~
vendor/picotls/include/picotls.h:1344:9: note: expanded from macro 'ptls_push_message'
 1344 |         ptls_buffer_push_message_body(_emitter->buf, (key_sched), (type), block);                                                  \
      |         ^~~~~~~~~~~~~~~~~~~~~~~~~~~~~~~~~~~~~~~~~~~~~~~~~~~~~~~~~~~~~~~~~~~~~~~~
vendor/picotls/include/picotls.h:1334:9: note: expanded from macro 'ptls_buffer_push_message_body'
 1334 |         ptls_buffer_push_block(_buf, 3, block);                                                                                    \
      |         ^~~~~~~~~~~~~~~~~~~~~~~~~~~~~~~~~~~~~~
vendor/picotls/include/picotls.h:1293:22: note: expanded from macro 'ptls_buffer_push_block'
 1293 |         if (capacity != -1) {                                                                                                      \
      |             ~~~~~~~~ ^  ~~
vendor/picotls/lib/picotls.c:6254:5: warning: comparison of integers of different signs: 'size_t' (aka 'unsigned long') and 'int' [-Wsign-compare]
 6254 |     buffer_push_record(sendbuf, PTLS_CONTENT_TYPE_ALERT, { ptls_buffer_push(sendbuf, level, description); });
      |     ^~~~~~~~~~~~~~~~~~~~~~~~~~~~~~~~~~~~~~~~~~~~~~~~~~~~~~~~~~~~~~~~~~~~~~~~~~~~~~~~~~~~~~~~~~~~~~~~~~~~~~~~
vendor/picotls/lib/picotls.c:767:9: note: expanded from macro 'buffer_push_record'
  767 |         ptls_buffer_push_block((buf), 2, block);                                                                                   \
      |         ^~~~~~~~~~~~~~~~~~~~~~~~~~~~~~~~~~~~~~~
vendor/picotls/include/picotls.h:1287:72: note: expanded from macro 'ptls_buffer_push_block'
 1287 |         ptls_buffer_pushv((buf), (uint8_t *)"\0\0\0\0\0\0\0", capacity != -1 ? capacity : 1);                                      \
      |                                                               ~~~~~~~~ ^  ~~
vendor/picotls/include/picotls.h:1241:57: note: expanded from macro 'ptls_buffer_pushv'
 1241 |         if ((ret = ptls_buffer__do_pushv((buf), (src), (len))) != 0)                                                               \
      |                                                         ^~~
vendor/picotls/lib/picotls.c:6254:5: warning: comparison of integers of different signs: 'size_t' (aka 'unsigned long') and 'int' [-Wsign-compare]
 6254 |     buffer_push_record(sendbuf, PTLS_CONTENT_TYPE_ALERT, { ptls_buffer_push(sendbuf, level, description); });
      |     ^~~~~~~~~~~~~~~~~~~~~~~~~~~~~~~~~~~~~~~~~~~~~~~~~~~~~~~~~~~~~~~~~~~~~~~~~~~~~~~~~~~~~~~~~~~~~~~~~~~~~~~~
vendor/picotls/lib/picotls.c:767:9: note: expanded from macro 'buffer_push_record'
  767 |         ptls_buffer_push_block((buf), 2, block);                                                                                   \
      |         ^~~~~~~~~~~~~~~~~~~~~~~~~~~~~~~~~~~~~~~
vendor/picotls/include/picotls.h:1293:22: note: expanded from macro 'ptls_buffer_push_block'
 1293 |         if (capacity != -1) {                                                                                                      \
      |             ~~~~~~~~ ^  ~~
vendor/picotls/lib/picotls.c:6375:71: warning: missing field 'clone_' initializer [-Wmissing-field-initializers]
 6375 |     *ctx = (struct st_picotls_hmac_context_t){{hmac_update, hmac_final}, algo};
      |                                                                       ^
vendor/picotls/lib/picotls.c:6375:78: warning: missing field 'hash' initializer [-Wmissing-field-initializers]
 6375 |     *ctx = (struct st_picotls_hmac_context_t){{hmac_update, hmac_final}, algo};
      |                                                                              ^
vendor/picotls/lib/picotls.c:6444:5: warning: comparison of integers of different signs: 'size_t' (aka 'unsigned long') and 'int' [-Wsign-compare]
 6444 |     ptls_buffer_push_block(&hkdf_label, 1, {
      |     ^~~~~~~~~~~~~~~~~~~~~~~~~~~~~~~~~~~~~~~~
 6445 |         if (label_prefix == NULL)
      |         ~~~~~~~~~~~~~~~~~~~~~~~~~
 6446 |             label_prefix = PTLS_HKDF_EXPAND_LABEL_PREFIX;
      |             ~~~~~~~~~~~~~~~~~~~~~~~~~~~~~~~~~~~~~~~~~~~~~
 6447 |         ptls_buffer_pushv(&hkdf_label, label_prefix, strlen(label_prefix));
      |         ~~~~~~~~~~~~~~~~~~~~~~~~~~~~~~~~~~~~~~~~~~~~~~~~~~~~~~~~~~~~~~~~~~~
 6448 |         ptls_buffer_pushv(&hkdf_label, label, strlen(label));
      |         ~~~~~~~~~~~~~~~~~~~~~~~~~~~~~~~~~~~~~~~~~~~~~~~~~~~~~
 6449 |     });
      |     ~~
vendor/picotls/include/picotls.h:1287:72: note: expanded from macro 'ptls_buffer_push_block'
 1287 |         ptls_buffer_pushv((buf), (uint8_t *)"\0\0\0\0\0\0\0", capacity != -1 ? capacity : 1);                                      \
      |                                                               ~~~~~~~~ ^  ~~
vendor/picotls/include/picotls.h:1241:57: note: expanded from macro 'ptls_buffer_pushv'
 1241 |         if ((ret = ptls_buffer__do_pushv((buf), (src), (len))) != 0)                                                               \
      |                                                         ^~~
vendor/picotls/lib/picotls.c:6444:5: warning: comparison of integers of different signs: 'size_t' (aka 'unsigned long') and 'int' [-Wsign-compare]
 6444 |     ptls_buffer_push_block(&hkdf_label, 1, {
      |     ^~~~~~~~~~~~~~~~~~~~~~~~~~~~~~~~~~~~~~~~
 6445 |         if (label_prefix == NULL)
      |         ~~~~~~~~~~~~~~~~~~~~~~~~~
 6446 |             label_prefix = PTLS_HKDF_EXPAND_LABEL_PREFIX;
      |             ~~~~~~~~~~~~~~~~~~~~~~~~~~~~~~~~~~~~~~~~~~~~~
 6447 |         ptls_buffer_pushv(&hkdf_label, label_prefix, strlen(label_prefix));
      |         ~~~~~~~~~~~~~~~~~~~~~~~~~~~~~~~~~~~~~~~~~~~~~~~~~~~~~~~~~~~~~~~~~~~
 6448 |         ptls_buffer_pushv(&hkdf_label, label, strlen(label));
      |         ~~~~~~~~~~~~~~~~~~~~~~~~~~~~~~~~~~~~~~~~~~~~~~~~~~~~~
 6449 |     });
      |     ~~
vendor/picotls/include/picotls.h:1293:22: note: expanded from macro 'ptls_buffer_push_block'
 1293 |         if (capacity != -1) {                                                                                                      \
      |             ~~~~~~~~ ^  ~~
vendor/picotls/lib/picotls.c:6450:5: warning: comparison of integers of different signs: 'size_t' (aka 'unsigned long') and 'int' [-Wsign-compare]
 6450 |     ptls_buffer_push_block(&hkdf_label, 1, { ptls_buffer_pushv(&hkdf_label, hash_value.base, hash_value.len); });
      |     ^~~~~~~~~~~~~~~~~~~~~~~~~~~~~~~~~~~~~~~~~~~~~~~~~~~~~~~~~~~~~~~~~~~~~~~~~~~~~~~~~~~~~~~~~~~~~~~~~~~~~~~~~~~~
vendor/picotls/include/picotls.h:1287:72: note: expanded from macro 'ptls_buffer_push_block'
 1287 |         ptls_buffer_pushv((buf), (uint8_t *)"\0\0\0\0\0\0\0", capacity != -1 ? capacity : 1);                                      \
      |                                                               ~~~~~~~~ ^  ~~
vendor/picotls/include/picotls.h:1241:57: note: expanded from macro 'ptls_buffer_pushv'
 1241 |         if ((ret = ptls_buffer__do_pushv((buf), (src), (len))) != 0)                                                               \
      |                                                         ^~~
vendor/picotls/lib/picotls.c:6450:5: warning: comparison of integers of different signs: 'size_t' (aka 'unsigned long') and 'int' [-Wsign-compare]
 6450 |     ptls_buffer_push_block(&hkdf_label, 1, { ptls_buffer_pushv(&hkdf_label, hash_value.base, hash_value.len); });
      |     ^~~~~~~~~~~~~~~~~~~~~~~~~~~~~~~~~~~~~~~~~~~~~~~~~~~~~~~~~~~~~~~~~~~~~~~~~~~~~~~~~~~~~~~~~~~~~~~~~~~~~~~~~~~~
vendor/picotls/include/picotls.h:1293:22: note: expanded from macro 'ptls_buffer_push_block'
 1293 |         if (capacity != -1) {                                                                                                      \
      |             ~~~~~~~~ ^  ~~
vendor/picotls/lib/picotls.c:6506:40: warning: missing field 'do_dispose' initializer [-Wmissing-field-initializers]
 6506 |     *ctx = (ptls_cipher_context_t){algo};
      |                                        ^
vendor/picotls/lib/picotls.c:6551:38: warning: missing field 'dispose_crypto' initializer [-Wmissing-field-initializers]
 6551 |     *ctx = (ptls_aead_context_t){aead};
      |                                      ^
vendor/picotls/lib/picotls.c:6765:5: warning: comparison of integers of different signs: 'size_t' (aka 'unsigned long') and 'int' [-Wsign-compare]
 6765 |     ptls_buffer_push_block(buf, 2, {
      |     ^~~~~~~~~~~~~~~~~~~~~~~~~~~~~~~~
 6766 |         ptls_buffer_push(buf, config_id);
      |         ~~~~~~~~~~~~~~~~~~~~~~~~~~~~~~~~~
 6767 |         ptls_buffer_push16(buf, kem->id);
      |         ~~~~~~~~~~~~~~~~~~~~~~~~~~~~~~~~~
 6768 |         ptls_buffer_push_block(buf, 2, { ptls_buffer_pushv(buf, public_key.base, public_key.len); });
      |         ~~~~~~~~~~~~~~~~~~~~~~~~~~~~~~~~~~~~~~~~~~~~~~~~~~~~~~~~~~~~~~~~~~~~~~~~~~~~~~~~~~~~~~~~~~~~~
 6769 |         ptls_buffer_push_block(buf, 2, {
      |         ~~~~~~~~~~~~~~~~~~~~~~~~~~~~~~~~
 6770 |             for (size_t i = 0; ciphers[i] != NULL; ++i) {
      |             ~~~~~~~~~~~~~~~~~~~~~~~~~~~~~~~~~~~~~~~~~~~~~
 6771 |                 ptls_buffer_push16(buf, ciphers[i]->id.kdf);
      |                 ~~~~~~~~~~~~~~~~~~~~~~~~~~~~~~~~~~~~~~~~~~~~
 6772 |                 ptls_buffer_push16(buf, ciphers[i]->id.aead);
      |                 ~~~~~~~~~~~~~~~~~~~~~~~~~~~~~~~~~~~~~~~~~~~~~
 6773 |             }
      |             ~
 6774 |         });
      |         ~~~
 6775 |         ptls_buffer_push(buf, max_name_length);
      |         ~~~~~~~~~~~~~~~~~~~~~~~~~~~~~~~~~~~~~~~
 6776 |         ptls_buffer_push_block(buf, 1, { ptls_buffer_pushv(buf, public_name, strlen(public_name)); });
      |         ~~~~~~~~~~~~~~~~~~~~~~~~~~~~~~~~~~~~~~~~~~~~~~~~~~~~~~~~~~~~~~~~~~~~~~~~~~~~~~~~~~~~~~~~~~~~~~
 6777 |         ptls_buffer_push_block(buf, 2, {/* extensions */});
      |         ~~~~~~~~~~~~~~~~~~~~~~~~~~~~~~~~~~~~~~~~~~~~~~~~~~~
 6778 |     });
      |     ~~
vendor/picotls/include/picotls.h:1287:72: note: expanded from macro 'ptls_buffer_push_block'
 1287 |         ptls_buffer_pushv((buf), (uint8_t *)"\0\0\0\0\0\0\0", capacity != -1 ? capacity : 1);                                      \
      |                                                               ~~~~~~~~ ^  ~~
vendor/picotls/include/picotls.h:1241:57: note: expanded from macro 'ptls_buffer_pushv'
 1241 |         if ((ret = ptls_buffer__do_pushv((buf), (src), (len))) != 0)                                                               \
      |                                                         ^~~
vendor/picotls/lib/picotls.c:6768:9: warning: comparison of integers of different signs: 'size_t' (aka 'unsigned long') and 'int' [-Wsign-compare]
 6768 |         ptls_buffer_push_block(buf, 2, { ptls_buffer_pushv(buf, public_key.base, public_key.len); });
      |         ^~~~~~~~~~~~~~~~~~~~~~~~~~~~~~~~~~~~~~~~~~~~~~~~~~~~~~~~~~~~~~~~~~~~~~~~~~~~~~~~~~~~~~~~~~~~
vendor/picotls/include/picotls.h:1287:72: note: expanded from macro 'ptls_buffer_push_block'
 1287 |         ptls_buffer_pushv((buf), (uint8_t *)"\0\0\0\0\0\0\0", capacity != -1 ? capacity : 1);                                      \
      |                                                               ~~~~~~~~ ^  ~~
vendor/picotls/include/picotls.h:1241:57: note: expanded from macro 'ptls_buffer_pushv'
 1241 |         if ((ret = ptls_buffer__do_pushv((buf), (src), (len))) != 0)                                                               \
      |                                                         ^~~
vendor/picotls/include/picotls.h:1290:13: note: expanded from macro 'ptls_buffer_push_block'
 1290 |             block                                                                                                                  \
      |             ^~~~~
vendor/picotls/lib/picotls.c:6768:9: warning: comparison of integers of different signs: 'size_t' (aka 'unsigned long') and 'int' [-Wsign-compare]
 6768 |         ptls_buffer_push_block(buf, 2, { ptls_buffer_pushv(buf, public_key.base, public_key.len); });
      |         ^~~~~~~~~~~~~~~~~~~~~~~~~~~~~~~~~~~~~~~~~~~~~~~~~~~~~~~~~~~~~~~~~~~~~~~~~~~~~~~~~~~~~~~~~~~~
vendor/picotls/include/picotls.h:1293:22: note: expanded from macro 'ptls_buffer_push_block'
 1293 |         if (capacity != -1) {                                                                                                      \
      |             ~~~~~~~~ ^  ~~
vendor/picotls/include/picotls.h:1290:13: note: expanded from macro 'ptls_buffer_push_block'
 1290 |             block                                                                                                                  \
      |             ^~~~~
vendor/picotls/lib/picotls.c:6769:9: warning: comparison of integers of different signs: 'size_t' (aka 'unsigned long') and 'int' [-Wsign-compare]
 6769 |         ptls_buffer_push_block(buf, 2, {
      |         ^~~~~~~~~~~~~~~~~~~~~~~~~~~~~~~~
 6770 |             for (size_t i = 0; ciphers[i] != NULL; ++i) {
      |             ~~~~~~~~~~~~~~~~~~~~~~~~~~~~~~~~~~~~~~~~~~~~~
 6771 |                 ptls_buffer_push16(buf, ciphers[i]->id.kdf);
      |                 ~~~~~~~~~~~~~~~~~~~~~~~~~~~~~~~~~~~~~~~~~~~~
 6772 |                 ptls_buffer_push16(buf, ciphers[i]->id.aead);
      |                 ~~~~~~~~~~~~~~~~~~~~~~~~~~~~~~~~~~~~~~~~~~~~~
 6773 |             }
      |             ~
 6774 |         });
      |         ~~
vendor/picotls/include/picotls.h:1287:72: note: expanded from macro 'ptls_buffer_push_block'
 1287 |         ptls_buffer_pushv((buf), (uint8_t *)"\0\0\0\0\0\0\0", capacity != -1 ? capacity : 1);                                      \
      |                                                               ~~~~~~~~ ^  ~~
vendor/picotls/include/picotls.h:1241:57: note: expanded from macro 'ptls_buffer_pushv'
 1241 |         if ((ret = ptls_buffer__do_pushv((buf), (src), (len))) != 0)                                                               \
      |                                                         ^~~
vendor/picotls/include/picotls.h:1290:13: note: expanded from macro 'ptls_buffer_push_block'
 1290 |             block                                                                                                                  \
      |             ^~~~~
vendor/picotls/lib/picotls.c:6769:9: warning: comparison of integers of different signs: 'size_t' (aka 'unsigned long') and 'int' [-Wsign-compare]
 6769 |         ptls_buffer_push_block(buf, 2, {
      |         ^~~~~~~~~~~~~~~~~~~~~~~~~~~~~~~~
 6770 |             for (size_t i = 0; ciphers[i] != NULL; ++i) {
      |             ~~~~~~~~~~~~~~~~~~~~~~~~~~~~~~~~~~~~~~~~~~~~~
 6771 |                 ptls_buffer_push16(buf, ciphers[i]->id.kdf);
      |                 ~~~~~~~~~~~~~~~~~~~~~~~~~~~~~~~~~~~~~~~~~~~~
 6772 |                 ptls_buffer_push16(buf, ciphers[i]->id.aead);
      |                 ~~~~~~~~~~~~~~~~~~~~~~~~~~~~~~~~~~~~~~~~~~~~~
 6773 |             }
      |             ~
 6774 |         });
      |         ~~
vendor/picotls/include/picotls.h:1293:22: note: expanded from macro 'ptls_buffer_push_block'
 1293 |         if (capacity != -1) {                                                                                                      \
      |             ~~~~~~~~ ^  ~~
vendor/picotls/include/picotls.h:1290:13: note: expanded from macro 'ptls_buffer_push_block'
 1290 |             block                                                                                                                  \
      |             ^~~~~
vendor/picotls/lib/picotls.c:6776:9: warning: comparison of integers of different signs: 'size_t' (aka 'unsigned long') and 'int' [-Wsign-compare]
 6776 |         ptls_buffer_push_block(buf, 1, { ptls_buffer_pushv(buf, public_name, strlen(public_name)); });
      |         ^~~~~~~~~~~~~~~~~~~~~~~~~~~~~~~~~~~~~~~~~~~~~~~~~~~~~~~~~~~~~~~~~~~~~~~~~~~~~~~~~~~~~~~~~~~~~
vendor/picotls/include/picotls.h:1287:72: note: expanded from macro 'ptls_buffer_push_block'
 1287 |         ptls_buffer_pushv((buf), (uint8_t *)"\0\0\0\0\0\0\0", capacity != -1 ? capacity : 1);                                      \
      |                                                               ~~~~~~~~ ^  ~~
vendor/picotls/include/picotls.h:1241:57: note: expanded from macro 'ptls_buffer_pushv'
 1241 |         if ((ret = ptls_buffer__do_pushv((buf), (src), (len))) != 0)                                                               \
      |                                                         ^~~
vendor/picotls/include/picotls.h:1290:13: note: expanded from macro 'ptls_buffer_push_block'
 1290 |             block                                                                                                                  \
      |             ^~~~~
vendor/picotls/lib/picotls.c:6776:9: warning: comparison of integers of different signs: 'size_t' (aka 'unsigned long') and 'int' [-Wsign-compare]
 6776 |         ptls_buffer_push_block(buf, 1, { ptls_buffer_pushv(buf, public_name, strlen(public_name)); });
      |         ^~~~~~~~~~~~~~~~~~~~~~~~~~~~~~~~~~~~~~~~~~~~~~~~~~~~~~~~~~~~~~~~~~~~~~~~~~~~~~~~~~~~~~~~~~~~~
vendor/picotls/include/picotls.h:1293:22: note: expanded from macro 'ptls_buffer_push_block'
 1293 |         if (capacity != -1) {                                                                                                      \
      |             ~~~~~~~~ ^  ~~
vendor/picotls/include/picotls.h:1290:13: note: expanded from macro 'ptls_buffer_push_block'
 1290 |             block                                                                                                                  \
      |             ^~~~~
vendor/picotls/lib/picotls.c:6777:9: warning: comparison of integers of different signs: 'size_t' (aka 'unsigned long') and 'int' [-Wsign-compare]
 6777 |         ptls_buffer_push_block(buf, 2, {/* extensions */});
      |         ^~~~~~~~~~~~~~~~~~~~~~~~~~~~~~~~~~~~~~~~~~~~~~~~~~
vendor/picotls/include/picotls.h:1287:72: note: expanded from macro 'ptls_buffer_push_block'
 1287 |         ptls_buffer_pushv((buf), (uint8_t *)"\0\0\0\0\0\0\0", capacity != -1 ? capacity : 1);                                      \
      |                                                               ~~~~~~~~ ^  ~~
vendor/picotls/include/picotls.h:1241:57: note: expanded from macro 'ptls_buffer_pushv'
 1241 |         if ((ret = ptls_buffer__do_pushv((buf), (src), (len))) != 0)                                                               \
      |                                                         ^~~
vendor/picotls/include/picotls.h:1290:13: note: expanded from macro 'ptls_buffer_push_block'
 1290 |             block                                                                                                                  \
      |             ^~~~~
vendor/picotls/lib/picotls.c:6777:9: warning: comparison of integers of different signs: 'size_t' (aka 'unsigned long') and 'int' [-Wsign-compare]
 6777 |         ptls_buffer_push_block(buf, 2, {/* extensions */});
      |         ^~~~~~~~~~~~~~~~~~~~~~~~~~~~~~~~~~~~~~~~~~~~~~~~~~
vendor/picotls/include/picotls.h:1293:22: note: expanded from macro 'ptls_buffer_push_block'
 1293 |         if (capacity != -1) {                                                                                                      \
      |             ~~~~~~~~ ^  ~~
vendor/picotls/include/picotls.h:1290:13: note: expanded from macro 'ptls_buffer_push_block'
 1290 |             block                                                                                                                  \
      |             ^~~~~
vendor/picotls/lib/picotls.c:6765:5: warning: comparison of integers of different signs: 'size_t' (aka 'unsigned long') and 'int' [-Wsign-compare]
 6765 |     ptls_buffer_push_block(buf, 2, {
      |     ^~~~~~~~~~~~~~~~~~~~~~~~~~~~~~~~
 6766 |         ptls_buffer_push(buf, config_id);
      |         ~~~~~~~~~~~~~~~~~~~~~~~~~~~~~~~~~
 6767 |         ptls_buffer_push16(buf, kem->id);
      |         ~~~~~~~~~~~~~~~~~~~~~~~~~~~~~~~~~
 6768 |         ptls_buffer_push_block(buf, 2, { ptls_buffer_pushv(buf, public_key.base, public_key.len); });
      |         ~~~~~~~~~~~~~~~~~~~~~~~~~~~~~~~~~~~~~~~~~~~~~~~~~~~~~~~~~~~~~~~~~~~~~~~~~~~~~~~~~~~~~~~~~~~~~
 6769 |         ptls_buffer_push_block(buf, 2, {
      |         ~~~~~~~~~~~~~~~~~~~~~~~~~~~~~~~~
 6770 |             for (size_t i = 0; ciphers[i] != NULL; ++i) {
      |             ~~~~~~~~~~~~~~~~~~~~~~~~~~~~~~~~~~~~~~~~~~~~~
 6771 |                 ptls_buffer_push16(buf, ciphers[i]->id.kdf);
      |                 ~~~~~~~~~~~~~~~~~~~~~~~~~~~~~~~~~~~~~~~~~~~~
 6772 |                 ptls_buffer_push16(buf, ciphers[i]->id.aead);
      |                 ~~~~~~~~~~~~~~~~~~~~~~~~~~~~~~~~~~~~~~~~~~~~~
 6773 |             }
      |             ~
 6774 |         });
      |         ~~~
 6775 |         ptls_buffer_push(buf, max_name_length);
      |         ~~~~~~~~~~~~~~~~~~~~~~~~~~~~~~~~~~~~~~~
 6776 |         ptls_buffer_push_block(buf, 1, { ptls_buffer_pushv(buf, public_name, strlen(public_name)); });
      |         ~~~~~~~~~~~~~~~~~~~~~~~~~~~~~~~~~~~~~~~~~~~~~~~~~~~~~~~~~~~~~~~~~~~~~~~~~~~~~~~~~~~~~~~~~~~~~~
 6777 |         ptls_buffer_push_block(buf, 2, {/* extensions */});
      |         ~~~~~~~~~~~~~~~~~~~~~~~~~~~~~~~~~~~~~~~~~~~~~~~~~~~
 6778 |     });
      |     ~~
vendor/picotls/include/picotls.h:1293:22: note: expanded from macro 'ptls_buffer_push_block'
 1293 |         if (capacity != -1) {                                                                                                      \
      |             ~~~~~~~~ ^  ~~
vendor/picotls/lib/picotls.c:7048:14: warning: comparison of integers of different signs: 'int' and 'size_t' (aka 'unsigned long') [-Wsign-compare]
 7048 |     assert(l < logbuf.buf.capacity - logbuf.buf.off && "insufficent capacity");
      |            ~ ^ ~~~~~~~~~~~~~~~~~~~~~~~~~~~~~~~~~~~~
/Library/Developer/CommandLineTools/SDKs/MacOSX.sdk/usr/include/assert.h:72:25: note: expanded from macro 'assert'
   72 |     (__builtin_expect(!(e), 0) ? __assert_rtn(__func__, __ASSERT_FILE_NAME, __LINE__, #e) : (void)0)
      |                         ^
vendor/picotls/lib/picotls.c:7152:35: warning: comparison of integers of different signs: 'int' and 'size_t' (aka 'unsigned long') [-Wsign-compare]
 7152 |     assert(written > 0 && written < logbuf.buf.capacity && "caller MUST provide smallbuf suffient to emit the prefix");
      |                           ~~~~~~~ ^ ~~~~~~~~~~~~~~~~~~~
/Library/Developer/CommandLineTools/SDKs/MacOSX.sdk/usr/include/assert.h:72:25: note: expanded from macro 'assert'
   72 |     (__builtin_expect(!(e), 0) ? __assert_rtn(__func__, __ASSERT_FILE_NAME, __LINE__, #e) : (void)0)
      |                         ^
vendor/picotls/lib/picotls.c:7193:18: warning: comparison of integers of different signs: 'ssize_t' (aka 'long') and 'size_t' (aka 'unsigned long') [-Wsign-compare]
 7193 |         if (wret == logbuf.buf.off) {
      |             ~~~~ ^  ~~~~~~~~~~~~~~
368 warnings generated.
clang -bundle -undefined dynamic_lookup -L/opt/homebrew/opt/readline/lib -L/opt/homebrew/opt/readline/lib -L/Users/joseph.bylund/.pyenv/versions/3.10.12/lib -Wl,-rpath,/Users/joseph.bylund/.pyenv/versions/3.10.12/lib -L/opt/homebrew/opt/bzip2/lib -L/opt/homebrew/opt/graphviz/lib -L/opt/homebrew/opt/lbzip2/lib -L/opt/homebrew/opt/libmemcached/lib -L/opt/homebrew/opt/mysql@5.7/lib -L/opt/homebrew/opt/openssl@1.1/lib -L/opt/homebrew/opt/readline/lib -L/opt/homebrew/opt/snappy/lib -L/opt/homebrew/opt/sqlite/lib -L/opt/homebrew/opt/zlib/lib -L/Library/Developer/CommandLineTools/SDKs/MacOSX.sdk/usr/lib -L/opt/homebrew/opt/zlib/lib -L/opt/homebrew/opt/bzip2/lib -L/opt/homebrew/opt/sqlite/lib -L/opt/homebrew/opt/readline/lib -L/opt/homebrew/opt/openssl@1.1/lib -L/opt/homebrew/opt/snappy/lib -L/opt/homebrew/opt/libmemcached/lib -L/opt/homebrew/opt/mysql@5.7/lib -L/opt/homebrew/opt/zstd/lib -L/Library/Developer/CommandLineTools/SDKs/MacOSX.sdk/usr/lib -L/opt/homebrew/lib -Wl,-rpath,/opt/homebrew/lib -L/Library/Developer/CommandLineTools/SDKs/MacOSX.sdk/usr/lib -L/opt/homebrew/opt/readline/lib -L/opt/homebrew/opt/readline/lib -L/Users/joseph.bylund/.pyenv/versions/3.10.12/lib -Wl,-rpath,/Users/joseph.bylund/.pyenv/versions/3.10.12/lib -L/opt/homebrew/opt/bzip2/lib -L/opt/homebrew/opt/graphviz/lib -L/opt/homebrew/opt/lbzip2/lib -L/opt/homebrew/opt/libmemcached/lib -L/opt/homebrew/opt/mysql@5.7/lib -L/opt/homebrew/opt/openssl@1.1/lib -L/opt/homebrew/opt/readline/lib -L/opt/homebrew/opt/snappy/lib -L/opt/homebrew/opt/sqlite/lib -L/opt/homebrew/opt/zlib/lib -L/Library/Developer/CommandLineTools/SDKs/MacOSX.sdk/usr/lib -L/opt/homebrew/opt/zlib/lib -L/opt/homebrew/opt/bzip2/lib -L/opt/homebrew/opt/sqlite/lib -L/opt/homebrew/opt/readline/lib -L/opt/homebrew/opt/openssl@1.1/lib -L/opt/homebrew/opt/snappy/lib -L/opt/homebrew/opt/libmemcached/lib -L/opt/homebrew/opt/mysql@5.7/lib -L/opt/homebrew/opt/zstd/lib -L/Library/Developer/CommandLineTools/SDKs/MacOSX.sdk/usr/lib -L/opt/homebrew/lib -Wl,-rpath,/opt/homebrew/lib -L/Library/Developer/CommandLineTools/SDKs/MacOSX.sdk/usr/lib -L/opt/homebrew/opt/bzip2/lib -L/opt/homebrew/opt/graphviz/lib -L/opt/homebrew/opt/lbzip2/lib -L/opt/homebrew/opt/libmemcached/lib -L/opt/homebrew/opt/mysql/lib -L/opt/homebrew/opt/openssl@3/lib -L/opt/homebrew/opt/readline/lib -L/opt/homebrew/opt/snappy/lib -L/opt/homebrew/opt/sqlite/lib -L/opt/homebrew/opt/zlib/lib -L/Library/Developer/CommandLineTools/SDKs/MacOSX.sdk/usr/lib -I/opt/homebrew/opt/bzip2/include -I/opt/homebrew/opt/graphviz/include -I/opt/homebrew/opt/lbzip2/include -I/opt/homebrew/opt/libmemcached/include -I/opt/homebrew/opt/mysql/include -I/opt/homebrew/opt/openssl@3/include -I/opt/homebrew/opt/readline/include -I/opt/homebrew/opt/snappy/include -I/opt/homebrew/opt/sqlite/include -I/opt/homebrew/opt/zlib/include -I/Library/Developer/CommandLineTools/SDKs/MacOSX.sdk/usr/include -I/opt/homebrew/opt/bzip2/include -I/opt/homebrew/opt/graphviz/include -I/opt/homebrew/opt/lbzip2/include -I/opt/homebrew/opt/libmemcached/include -I/opt/homebrew/opt/mysql/include -I/opt/homebrew/opt/openssl@3/include -I/opt/homebrew/opt/readline/include -I/opt/homebrew/opt/snappy/include -I/opt/homebrew/opt/sqlite/include -I/opt/homebrew/opt/zlib/include -I/Library/Developer/CommandLineTools/SDKs/MacOSX.sdk/usr/include -I/Library/Developer/CommandLineTools/SDKs/MacOSX.sdk/usr/include -arch arm64 build/temp.macosx-15.1-arm64-cpython-310/freastal/src/asgi.o build/temp.macosx-15.1-arm64-cpython-310/freastal/src/freastalmodule.o build/temp.macosx-15.1-arm64-cpython-310/freastal/src/server.o build/temp.macosx-15.1-arm64-cpython-310/freastal/src/tls.o build/temp.macosx-15.1-arm64-cpython-310/freastal/src/wsgi.o build/temp.macosx-15.1-arm64-cpython-310/vendor/picohttpparser/picohttpparser.o build/temp.macosx-15.1-arm64-cpython-310/vendor/picotls/lib/asn1.o build/temp.macosx-15.1-arm64-cpython-310/vendor/picotls/lib/hpke.o build/temp.macosx-15.1-arm64-cpython-310/vendor/picotls/lib/openssl.o build/temp.macosx-15.1-arm64-cpython-310/vendor/picotls/lib/pembase64.o build/temp.macosx-15.1-arm64-cpython-310/vendor/picotls/lib/picotls.o -L/opt/homebrew/Cellar/libuv/1.52.1/lib -L/opt/homebrew/Cellar/openssl@3/3.6.3/lib -L/Users/joseph.bylund/.pyenv/versions/3.10.12/lib -luv -lpthread -lm -lssl -lcrypto -o build/lib.macosx-15.1-arm64-cpython-310/freastal/_freastal.cpython-310-darwin.so
ld: warning: duplicate -rpath '/Users/joseph.bylund/.pyenv/versions/3.10.12/lib' ignored
ld: warning: duplicate -rpath '/opt/homebrew/lib' ignored
ld: warning: search path '/opt/homebrew/opt/lbzip2/lib' not found
ld: warning: search path '/opt/homebrew/opt/mysql@5.7/lib' not found
ld: warning: search path '/opt/homebrew/opt/openssl@1.1/lib' not found
copying build/lib.macosx-15.1-arm64-cpython-310/freastal/_freastal.cpython-310-darwin.so -> freastal
